provider,product,endpoint_or_file,information_family,issue_level,history_start,history_meets_2010_2017,release_date_recoverable,release_rule,identifiers,float_field,days_to_cover,change_field,revision_flag,split_flag,delisted_preserved,full_cross_section,venue_coverage,access,price_usd,licence,immutability_tested,verdict,evidence
FINRA,Consolidated Short Interest (Data API),api.finra.org /data/group/otcMarket/name/consolidatedShortInterest,SHORT_INTEREST,yes,2017-12-29,NO (one development-window date),yes by rule + official deadline tables (no field in data),published on the 7th business day after settlement,symbolCode only (no CUSIP),no,yes (daysToCoverQuantity),yes (previousShortPositionQuantity + changePreviousNumber + changePercent),yes (revisionFlag),yes (stockSplitFlag),YES - verified TWTR/CELG/RTN on 2017-12-29,yes (record-total 15495 on 2017-12-29),consolidated: NYSE NNM ARCA SC AMEX BZX OTC OTCBB,free REST API no key no registration,0.00,non-commercial use of FINRA Data,NO,FREE_AND_CORRECT_BUT_STARTS_2017-12-29,reports/phase10a/raw/finra_consolidatedShortInterest_metadata_20260922.json
FINRA,Equity Short Interest (OTC only),api.finra.org /data/group/otcMarket/name/equityShortInterest,SHORT_INTEREST,yes,~2018,NO,as above,as above,issueSymbolIdentifier,no,yes (daysToCoverNumber),yes (previousShortShareNumber),no,no,within window,yes,OTC only (Other OTC),free REST API,0.00,non-commercial,NO,OTC_ONLY_NOT_RELEVANT_TO_LISTED_PANEL,reports/phase10a/raw/finra_equityShortInterest_metadata_20260922.json
FINRA,Reg SHO daily short volume,api.finra.org /data/group/otcMarket/name/regShoDaily,SHORT_SALE_VOLUME,yes,long,n/a,n/a,n/a,SIP symbol,no,no,no,no,no,n/a,yes,consolidated,free REST API,0.00,non-commercial,n/a,EXCLUDED_DIFFERENT_INFORMATION_FAMILY,probe 2026-09-22
NYSE,NYSE Group Short Interest (paid issue-level),SFTP / AWS S3 EQY_US_NYSE_REF_SHORTINT_NEW_yyyymmdd,SHORT_INTEREST,yes,1988-01,YES,YES - official calendar maps settlement to NYSE Group Release Date,released 2:00pm ET on the NYSE Group Release Date (~8-12 calendar days after settlement),Stock_Symbol + Standard_Suffix + CUSIP,YES (Free_Float public float at settlement),yes (Current_ and Change_In_Days_To_Cover),YES (Change_In_Short_Interest_Position),yes (Revision_Indicator),yes (Split_Indicator),expected yes (CUSIP carried) - UNVERIFIED,yes,NYSE + NYSE American + NYSE Arca ONLY (no Nasdaq-listed),paid subscription via purchase dashboard / datasales,NOT_PUBLIC (absent from both NYSE pricing guides; flat fee per product per organization enterprise-wide),enterprise market data licence,NO,BEST_STRUCTURE_PRICE_NOT_PUBLIC_NO_NASDAQ_COVERAGE,reports/phase10a/raw/NYSE_Group_Short_Interest_Client_Specification_v1.6.pdf
NYSE,NYSE Group Consolidated Short Interest (free FTP),ftp.nyse.com /NYSEGroupConsolidatedShortInterest/,SHORT_INTEREST_AGGREGATE,NO - 4 market-level rows per file,2015-08,NO,yes (publication date in filename; settlement date in sheet),n/a,exchange name only,no,no,yes (total previous revised),yes (Revised label),no,n/a,NO - aggregate totals only,NYSE + Arca + MKT + NYSE Group,free HTTP directory listing,0.00,NYSE terms,NO,AGGREGATE_ONLY_NOT_A_CROSS_SECTIONAL_SIGNAL,reports/phase10a/raw/nyse_aggregate_short_interest_20150811.xls
NYSE,short-sale volume files,ftp.nyse.com /ShortData/*shvol/,SHORT_SALE_VOLUME,yes,long,n/a,n/a,n/a,symbol,no,no,no,no,no,n/a,yes,per venue,free,0.00,NYSE terms,n/a,EXCLUDED_DIFFERENT_INFORMATION_FAMILY,reports/phase10a/raw/nyse_ftp_root_20260922.html
Nasdaq,Short Interest public query,api.nasdaq.com /api/quote/{sym}/short-interest,SHORT_INTEREST,yes but one symbol per call,rolling 12 months (oldest 2025-09-15),NO,partial - dissemination-date concept stated; publication schedule link 404s,released after 4:00pm ET on the dissemination date,ticker,no,yes,no (level only),no,no,NO - TWTR and BSC return status 400,NO - 24 rows per symbol,Nasdaq-listed,free unauthenticated,0.00,Nasdaq terms,n/a,ROLLING_WINDOW_SURVIVOR_ONLY_UNUSABLE,reports/phase10a/raw/nasdaq_api_short_interest_AAPL_20260922.json
Nasdaq,Short Interest bulk file (paid SFTP),comma-delimited .txt via SFTP subscription,SHORT_INTEREST,yes,month-end available from 2007-09,YES,partial - Report Overview & Publication Schedule link 404s,after 4:00pm ET on dissemination date,ticker,unknown,unknown,unknown,unknown,unknown,unknown,yes,Nasdaq-listed,paid subscription,NOT_PUBLIC,Nasdaq subscriber agreement,NO,PAID_PRICE_NOT_PUBLIC_DOCUMENTATION_LINKS_DEAD,reports/phase10a/raw/nasdaqtrader_short_interest_page_20260922.html
ORTEX,Short Interest estimates,public.ortex.com API / platform,MODELLED_SHORT_INTEREST_ESTIMATE,yes,~2016/2017,NO,n/a - estimate has no official release date,continuous intraday model updates,ticker,yes (SI % of free float),yes,yes,n/a,n/a,unknown,yes via platform/API,US and international,retail subscription,39.00 Basic / 129.00 Advanced (third-party review; vendor tiers did not render - UNVERIFIED),personal use; bulk = talk to sales,NO,NOT_THE_REPORTED_PRINT_MODELLED_ESTIMATE,https://public.ortex.com/
S3 Partners / FactSet / LSEG / Morningstar,securities lending and short analytics,institutional feeds,SHORT_INTEREST_AND_LENDING,yes,long,YES,varies,varies,institutional,yes,yes,yes,yes,yes,yes,yes,broad,institutional sales,QUOTE_ONLY,institutional,n/a,INSTITUTIONAL_ONLY_NOT_RECOMMENDED,audit 2026-09-22
Compustat (via WRDS),Supplemental Short Interest File,WRDS,SHORT_INTEREST,yes,1973-,YES,academic convention uses the mid-month observation with a four-day lag,see OSAP ShortInterest definition,gvkey/permno,shares outstanding available,derivable,derivable,unknown,unknown,yes,yes,US listed,institutional affiliation required,INSTITUTIONAL,academic licence,n/a,ACADEMIC_STANDARD_UNAVAILABLE,reports/phase10a/raw/osap_short_interest_signals_20260922.csv
Chen & Zimmermann (OSAP),published short-interest predictor portfolios,PredictorPortsFull_202510.csv (already on disk),DERIVED_PORTFOLIO_RETURNS,no - portfolio level,1973-02,YES (539 pre-2018 months for ShortInterest),n/a,n/a,none (portfolio level),n/a,n/a,n/a,n/a,n/a,CRSP universe survivorship-free,n/a,US listed,free download already held,0.00,academic citation,n/a,FREE_EXTERNAL_EVIDENCE_ONLY_NOT_A_TRADABLE_PANEL,reports/phase10a/raw/osap_short_interest_portfolio_structure_20260922.json
