code,entry_idx,exit_idx,pnl,notional,event
CVS,6054,6180,0.0037939996,0.05,5509
JPM,6067,6193,0.032639008,0.04974159225821495,1708
BAC,6067,6193,0.046945333,0.04974035173654556,5996
GTXI,6071,6197,-0.0005304925,0.05096134543418884,52240
RF,6072,6198,-0.004046675,0.05062376335263252,53429
SLM,6075,6201,-0.013893995,0.049361906945705414,38378
RCL,6076,6202,0.06252475,0.048681508749723434,25915
ZION,6076,6202,0.008237731,0.04867907613515854,9261
JCI,6077,6203,0.020246066,0.047565966844558716,4746
BSX,6077,6203,0.011140391,0.047564782202243805,26134
GIS,6079,6205,-0.00057153404,0.05139939859509468,3880
WU,6080,6206,0.020980228,0.05105168744921684,59336
LEG,6080,6206,0.01764791,0.05105041339993477,5018
VZ,6080,6206,0.0007277243,0.05104786157608032,14840
CINF,6081,6207,0.0065877065,0.048608195036649704,1847
STLD,6081,6207,0.013168301,0.04860576614737511,37163
KEY,6082,6208,-0.00071114674,0.047845371067523956,7440
ESS,6084,6210,0.01673298,0.04611722752451897,30888
SQNM,6085,6211,-0.033736102,0.045836981385946274,43262
AINV,6086,6212,0.05856645,0.04524434357881546,53272
DFS,6184,6310,0.03185209,0.05386047810316086,61169
BOH,6200,6326,0.011508375,0.06284075230360031,4225
AKAM,6202,6328,0.030117922,0.06415639072656631,44053
ORCL,6202,6328,0.005466968,0.06415478140115738,58003
MFA,6203,6329,7.779896e-05,0.0645294189453125,41024
HSP,6204,6330,0.016441971,0.06479976326227188,52907
COH,6208,6334,0.010565385,0.06488504260778427,46984
DOV,6208,6334,0.016360432,0.06488342583179474,2674
BSX,6209,6335,-0.022002105,0.06488876044750214,26138
BAC,6209,6335,-0.008853912,0.0648871436715126,6004
EIX,6209,6335,0.0033795163,0.06488551199436188,21004
TSN,6209,6335,0.029254563,0.06488389521837234,8243
STR_old,6212,6338,0.018902324,0.06351472437381744,15621
RCL,6214,6340,0.023538955,0.06533943861722946,25919
HOG,6214,6340,0.007153861,0.06533617526292801,17732
FL,6220,6346,0.01490362,0.06562890857458115,22325
SCCO,6226,6352,0.0070783272,0.06599760055541992,34822
RJF,6226,6352,0.015754223,0.0659959465265274,13868
SEAC,6239,6365,-0.0011696815,0.06870049238204956,36849
CHS,6240,6366,0.004048731,0.042280152440071106,27936
SVU,6316,6442,-0.019030116,0.0753655657172203,7715
LEG,6326,6452,0.010518178,0.07308866083621979,5027
KSU,6328,6454,0.015505247,0.0728110522031784,4830
AVY,6329,6455,0.0081301555,0.07118421792984009,949
VZ,6330,6456,0.009677149,0.0713234394788742,14845
PPG,6330,6456,0.015951492,0.07132165879011154,6854
ISIL,6336,6462,-0.020622727,0.07400673627853394,45063
NLY,6337,6463,0.0054056197,0.07409247756004333,39597
SLM,6338,6464,0.005648844,0.07433392107486725,38381
CVS,6339,6465,-0.012588292,0.07522603124380112,5512
WIN,6339,6465,0.007556401,0.0752241462469101,53518
STLD,6341,6467,-0.010767937,0.07442612946033478,37165
CHD,6341,6467,-0.0068572834,0.07442425936460495,9839
SIAL,6341,6467,0.008623451,0.07442054152488708,7345
DTV_old,6343,6469,0.008226924,0.07421185076236725,64615
SPG,6346,6472,0.012473598,0.0764242559671402,42090
TRW,6352,6478,0.027986512,0.07830575853586197,52500
HRB,6355,6481,-0.017515182,0.07892941683530807,1206
PXP,6367,6493,-0.009575553,0.08015521615743637,27051
LDOS,6373,6499,-0.0062470883,0.06155284494161606,57580
GIS,6442,6568,0.0021403097,0.05633544921875,3884
EWBC,6452,6578,0.028525606,0.077557772397995,42495
SPN,6454,6580,0.040837027,0.07731258124113083,26301
WFR_old,6455,6581,0.032324478,0.07708481699228287,33765
TIE,6456,6582,-0.0047123507,0.0783589705824852,35850
TMO,6456,6582,0.017400831,0.07835505157709122,8056
FSLR,6462,6588,0.024038449,0.07624964416027069,52926
OC,6463,6589,0.02352237,0.07672138512134552,59846
LYV,6466,6592,0.019502617,0.0752306655049324,57544
BAC,6467,6593,0.008204378,0.07316036522388458,6009
COV,6467,6593,0.024663448,0.07315853238105774,60835
MBI,6470,6596,0.020809263,0.07354290038347244,20140
TROW,6470,6596,0.03944563,0.07353922724723816,46721
MFA,6470,6596,0.01638735,0.07353738695383072,41033
CVSA,6470,6596,0.030225158,0.07353370636701584,14689
TAP,6473,6599,0.0024854764,0.07442092895507812,2251
AEO,6479,6605,0.01453381,0.07727835327386856,30638
HRB,6482,6608,0.020897321,0.07870982587337494,1208
MON_old,6507,6633,0.014080398,0.08160026371479034,46570
GE,6507,6633,0.02325055,0.08159821480512619,3836
CA_old,6577,6703,-0.0024311058,0.06451733410358429,11207
GNW,6585,6711,-0.05157976,0.09453859180212021,53176
DOV,6588,6714,-0.016186573,0.09594888240098953,2676
FAST,6590,6716,-0.0006708801,0.09673289954662323,20220
ARG,6591,6717,-0.00724525,0.0974191427230835,19037
CHKE,6592,6718,-0.015514031,0.09641407430171967,21869
LO,6593,6719,0.035194024,0.0949399322271347,63367
PHM,6594,6720,-0.0466267,0.09425719082355499,20746
WIN,6594,6720,-0.0019005388,0.09425247460603714,53522
GT,6594,6720,-0.014359102,0.09425012022256851,3977
GLT,6595,6721,0.01640302,0.09469260275363922,3926
MUX,6596,6722,-0.022485852,0.09589457511901855,9862
SHLD_old,6600,6726,-0.029385813,0.09591228514909744,55504
SM,6600,6726,0.0056544766,0.09590749442577362,27202
CHK_old,6603,6729,-0.0033933371,0.09573473781347275,27474
FISV,6605,6731,-0.011238977,0.0939365029335022,18172
CME,6606,6732,-0.012585603,0.09514329582452774,48923
BLL,6610,6736,0.00047358125,0.09537404775619507,1075
MTG,6635,6761,-0.07552479,0.10193659365177155,24243
HAS,6636,6762,-0.022857256,0.10216426849365234,4204
RCL,6703,6829,-0.009777941,0.08400900661945343,25920
ETFC,6711,6837,-0.0074922293,0.042958833277225494,36315
BHC,6714,6840,0.016387075,0.07976230978965759,26041
HL,6716,6842,-0.023007628,0.08163797855377197,13770
ADM,6717,6843,0.01313924,0.07840131223201752,845
APD,6718,6844,0.016870618,0.08009665459394455,102
FOSL,6719,6845,0.043219402,0.07855428010225296,25552
NOC,6720,6846,0.015646376,0.08059211820363998,48103
MDRX,6720,6846,0.017619751,0.08059010654687881,47585
CIT,6721,6847,0.017470315,0.0824500098824501,50062
CAVM,6721,6847,0.024212666,0.08244588226079941,50356
UAL,6722,6848,0.013273403,0.08050185441970825,8257
ALB,6726,6852,0.02518668,0.08736415952444077,30193
ZION,6727,6853,0.010650367,0.08445402979850769,9271
FNFG,6729,6855,-0.0052603036,0.08435841649770737,40473
HRB,6731,6857,0.017459042,0.0841631144285202,1209
OI,6732,6858,0.035914063,0.0819757804274559,19530
PCG,6736,6862,0.005319804,0.08778740465641022,35239
CRUS,6764,6890,0.06767931,0.08618327230215073,16667
SLB,6764,6890,0.007031329,0.0861789658665657,7151
IDCC,6829,6955,-0.028199017,0.09287919849157333,61969
AINV,6839,6965,0.0048720054,0.03798232227563858,53283
CVS,6841,6967,0.0020506606,0.09614938497543335,5516
TCO,6843,6969,0.01389055,0.0977795198559761,26752
XL_old,6844,6970,0.015065178,0.0967731773853302,24063
MMC,6844,6970,0.004010923,0.052585482597351074,5355
DELL_old,6847,6973,-0.033982124,0.0963139459490776,20925
WLT,6848,6974,-0.044295494,0.09692525863647461,21527
IVR,6849,6975,0.025543459,0.097084179520607,63828
BLK,6851,6977,-0.008853808,0.09695768356323242,59305
SPN,6852,6978,-0.030011676,0.09603162109851837,26304
SIAL,6852,6978,-0.0006113276,0.09602921456098557,7348
BHC,6853,6979,0.006649129,0.09418731927871704,26050
ZION,6853,6979,0.0042149425,0.09418260306119919,9273
SOHU,6858,6984,-0.01883512,0.09607504308223724,45948
PBCT,6859,6985,-0.0040699467,0.09774737060070038,60345
KBH,6871,6997,0.056280866,0.09700386226177216,17934
ACI_old,6873,6999,-0.04040289,0.09698903560638428,38772
AKAM,6892,7018,0.016024746,0.09606634080410004,44058
HES,6893,7019,-0.002348572,0.0957546979188919,475
NEM,6956,7082,-0.00040794164,0.0879262238740921,49554
UAL,6965,7091,0.0392472,0.09137190878391266,8260
HBAN,6967,7093,0.010358624,0.09137092530727386,4416
JCP,6969,7095,-0.010132551,0.09223899990320206,49663
MCP,6974,7100,-0.0352227,0.09266439825296402,65781
CHD,6975,7101,0.011479236,0.09173591434955597,9845
FAST,6976,7102,0.01830519,0.09248200803995132,20232
ONNN,6982,7108,0.025546372,0.09491194784641266,45206
TCO,6982,7108,-0.009022526,0.09490720182657242,26753
CVS,7001,7127,0.015624031,0.09614533185958862,5518
TSLA,7003,7129,0.047660053,0.0961749404668808,56131
DDS,7007,7133,0.011171117,0.09591246396303177,2594
CYS,7015,7141,-0.0036815554,0.09505745768547058,61467
FTI,7018,7144,0.031622604,0.09434248507022858,48143
PG,7018,7144,0.013191789,0.09433777630329132,6897
S_old,7018,7144,0.026876852,0.0943354144692421,8526
APD,7020,7146,0.015301794,0.09533271938562393,104
MJN,7021,7147,0.022780642,0.09379076212644577,64241
ZION,7021,7147,0.019807376,0.09378842264413834,9274
GNW,7022,7148,0.07214082,0.09492606669664383,53186
EAT,7082,7208,0.025321744,0.08792810887098312,11893
SIAL,7092,7218,0.009487174,0.10590797662734985,7350
CTL,7093,7219,-0.003089346,0.10647225379943848,1660
TWO,7095,7221,-0.015102118,0.10207486897706985,64664
CVX,7100,7226,0.0030899085,0.057441696524620056,7623
HBAN,7101,7227,0.019855067,0.10315434634685516,4422
SHLD_old,7102,7228,-0.0025175363,0.10496189445257187,55509
BHC,7109,7235,0.04561533,0.1083255410194397,26063
AKAM,7110,7236,0.045287505,0.10390356183052063,44063
AGCO,7133,7259,0.03201595,0.10852521657943726,24917
CLB,7138,7264,0.03449343,0.11199571192264557,34466
BLL,7142,7268,0.012681618,0.11354438960552216,1077
DELL_old,7265,7269,-0.00013133883,0.12753567099571228,20929
NEM,7145,7271,-0.020120867,0.11449088156223297,49555
CYS,7146,7272,-0.030352935,0.11486605554819107,61471
WLT,7147,7273,0.009261191,0.11549333482980728,21531
EXXI,7147,7273,0.022543833,0.11549045145511627,58136
PBI,7148,7274,0.048476942,0.11653933674097061,6795
GNW,7148,7274,0.04177776,0.11653350293636322,53187
GM,7149,7275,0.01849217,0.11616530269384384,64811
IVR,7155,7281,-0.02417422,0.11718235909938812,63838
MDR,7212,7338,0.02203001,0.11471055448055267,12320
AMT,7218,7344,0.025395282,0.11392184346914291,40861
SRPT,7220,7346,-0.0164292,0.1139691099524498,23672
NLY,7221,7347,0.004321873,0.11338434368371964,39602
FAST,7227,7353,0.0072868243,0.1150931864976883,20240
HBAN,7228,7354,0.02011495,0.1156487688422203,4427
WAG,7230,7356,0.02585835,0.07407105714082718,8862
DLR,7235,7361,-0.0046622157,0.11971484124660492,54737
ITW,7237,7363,0.012075618,0.12059389054775238,4529
MCP,7265,7391,-0.0132700205,0.1275324821472168,65789
FCX,7268,7394,-0.009802453,0.12834487855434418,21233
SYMC,7269,7395,-0.012770072,0.12712177634239197,22260
AGNC,7271,7397,0.0128662735,0.12582819163799286,63338
AVP,7276,7402,-0.027121246,0.12491985410451889,965
THC,7279,7405,0.0043416694,0.12023955583572388,5863
WEN,7279,7405,-0.006450191,0.12023355066776276,2766
OC,7279,7405,0.013581015,0.12022753804922104,59852
HAIN,7280,7406,0.007987276,0.12184126675128937,29198
SVU,7280,7406,0.007276967,0.12183515727519989,7722
RDN,7281,7407,0.011704713,0.12240137159824371,26918
CDNS,7338,7464,0.025807783,0.12527996301651,20003
ADT_old,7345,7471,0.02052392,0.12842214107513428,68002
SM,7347,7473,0.010843873,0.12993550300598145,27206
KO,7350,7476,0.014801115,0.13053809106349945,1985
GE,7354,7480,0.0019851327,0.1321253776550293,3851
VNO,7354,7480,0.012268618,0.13212206959724426,28108
OVAS,7359,7485,0.06610948,0.12857691943645477,67910
DRC,7363,7489,0.026624173,0.12846119701862335,55925
DKS,7364,7490,-0.02547098,0.12933097779750824,44240
HBAN,7391,7517,0.0032966882,0.12833312153816223,4430
OCR,7395,7521,0.012940228,0.12750786542892456,10996
HSIC,7396,7522,0.009261131,0.12716713547706604,34457
DGX,7399,7525,0.010668859,0.12774214148521423,37111
AMGN,7402,7528,0.051316075,0.11329390853643417,10199
CIT,7406,7532,0.019729525,0.12850040197372437,50065
FBHS,7406,7532,0.014233202,0.12849397957324982,67229
WEN,7406,7532,0.007408753,0.12848755717277527,2769
MAT,7407,7533,-0.02367682,0.12841948866844177,5386
AEGR,7409,7535,-0.046220288,0.12885704636573792,57768
WPC,7409,7535,0.01260227,0.12246137857437134,37463
TEX,7464,7590,-0.041554704,0.1344335824251175,7970
SCCO,7474,7600,-0.007863477,0.13847233355045319,34824
PVA,7477,7603,-0.07745306,0.1394159197807312,6602
PSEC,7479,7605,-0.013949886,0.14010652899742126,53927
WPX,7482,7608,-0.07970671,0.14011473953723907,67185
NRG,7483,7609,-0.032397874,0.1402834802865982,36074
ESV,7486,7612,-0.07335985,0.13891200721263885,9923
OREX,7489,7615,0.07357451,0.13765087723731995,60636
M,7490,7616,0.010296181,0.13915959000587463,17784
HOT,7519,7645,0.019578427,0.12885412573814392,10077
LL,7521,7647,-0.05832383,0.12934021651744843,61415
WFT,7524,7650,-0.01307638,0.12860693037509918,70219
NEM,7525,7651,0.056177303,0.12854048609733582,49557
AKS,7528,7654,-0.022393167,0.13204045593738556,30526
P,7532,7658,-0.004821405,0.13195094466209412,51591
HLF,7532,7658,0.036919996,0.13194765150547028,50770
COP,7534,7660,-0.009275585,0.13232317566871643,49402
SM,7534,7660,0.010319948,0.1323198825120926,27208
ENDP,7535,7661,0.029262602,0.13301703333854675,69911
ELGX,7535,7661,0.050530598,0.13301371037960052,36035
OHRP,7591,7717,-0.08821371,0.12467912584543228,50179
S_old,7603,7729,-0.0019290373,0.1234985962510109,8539
AXP,7603,7729,-0.0072765946,0.12349243462085724,541
CLF,7606,7732,-0.054718338,0.12854242324829102,16364
GPC,7608,7734,-0.0073590167,0.060408029705286026,3905
ABC,7609,7735,-0.0014575571,0.10788560658693314,48560
KMI,7613,7739,-0.014943317,0.06555216014385223,66635
SLCA,7615,7741,-0.042687938,0.12187502533197403,67407
WPX,7616,7742,-0.033268914,0.12426094710826874,67192
APD,7648,7774,-0.006828457,0.13041138648986816,111
TWTR,7649,7775,-0.029962815,0.13085800409317017,62862
AVP,7651,7777,-0.06795045,0.13054102659225464,971
DDD,7652,7778,-0.07023543,0.13072502613067627,29294
NLY,7654,7780,-0.00035600364,0.12969376146793365,39610
CNP,7658,7784,-0.01905676,0.12827719748020172,47841
M,7659,7785,-0.05500927,0.12798954546451569,17792
MNK_old,7663,7789,-0.06159874,0.12723612785339355,68831
CREE,7664,7790,-0.018224731,0.1271120309829712,27527
NYRT,7664,7790,0.036065087,0.12710566818714142,64987
PCP,7666,7792,0.010827914,0.12707315385341644,6866
WPG,7717,7843,-0.043089174,0.11246242374181747,70008
BG,7729,7855,-0.03170684,0.10818807780742645,48838
APA,7729,7855,-0.009492956,0.10818266868591309,732
OPK,7732,7858,-0.015670612,0.10809051990509033,33449
GLW,7734,7860,0.017231822,0.10705586522817612,2268
FAST,7735,7861,0.026404299,0.1077786311507225,20256
DG,7740,7866,0.024666063,0.10519059747457504,2655
HES,7741,7867,-0.0009677112,0.10631108283996582,489
AEO,7742,7868,0.0037545934,0.09945535659790039,30653
JPM,7774,7900,-0.0031276643,0.10665339231491089,1721
KMI,7775,7901,-0.036687158,0.10863816738128662,66641
ADM,7777,7903,-0.006890282,0.07177713513374329,852
PCAR,7778,7904,0.0060974024,0.06048959866166115,6498
AES,7780,7906,0.017700829,0.10637780278921127,23842
CFG,7784,7910,-0.014566354,0.10121779143810272,16080
DYN_old,7785,7911,0.0033833385,0.102657750248909,60498
SCCO,7789,7915,-0.0011240095,0.06692251563072205,34836
PAH,7790,7916,-0.02495031,0.10361722856760025,69694
APD,7790,7916,0.004736878,0.10361204296350479,116
CY,7794,7920,0.0011876598,0.1041518896818161,17496
WYNN,7843,7969,0.06182477,0.08341360092163086,50295
SM,7855,7981,0.28227735,0.09218071401119232,27212
MNK_old,7856,7982,0.012560785,0.09304313361644745,68852
RLYP,7867,7984,0.15413837,0.1023566871881485,62800
BKD,7859,7985,0.008197449,0.09865289181470871,57117
ENDP,7860,7986,-0.05476801,0.09990644454956055,69915
SO,7861,7987,0.0082084015,0.09798301756381989,7535
TPX,7866,7992,0.029783964,0.09971565008163452,50988
AKAM,7868,7994,-0.00986933,0.10417456924915314,44069
STX,7900,8026,0.0917194,0.11170830577611923,48346
ALLY,7901,8027,0.0049325526,0.11208844184875488,3891
WNR,7904,8030,0.03592466,0.10912083089351654,57821
NLY,7904,8030,-0.0003049299,0.10911537706851959,39615
FLKS,7906,8032,-0.033636667,0.11181752383708954,70519
HTZ_old,7910,8036,-0.03973668,0.11076720803976059,59222
OVAS,7911,8037,-0.057646956,0.10849528014659882,67934
GE,7915,8041,0.0035479292,0.07740326225757599,3860
ORLY,7916,8042,0.0047407076,0.11567319929599762,27985
WDC,7919,8045,0.02515696,0.07134263217449188,8947
PBF,7921,8047,-0.0105018765,0.10533954948186874,67716
BLL,7969,8095,-0.009827875,0.12693729996681213,1082
CAVM,7982,8108,0.026778027,0.13164255023002625,50360
ARRS,7982,8108,-0.010072827,0.13163597881793976,71180
NCLH,7984,8110,0.043376863,0.13183258473873138,66909
UAL,7987,8113,0.055457532,0.1330592781305313,8270
MCC,7987,8113,0.0050004423,0.13305595517158508,65861
HRB,7987,8113,0.019337669,0.13304929435253143,1218
SFM,7992,8118,-0.0031805187,0.13189037144184113,69099
GME,7995,8121,-0.013100348,0.13413257896900177,56898
NWL,8027,8153,-0.0048361346,0.1259448230266571,20080
CDE,8027,8153,-0.03433594,0.1259416788816452,9449
WBA,8030,8156,0.007467583,0.12415610253810883,70635
FISV,8030,8156,0.024686798,0.1241530179977417,18179
CHD,8032,8158,0.016051143,0.12324857711791992,9851
ABT,8036,8162,0.0142596215,0.1279255896806717,28
CCI,8037,8163,0.027818456,0.12829649448394775,40391
ARMK,8041,8167,0.008539483,0.13020209968090057,69555
DUK,8042,8168,0.024110138,0.1297987401485443,56863
SKX,8047,8173,0.01076822,0.128252312541008,42327
MCK,8048,8174,0.011595674,0.07569174468517303,31697
TSO,8174,8213,0.017871901,0.13193857669830322,4552
MNK_old,8097,8223,-0.032857932,0.11710942536592484,68857
BIIB,8108,8234,-0.0011473447,0.1358429491519928,24046
SM,8108,8234,-0.06843954,0.1358395516872406,27215
AAP,8112,8238,-0.04944373,0.13409052789211273,49170
MCC,8114,8240,-0.02080904,0.13459838926792145,65877
ECA,8114,8240,-0.013885297,0.13459165394306183,49098
OXY,8117,8243,-0.0035951883,0.13422852754592896,18106
VRX,8119,8245,0.029973954,0.13505962491035461,26092
TSLA,8122,8248,0.06382097,0.1326233446598053,56134
KITE,8156,8258,0.19920869,0.13410593569278717,66833
CLF,8153,8279,-0.002847895,0.13260890543460846,16377
BRX,8153,8279,-0.0055939406,0.13260558247566223,69446
SBGI,8156,8282,-0.017443575,0.13409923017024994,29564
FLT,8158,8284,0.036642075,0.13501621782779694,50314
APC_old,8162,8288,-0.009540148,0.13167864084243774,16713
AR,8163,8289,-0.014271684,0.1332823485136032,63649
SBH,8167,8293,-0.015555039,0.13321729004383087,59565
COTY,8168,8294,-0.012895115,0.1328035295009613,37360
RSPP,8173,8299,0.0032581985,0.13233867287635803,69646
