entry_time,side,entry_equity,pnl,exit_time,reason,ret,component
2022-01-01 08:00:00+00:00,-1,10000.0,0.0,2022-02-16 04:00:00+00:00,signal,0.0,trend
2022-02-16 04:00:00+00:00,1,11652.751062494748,0.0,2022-02-17 20:00:00+00:00,signal,0.0,trend
2022-02-17 20:00:00+00:00,-1,11274.140454479839,0.0,2022-03-01 20:00:00+00:00,signal,0.0,trend
2022-03-01 20:00:00+00:00,1,9182.996725403207,-43.29439669327297,2022-03-03 00:00:00+00:00,signal,-0.004329439669327298,trend
2022-03-03 00:00:00+00:00,-1,9057.42753900827,-372.3782080817758,2022-03-22 08:00:00+00:00,signal,-0.03789221801512734,trend
2022-03-22 08:00:00+00:00,1,8398.724179957298,-402.8170603777191,2022-04-09 12:00:00+00:00,signal,-0.04378840081366864,trend
2022-04-09 12:00:00+00:00,-1,7471.4851568181975,1307.8822564447262,2022-07-18 00:00:00+00:00,signal,0.15013556512013765,trend
2022-07-18 00:00:00+00:00,1,11342.422784005794,-549.8807546638632,2022-07-26 20:00:00+00:00,signal,-0.04423618115067574,trend
2022-07-26 20:00:00+00:00,-1,10292.652135761957,-12.367656795873748,2022-07-27 04:00:00+00:00,signal,-0.0009785790697999996,trend
2022-07-27 04:00:00+00:00,1,10269.730386346248,112.56109118227153,2022-07-27 08:00:00+00:00,signal,0.009096567888568188,trend
2022-07-27 08:00:00+00:00,-1,10470.667558774123,8.459989933116727,2022-07-27 12:00:00+00:00,signal,0.0006836898252752593,trend
2022-07-27 12:00:00+00:00,1,10485.769815140631,900.1371783059175,2022-08-18 08:00:00+00:00,signal,0.07274413267924706,trend
2022-08-18 08:00:00+00:00,-1,12030.691941389556,1824.004413018521,2022-12-05 16:00:00+00:00,signal,0.1360197844075213,trend
2022-12-05 16:00:00+00:00,1,14649.404604662594,-215.86759271745734,2022-12-16 16:00:00+00:00,signal,-0.014582556440104304,trend
2022-12-16 16:00:00+00:00,-1,13399.49167581208,-255.10021001093122,2023-01-07 16:00:00+00:00,signal,-0.01687775744565196,trend
2023-01-07 16:00:00+00:00,1,12645.99953641194,-2.353025008358693,2023-01-07 20:00:00+00:00,signal,-0.00014346924986636536,trend
2023-01-07 20:00:00+00:00,-1,12637.276323973096,-100.77013873720232,2023-01-09 04:00:00+00:00,signal,-0.006144182982415675,trend
2023-01-09 04:00:00+00:00,1,12318.306182324368,2195.0721561793557,2023-02-13 16:00:00+00:00,signal,0.1348280207593059,trend
2023-02-13 16:00:00+00:00,-1,16101.301182197114,-18.433728670256123,2023-02-14 20:00:00+00:00,signal,-0.0009989986845848969,trend
2023-02-14 20:00:00+00:00,1,15983.444532476378,12.915817309698962,2023-02-17 04:00:00+00:00,signal,0.0007008125371418197,trend
2023-02-17 04:00:00+00:00,-1,16053.767235130039,-6.535584757179351,2023-02-18 00:00:00+00:00,signal,-0.0003558269130463319,trend
2023-02-18 00:00:00+00:00,1,16012.933882159567,-2.2619490378633977,2023-02-21 20:00:00+00:00,signal,-0.00012277169350679657,trend
2023-02-21 20:00:00+00:00,-1,15996.111626752596,97.36619393637324,2023-04-02 16:00:00+00:00,signal,0.005272972274409035,trend
2023-04-02 16:00:00+00:00,1,16687.227699660765,-2.1702726892505706,2023-04-02 20:00:00+00:00,signal,-0.00012360899004782452,trend
2023-04-02 20:00:00+00:00,-1,16672.81896720492,-41.800353931545295,2023-04-06 04:00:00+00:00,signal,-0.0023807605185798735,trend
2023-04-06 04:00:00+00:00,1,16397.819278145846,-7.255188502829397,2023-04-06 08:00:00+00:00,signal,-0.00041409292490791037,trend
2023-04-06 08:00:00+00:00,-1,16351.099754512628,-10.29852914176011,2023-04-07 20:00:00+00:00,signal,-0.0005877928675316563,trend
2023-04-07 20:00:00+00:00,1,16285.400529742827,-30.038491057248752,2023-04-09 08:00:00+00:00,signal,-0.0017150925967899509,trend
2023-04-09 08:00:00+00:00,-1,16098.305099372932,-30.27980467740104,2023-04-11 00:00:00+00:00,signal,-0.001731868805353894,trend
2023-04-11 00:00:00+00:00,1,15920.380639717148,-70.21692779308177,2023-04-12 08:00:00+00:00,signal,-0.004135780056786862,trend
2023-04-12 08:00:00+00:00,-1,15578.536774064136,-6.745314604708175,2023-04-12 20:00:00+00:00,signal,-0.0004020949546451656,trend
2023-04-12 20:00:00+00:00,1,15545.670850682593,-178.4501609878155,2023-04-20 12:00:00+00:00,signal,-0.010637592698602157,trend
2023-04-20 12:00:00+00:00,-1,14781.301347769957,341.58055248930924,2023-06-03 00:00:00+00:00,signal,0.021484959761514922,trend
2023-06-03 00:00:00+00:00,1,16323.710639404078,8.16982128844912,2023-06-03 16:00:00+00:00,signal,0.0004827934734433833,trend
2023-06-03 16:00:00+00:00,-1,16344.799579267468,2.821388879754548,2023-06-04 16:00:00+00:00,signal,0.00016672924524274526,trend
2023-06-04 16:00:00+00:00,1,16352.079846162207,-222.63909826977078,2023-06-05 20:00:00+00:00,signal,-0.013156787030714347,trend
2023-06-05 20:00:00+00:00,-1,15782.885543286746,614.7967633210985,2023-07-01 12:00:00+00:00,signal,0.03609431108624416,trend
2023-07-01 12:00:00+00:00,1,16924.762580899922,-181.82934295167618,2023-07-11 04:00:00+00:00,signal,-0.010589290489880757,trend
2023-07-11 04:00:00+00:00,-1,16322.428177816984,-4.023708204944452,2023-07-11 12:00:00+00:00,signal,-0.00023738198635485876,trend
2023-07-11 12:00:00+00:00,1,16309.786099468081,-5.892250080318225,2023-07-11 16:00:00+00:00,signal,-0.0003476181564176883,trend
2023-07-11 16:00:00+00:00,-1,16291.273254258489,-20.12352436115618,2023-07-12 04:00:00+00:00,signal,-0.0011872039278200072,trend
2023-07-12 04:00:00+00:00,1,16228.076024653707,-111.53476218036977,2023-07-31 00:00:00+00:00,signal,-0.006585409851096932,trend
2023-07-31 00:00:00+00:00,-1,15231.282072346397,-2.395552833078277,2023-07-31 04:00:00+00:00,signal,-0.00014564639596556303,trend
2023-07-31 04:00:00+00:00,1,15217.326699052184,-10.364517723203223,2023-07-31 20:00:00+00:00,signal,-0.0006301487620984672,trend
2023-07-31 20:00:00+00:00,-1,15156.947853783347,-5.678488566834776,2023-08-02 04:00:00+00:00,signal,-0.0003452444808860184,trend
2023-08-02 04:00:00+00:00,1,15123.934349860836,-3.6448340671095654,2023-08-02 08:00:00+00:00,signal,-0.00022189770566728245,trend
2023-08-02 08:00:00+00:00,-1,15102.880238721213,-107.45436259860418,2023-08-12 20:00:00+00:00,signal,-0.0065418277171337014,trend
2023-08-12 20:00:00+00:00,1,14468.280814233556,-2.0941062007083864,2023-08-13 00:00:00+00:00,signal,-0.00013046862380119357,trend
2023-08-13 00:00:00+00:00,-1,14460.158709396504,860.2297088032483,2023-09-29 12:00:00+00:00,signal,0.053180986945823176,trend
2023-09-29 12:00:00+00:00,1,17032.66932142525,-5.907397213944143,2023-09-30 12:00:00+00:00,signal,-0.0003232752631089581,trend
2023-09-30 12:00:00+00:00,-1,17018.724983061205,-13.678305825703259,2023-09-30 20:00:00+00:00,signal,-0.0007490271212368194,trend
2023-09-30 20:00:00+00:00,1,16986.35500510853,-66.52699100937929,2023-10-02 20:00:00+00:00,signal,-0.0036430330769959326,trend
2023-10-02 20:00:00+00:00,-1,16826.94165756435,-0.9225657558746895,2023-10-03 08:00:00+00:00,signal,-5.039620180428234e-05,trend
2023-10-03 08:00:00+00:00,1,16824.755133670616,-3.8442263956721887,2023-10-03 12:00:00+00:00,signal,-0.0002116178235604114,trend
2023-10-03 12:00:00+00:00,-1,16815.67543644246,-325.9366387531643,2023-10-23 04:00:00+00:00,signal,-0.017942232067599154,trend
2023-10-23 04:00:00+00:00,1,15532.708967955721,2283.8677362509698,2024-01-08 12:00:00+00:00,signal,0.12592256628851847,trend
2024-01-08 12:00:00+00:00,-1,22139.305530645444,0.0,2024-01-09 00:00:00+00:00,signal,0.0,trend
2024-01-09 00:00:00+00:00,1,21926.598954826135,0.0,2024-01-10 00:00:00+00:00,signal,0.0,trend
2024-01-10 00:00:00+00:00,-1,21429.13118569096,0.0,2024-01-11 04:00:00+00:00,signal,0.0,trend
2024-01-11 04:00:00+00:00,1,20984.86148779355,0.0,2024-01-13 08:00:00+00:00,signal,0.0,trend
2024-01-13 08:00:00+00:00,-1,20136.094149164306,0.0,2024-01-13 12:00:00+00:00,signal,0.0,trend
2024-01-13 12:00:00+00:00,1,20123.6915307784,0.0,2024-01-15 00:00:00+00:00,signal,0.0,trend
2024-01-15 00:00:00+00:00,-1,19988.65094789983,0.0,2024-01-15 08:00:00+00:00,signal,0.0,trend
2024-01-15 08:00:00+00:00,1,19943.009736059743,0.0,2024-01-15 12:00:00+00:00,signal,0.0,trend
2024-01-15 12:00:00+00:00,-1,19952.275657395476,0.0,2024-01-16 20:00:00+00:00,signal,0.0,trend
2024-01-16 20:00:00+00:00,1,19837.563172668823,0.0,2024-01-17 12:00:00+00:00,signal,0.0,trend
2024-01-17 12:00:00+00:00,-1,19584.746723056935,0.0,2024-01-17 16:00:00+00:00,signal,0.0,trend
2024-01-17 16:00:00+00:00,1,19630.57805939157,0.0,2024-01-17 20:00:00+00:00,signal,0.0,trend
2024-01-17 20:00:00+00:00,-1,19641.618103999932,0.0,2024-01-18 00:00:00+00:00,signal,0.0,trend
2024-01-18 00:00:00+00:00,1,19623.611364418226,0.0,2024-01-18 08:00:00+00:00,signal,0.0,trend
2024-01-18 08:00:00+00:00,-1,19587.40074644695,-99.72299448078122,2024-02-11 00:00:00+00:00,signal,-0.004829079675499997,trend
2024-02-11 00:00:00+00:00,1,18023.892888896415,2.9140063709167676,2024-02-11 04:00:00+00:00,signal,0.00014374112348868466,trend
2024-02-11 04:00:00+00:00,-1,18055.194947507785,-1.812058591699565,2024-02-11 08:00:00+00:00,signal,-8.938461507765142e-05,trend
2024-02-11 08:00:00+00:00,1,18035.729937132135,-0.40262128833975397,2024-02-11 12:00:00+00:00,signal,-1.9860367123428953e-05,trend
2024-02-11 12:00:00+00:00,-1,18031.40500658579,0.8384249286939383,2024-02-12 08:00:00+00:00,signal,4.135754211596722e-05,trend
2024-02-12 08:00:00+00:00,1,18041.029252960747,-59.85478998664523,2024-02-13 20:00:00+00:00,signal,-0.0029404553675152823,trend
2024-02-13 20:00:00+00:00,-1,17799.5347978021,-3.4089069116872484,2024-02-14 00:00:00+00:00,signal,-0.00016036405265372575,trend
2024-02-14 00:00:00+00:00,1,17780.342381401715,1112.204292194962,2024-03-20 04:00:00+00:00,signal,0.0543945943598263,trend
2024-03-20 04:00:00+00:00,-1,20291.365017655975,-22.670359366031896,2024-03-20 12:00:00+00:00,signal,-0.0010513306915994477,trend
2024-03-20 12:00:00+00:00,1,20172.7699661096,19.518646313298547,2024-04-01 20:00:00+00:00,signal,0.0009051710030848524,trend
2024-04-01 20:00:00+00:00,-1,20218.52705837582,-201.3948811873922,2024-04-08 20:00:00+00:00,signal,-0.009293874870103148,trend
2024-04-08 20:00:00+00:00,1,19651.356716184346,-26.2281978948672,2024-04-09 08:00:00+00:00,signal,-0.001162632816203121,trend
2024-04-09 08:00:00+00:00,-1,19556.739769931897,987.6160554570358,2024-05-17 20:00:00+00:00,signal,0.04411716066605971,trend
2024-05-17 20:00:00+00:00,1,22817.436005595333,-60.9393351560546,2024-05-19 20:00:00+00:00,signal,-0.0025405465937732093,trend
2024-05-19 20:00:00+00:00,-1,22702.237205803438,-791.5114631613294,2024-05-21 00:00:00+00:00,signal,-0.03258168781973568,trend
2024-05-21 00:00:00+00:00,1,21170.32802021669,-623.7336219929756,2024-05-31 20:00:00+00:00,signal,-0.02709085682338247,trend
2024-05-31 20:00:00+00:00,-1,19952.80747942633,-25.787268422732875,2024-06-01 04:00:00+00:00,signal,-0.0011507989436117805,trend
2024-06-01 04:00:00+00:00,1,19904.650503462926,-104.22060181789152,2024-06-08 20:00:00+00:00,signal,-0.004656695267354083,trend
2024-06-08 20:00:00+00:00,-1,19499.985718379266,-35.42701357988991,2024-06-10 16:00:00+00:00,signal,-0.0015529227690804892,trend
2024-06-10 16:00:00+00:00,1,19428.922393431614,-186.0676867642547,2024-06-10 20:00:00+00:00,signal,-0.008366944813789568,trend
2024-06-10 20:00:00+00:00,-1,19056.00179221637,974.186126053004,2024-07-17 12:00:00+00:00,signal,0.043806432469771575,trend
2024-07-17 12:00:00+00:00,1,21054.022490042167,-530.172709150994,2024-07-25 08:00:00+00:00,signal,-0.022913729271729893,trend
2024-07-25 08:00:00+00:00,-1,19637.106343873573,-258.61826018045207,2024-07-26 12:00:00+00:00,signal,-0.011360174910849506,trend
2024-07-26 12:00:00+00:00,1,18968.5812150228,-299.3215039581328,2024-07-31 16:00:00+00:00,signal,-0.013317292741561097,trend
2024-07-31 16:00:00+00:00,-1,18223.90389228409,17.259651499588823,2024-07-31 20:00:00+00:00,signal,0.0007859567409773998,trend
2024-07-31 20:00:00+00:00,1,18265.7795753744,-16.526021525304127,2024-08-01 00:00:00+00:00,signal,-0.0007525492632142554,trend
2024-08-01 00:00:00+00:00,-1,18225.70758979523,515.9039789530226,2024-08-24 00:00:00+00:00,signal,0.023489605989472587,trend
2024-08-24 00:00:00+00:00,1,18911.239121004826,-11.571285366043487,2024-08-24 04:00:00+00:00,signal,-0.0005064303144090688,trend
2024-08-24 04:00:00+00:00,-1,18882.499543695772,-35.00495890751676,2024-08-24 20:00:00+00:00,signal,-0.001532031384986208,trend
2024-08-24 20:00:00+00:00,1,18795.55780032859,-53.32430471012875,2024-08-25 08:00:00+00:00,signal,-0.0023337981516939454,trend
2024-08-25 08:00:00+00:00,-1,18663.774238903967,-438.81417733096487,2024-09-13 20:00:00+00:00,signal,-0.019188274602429965,trend
2024-09-13 20:00:00+00:00,1,17669.94872496889,-65.6775057404319,2024-09-15 16:00:00+00:00,signal,-0.002905282947200204,trend
2024-09-15 16:00:00+00:00,-1,17529.58853074127,34.082993232630535,2024-09-15 20:00:00+00:00,signal,0.0015100580531579044,trend
2024-09-15 20:00:00+00:00,1,17603.58459679724,-24.981385238344743,2024-09-16 00:00:00+00:00,signal,-0.0011068083633595516,trend
2024-09-16 00:00:00+00:00,-1,17549.34022530608,-130.4302130180268,2024-09-17 20:00:00+00:00,signal,-0.005860825301676546,trend
2024-09-17 20:00:00+00:00,1,17265.75254531905,3.2083141204286556,2024-09-18 00:00:00+00:00,signal,0.00014308798762051436,trend
2024-09-18 00:00:00+00:00,-1,17272.751273070367,-127.42467579056887,2024-09-19 04:00:00+00:00,signal,-0.005869437079945209,trend
2024-09-19 04:00:00+00:00,1,17000.09411222262,-323.5775352260639,2024-10-02 16:00:00+00:00,signal,-0.014954376163465264,trend
2024-10-02 16:00:00+00:00,-1,16164.541250463866,-286.40404374215836,2024-10-13 00:00:00+00:00,signal,-0.013426290260716086,trend
2024-10-13 00:00:00+00:00,1,15616.29809134842,-5.843091250575489,2024-10-13 08:00:00+00:00,signal,-0.000278217130572501,trend
2024-10-13 08:00:00+00:00,-1,15605.800173897624,16.08621319932464,2024-10-13 12:00:00+00:00,signal,0.0007659404733158672,trend
2024-10-13 12:00:00+00:00,1,15634.701269400073,-25.64597499589261,2024-10-13 16:00:00+00:00,signal,-0.0012211258164740463,trend
2024-10-13 16:00:00+00:00,-1,15588.624746390866,-47.3276220793696,2024-10-14 08:00:00+00:00,signal,-0.0022534912851900255,trend
2024-10-14 08:00:00+00:00,1,15504.228068986578,9.058207234200735,2024-10-14 12:00:00+00:00,signal,0.00044267736715903147,trend
2024-10-14 12:00:00+00:00,-1,15520.257930413725,-20.0457994594587,2024-10-14 20:00:00+00:00,signal,-0.0009796443708868301,trend
2024-10-14 20:00:00+00:00,1,15484.783870346046,-31.031050561642495,2024-10-15 16:00:00+00:00,signal,-0.0015164969632115916,trend
2024-10-15 16:00:00+00:00,-1,15430.590768894757,-42.57136133275985,2024-10-16 04:00:00+00:00,signal,-0.0020832364747195072,trend
2024-10-16 04:00:00+00:00,1,15356.059041352846,-22.953870430705244,2024-10-16 08:00:00+00:00,signal,-0.0011276495873445227,trend
2024-10-16 08:00:00+00:00,-1,15315.963607129757,-823.6888508733854,2024-10-19 04:00:00+00:00,signal,-0.0404651753869432,trend
2024-10-19 04:00:00+00:00,1,13863.651783876174,-301.2428693631443,2024-10-25 12:00:00+00:00,signal,-0.015036978659720519,trend
2024-10-25 12:00:00+00:00,-1,13232.506052012686,-4.1413039210277445,2024-10-25 16:00:00+00:00,signal,-0.00021438117418567116,trend
2024-10-25 16:00:00+00:00,1,13224.352400077314,-150.61432336493888,2024-10-26 00:00:00+00:00,signal,-0.00779678963628027,trend
2024-10-26 00:00:00+00:00,-1,12927.857775108703,-160.59120085411584,2024-10-27 20:00:00+00:00,signal,-0.00842874405421109,trend
2024-10-27 20:00:00+00:00,1,12619.321991602857,-3.4547029059226135,2024-10-28 08:00:00+00:00,signal,-0.00018118944213761325,trend
2024-10-28 08:00:00+00:00,-1,12612.828189512025,5.014449746689225,2024-10-28 12:00:00+00:00,signal,0.0002654063773835125,trend
2024-10-28 12:00:00+00:00,1,12622.342632642622,-15.96048943347017,2024-10-28 16:00:00+00:00,signal,-0.0008447618175058916,trend
2024-10-28 16:00:00+00:00,-1,12592.059116659331,-48.322172339036875,2024-10-29 04:00:00+00:00,signal,-0.002557611174839916,trend
2024-10-29 04:00:00+00:00,1,12500.391409961467,-162.3806799347108,2024-10-31 20:00:00+00:00,signal,-0.008618559786401457,trend
2024-10-31 20:00:00+00:00,-1,12175.201837147564,-306.33850449301536,2024-11-07 04:00:00+00:00,signal,-0.016129760371169505,trend
2024-11-07 04:00:00+00:00,1,11556.167530182352,1498.5947281976432,2024-12-18 12:00:00+00:00,signal,0.0829814921609997,trend
2024-12-18 12:00:00+00:00,-1,15338.01921611333,5.631659101836432,2024-12-18 16:00:00+00:00,signal,0.0002881099567799972,trend
2024-12-18 16:00:00+00:00,1,15382.740209971551,-4.87759354865637,2024-12-18 20:00:00+00:00,signal,-0.0002495327293577713,trend
2024-12-18 20:00:00+00:00,-1,15344.00724918896,72.93052021376953,2024-12-31 23:00:00+00:00,terminal_mark_open,0.0037310513024270283,trend
2022-01-01 08:00:00+00:00,-1,10000.0,0.0,2022-01-03 11:00:00+00:00,stop,0.0,breakout
2022-01-12 16:00:00+00:00,1,9554.9849536653,0.0,2022-01-14 00:00:00+00:00,stop,0.0,breakout
2022-01-19 12:00:00+00:00,-1,8946.193514861683,0.0,2022-01-26 02:00:00+00:00,stop,0.0,breakout
2022-01-30 12:00:00+00:00,1,11165.804224848576,0.0,2022-02-02 15:00:00+00:00,stop,0.0,breakout
2022-02-03 04:00:00+00:00,-1,10261.870864116472,0.0,2022-02-04 23:00:00+00:00,stop,0.0,breakout
2022-02-05 16:00:00+00:00,1,9497.352320153115,0.0,2022-02-08 08:00:00+00:00,stop,0.0,breakout
2022-02-20 08:00:00+00:00,-1,10510.35819111812,0.0,2022-02-20 12:00:00+00:00,stop,0.0,breakout
2022-03-01 04:00:00+00:00,1,9446.773731112044,-267.97474315518855,2022-03-03 03:00:00+00:00,stop,-0.026797474315518856,breakout
2022-03-07 08:00:00+00:00,-1,9435.643409416907,-190.50106735762716,2022-03-15 00:00:00+00:00,stop,-0.019060001908763443,breakout
2022-03-17 00:00:00+00:00,1,9036.878956393957,2.13787120813965,2022-03-20 12:00:00+00:00,stop,0.00022922977619778317,breakout
2022-04-18 04:00:00+00:00,-1,9030.581774930855,-77.89965789814258,2022-04-18 18:00:00+00:00,stop,-0.008907946176335117,breakout
2022-05-05 00:00:00+00:00,1,8908.14923622766,-514.4402219576701,2022-05-05 15:00:00+00:00,stop,-0.05603442841037957,breakout
2022-05-26 16:00:00+00:00,-1,8242.46783352102,91.80319456549405,2022-05-30 06:00:00+00:00,stop,0.01007577821577486,breakout
2022-05-30 12:00:00+00:00,1,8308.361491124222,1427.1906540762934,2022-05-31 13:00:00+00:00,stop,0.1476736599465396,breakout
2022-06-07 08:00:00+00:00,-1,10058.597496455415,1395.3678594748994,2022-06-14 05:00:00+00:00,stop,0.1339126202017532,breakout
2022-06-24 12:00:00+00:00,1,12202.393507563856,-178.4217235758561,2022-06-27 00:00:00+00:00,stop,-0.013914635152597813,breakout
2022-06-29 12:00:00+00:00,-1,11833.84205735686,93.16592541416745,2022-07-03 21:00:00+00:00,stop,0.007581130805139386,breakout
2022-07-05 04:00:00+00:00,1,11985.742320517167,-215.09842674011173,2022-07-10 10:00:00+00:00,stop,-0.017192249606041557,breakout
2022-07-10 20:00:00+00:00,-1,11599.458771230467,346.7758935379691,2022-07-14 01:00:00+00:00,stop,0.027931212859458054,breakout
2022-07-17 12:00:00+00:00,1,12208.047485056348,554.9979843259101,2022-07-20 20:00:00+00:00,stop,0.04440293650695329,breakout
2022-08-19 04:00:00+00:00,-1,13185.604653647037,279.46754087847904,2022-08-23 19:00:00+00:00,stop,0.02076342729916858,breakout
2022-08-24 20:00:00+00:00,1,13628.098389814708,-535.0208615082598,2022-08-26 15:00:00+00:00,stop,-0.03880167348311544,breakout
2022-08-27 00:00:00+00:00,-1,12708.003744776224,-501.7857453383141,2022-08-31 00:00:00+00:00,stop,-0.03677062652904205,breakout
2022-08-31 08:00:00+00:00,1,11884.497114847778,137.72633965731825,2022-09-05 05:00:00+00:00,stop,0.010600197005717567,breakout
2022-09-07 00:00:00+00:00,-1,12069.139960994638,-464.89057832381684,2022-09-08 10:00:00+00:00,stop,-0.034867033426474646,breakout
2022-09-09 16:00:00+00:00,1,11345.693460402154,-455.74258133287435,2022-09-13 00:00:00+00:00,stop,-0.03626593182134158,breakout
2022-09-13 20:00:00+00:00,-1,10642.724249309435,288.1245201309949,2022-09-20 00:00:00+00:00,stop,0.024156525683785818,breakout
2022-10-05 00:00:00+00:00,1,11069.111616810955,-258.913899984516,2022-10-07 12:00:00+00:00,stop,-0.021228567312416312,breakout
2022-10-07 20:00:00+00:00,-1,10667.017107672773,794.2701761437702,2022-10-13 15:00:00+00:00,stop,0.06567287157200903,breakout
2022-12-05 12:00:00+00:00,1,11904.276536293426,752.0381395238147,2022-12-05 20:00:00+00:00,stop,0.0508026169035524,breakout
2022-12-27 20:00:00+00:00,-1,12624.156031716717,786.6397211784647,2023-01-01 13:00:00+00:00,stop,0.05243633959707389,breakout
2023-01-02 04:00:00+00:00,1,13390.507112987245,753.4863561795883,2023-01-05 14:00:00+00:00,stop,0.047311102074742005,breakout
2023-02-25 00:00:00+00:00,-1,14184.643088378047,-243.53916311331503,2023-02-27 11:00:00+00:00,stop,-0.013228133225278205,breakout
2023-03-29 16:00:00+00:00,1,13973.642852136094,-707.05284159099,2023-03-31 07:00:00+00:00,stop,-0.038547805924720915,breakout
2023-04-09 12:00:00+00:00,-1,13369.81977962155,-645.9161601060985,2023-04-11 15:00:00+00:00,stop,-0.03694350278938913,breakout
2023-04-11 20:00:00+00:00,1,12777.54003736744,-654.4009030320851,2023-04-12 02:00:00+00:00,stop,-0.03854424123879241,breakout
2023-05-01 08:00:00+00:00,-1,12159.75244333429,-28.2584802954633,2023-05-03 21:00:00+00:00,stop,-0.001767733517268442,breakout
2023-05-15 12:00:00+00:00,1,12131.944710420217,1035.602628060897,2023-05-17 12:00:00+00:00,stop,0.06312901357076074,breakout
2023-05-21 20:00:00+00:00,-1,13170.529818104564,-318.2703946851661,2023-05-23 03:00:00+00:00,stop,-0.018308302737371617,breakout
2023-06-03 12:00:00+00:00,1,12788.623686253744,-180.35080336436653,2023-06-05 15:00:00+00:00,stop,-0.010657784022484545,breakout
2023-07-24 16:00:00+00:00,-1,12569.094943699436,-133.1526886644624,2023-07-29 17:00:00+00:00,stop,-0.00782612123883894,breakout
2023-07-30 00:00:00+00:00,1,12449.252889872148,-240.53818826608875,2023-07-30 13:00:00+00:00,stop,-0.014357361339147258,breakout
2023-08-04 04:00:00+00:00,-1,12239.398130042171,-344.1520630291652,2023-08-06 00:00:00+00:00,stop,-0.020927380588812872,breakout
2023-08-09 00:00:00+00:00,1,11945.630557962444,-47.129714532421374,2023-08-13 10:00:00+00:00,stop,-0.0029452593932443767,breakout
2023-08-14 04:00:00+00:00,-1,11897.96695075684,1810.3940338518069,2023-08-18 00:00:00+00:00,stop,0.11321343640024656,breakout
2023-08-29 20:00:00+00:00,1,13835.94297604928,-342.2680475711279,2023-08-31 14:00:00+00:00,stop,-0.018392472772221835,breakout
2023-10-09 16:00:00+00:00,-1,13396.747088211507,-184.0612415090373,2023-10-14 00:00:00+00:00,stop,-0.010153788402004654,breakout
2023-10-21 12:00:00+00:00,1,13178.00438150848,715.0498408463277,2023-10-24 15:00:00+00:00,stop,0.0397795499768021,breakout
2024-01-31 16:00:00+00:00,-1,13813.972225549714,-370.800094282004,2024-02-03 00:00:00+00:00,stop,-0.01795597102046309,breakout
2024-02-09 12:00:00+00:00,1,13535.797348342408,328.19953454628296,2024-02-13 13:00:00+00:00,stop,0.016228651669158344,breakout
2024-04-01 12:00:00+00:00,-1,13732.534835469261,929.1299679921511,2024-04-07 01:00:00+00:00,stop,0.042877046376105114,breakout
2024-04-08 12:00:00+00:00,1,14415.193747547468,-618.9259448813854,2024-04-09 08:00:00+00:00,stop,-0.027435495843175853,breakout
2024-04-10 20:00:00+00:00,-1,13883.624980852363,3802.9004792057426,2024-04-14 05:00:00+00:00,stop,0.17524428076916637,breakout
2024-04-21 12:00:00+00:00,1,17340.91513689633,15.79950770364394,2024-04-24 15:00:00+00:00,stop,0.0005946718309499985,breakout
2024-04-25 16:00:00+00:00,-1,17354.01089234975,-366.9169438238738,2024-04-28 02:00:00+00:00,stop,-0.013718937897477985,breakout
2024-05-03 20:00:00+00:00,1,16977.28236018754,-624.091857731039,2024-05-07 03:00:00+00:00,stop,-0.02343721317920876,breakout
2024-05-07 08:00:00+00:00,-1,16323.301112206424,-512.3302105835584,2024-05-10 05:00:00+00:00,stop,-0.019622736011992443,breakout
2024-05-10 12:00:00+00:00,1,15750.836636959486,-967.8903191406707,2024-05-10 20:00:00+00:00,stop,-0.038102486611022765,breakout
2024-05-12 04:00:00+00:00,-1,14682.486086913308,-110.19175755114586,2024-05-15 14:00:00+00:00,stop,-0.004477061840199625,breakout
2024-05-16 00:00:00+00:00,1,14548.24550023883,8.64250498821552,2024-05-19 14:00:00+00:00,stop,0.0003582682687480135,breakout
2024-06-17 12:00:00+00:00,-1,14532.267323800841,828.0782935922639,2024-06-19 16:00:00+00:00,stop,0.03702590751797776,breakout
2024-06-25 16:00:00+00:00,1,15311.175231791025,-605.8348758884753,2024-06-28 22:00:00+00:00,stop,-0.025323362771246066,breakout
2024-06-30 00:00:00+00:00,-1,14681.420147765337,-701.0666863095835,2024-07-01 01:00:00+00:00,stop,-0.03000426262495174,breakout
2024-07-14 00:00:00+00:00,1,13965.999940689213,510.26703022111275,2024-07-16 08:00:00+00:00,stop,0.022061746116991562,breakout
2024-08-16 00:00:00+00:00,-1,14392.002117523623,-854.1869028628344,2024-08-18 12:00:00+00:00,stop,-0.036818559645171056,breakout
2024-08-22 00:00:00+00:00,1,13633.058446679566,758.8767218175238,2024-08-25 07:00:00+00:00,stop,0.03471504221564176,breakout
2024-08-28 04:00:00+00:00,-1,14257.97360694744,-127.27666743981905,2024-09-02 21:00:00+00:00,stop,-0.0056551622401844375,breakout
2024-09-10 04:00:00+00:00,1,14104.986286096648,593.0086089394953,2024-09-15 17:00:00+00:00,stop,0.0266956439247063,breakout
2024-09-16 08:00:00+00:00,-1,14707.732968315935,-416.82153687760103,2024-09-17 08:00:00+00:00,stop,-0.01872969577438558,breakout
2024-10-12 12:00:00+00:00,1,14275.501226951093,-470.22443801145886,2024-10-13 16:00:00+00:00,stop,-0.02234064523325364,breakout
2024-11-03 08:00:00+00:00,-1,13728.63257628832,-314.4110462953858,2024-11-06 01:00:00+00:00,stop,-0.016729061818932522,breakout
