hypothesis,case,cost,cagr,cash_reference_cagr,monthly_sharpe,max_drawdown,annual_turnover,mean_invested,positive_excess_year_share
T1_trend12,base,0.001,0.06499431213175955,0.008123733895376795,0.5859648931239829,-0.1944859805344058,3.4827001370554225,0.8951533135509396,0.75
T1_trend12,stress,0.002,0.06128803938954541,0.008123733895376795,0.5568850057694668,-0.19523672544309922,3.4827001370554225,0.8951533135509396,0.6666666666666666
T1_trend12,severe,0.004,0.05390683896398474,0.008123733895376795,0.49853914497002827,-0.19673711871982202,3.4827001370554225,0.8951533135509396,0.5833333333333334
T2_sma10,base,0.001,0.05715616976369464,0.008123733895376795,0.5014320694389238,-0.21611418680156536,4.820539648574199,0.909330695680844,0.6666666666666666
T2_sma10,stress,0.002,0.052065544912742956,0.008123733895376795,0.463737651015905,-0.2176795300349632,4.820539648574199,0.909330695680844,0.6666666666666666
T2_sma10,severe,0.004,0.04194414955119652,0.008123733895376795,0.38786768115760656,-0.22080430827527342,4.820539648574199,0.909330695680844,0.6666666666666666
M_mom12_1,base,0.001,0.06534693169336436,0.008123733895376795,0.4739189281577914,-0.25099831911627857,4.471017484960522,0.8816867947628247,0.6666666666666666
M_mom12_1,stress,0.002,0.06058749818828102,0.008123733895376795,0.44626248340235886,-0.25511069367471895,4.471017484960522,0.8816867947628247,0.5833333333333334
M_mom12_1,severe,0.004,0.05111863427135788,0.008123733895376795,0.3906748694651767,-0.2632837336172472,4.471017484960522,0.8816867947628247,0.5833333333333334
C_combined,base,0.001,0.061433591297822554,0.008123733895376795,0.44968421062363356,-0.25099831911627846,4.4638568089463755,0.8514467364625086,0.5833333333333334
C_combined,stress,0.002,0.05669958078787496,0.008123733895376795,0.4224433201082328,-0.2551106936747195,4.4638568089463755,0.8514467364625086,0.5833333333333334
C_combined,severe,0.004,0.047281912812615845,0.008123733895376795,0.3675428259761663,-0.2632837336172471,4.4638568089463755,0.8514467364625086,0.5833333333333334
ew_all,base,0.001,0.0708387635715444,0.008123733895376795,0.7441871923948787,-0.15767165858215937,0.5206415820014594,0.909330695680844,0.8333333333333334
ew_all,stress,0.002,0.07028095545673962,0.008123733895376795,0.7388970096875536,-0.15773417857186656,0.5206415820014594,0.909330695680844,0.8333333333333334
ew_all,severe,0.004,0.06916534900185933,0.008123733895376795,0.7282606415976225,-0.15785920882432714,0.5206415820014594,0.909330695680844,0.8333333333333334
mix_60_40,base,0.001,0.051032333989822876,0.008123733895376795,0.9620867167199978,-0.11088425549943481,0.17130127083104843,0.5492911308935048,0.5
mix_60_40,stress,0.002,0.05085217212243753,0.008123733895376795,0.9584320973682651,-0.11092371666072764,0.17130127083104843,0.5492911308935048,0.5
mix_60_40,severe,0.004,0.05049167207657623,0.008123733895376795,0.9510539364095337,-0.11100263516948095,0.17130127083104843,0.5492911308935048,0.4166666666666667
