date,AB,A_only,B_only,pit_sp1500
2004-01-31,-0.004298572881180629,-0.020232104391949224,0.019204668741102937,
2004-02-29,0.0342177542146922,0.03472501423146812,0.0629453829989648,
2004-03-31,-0.015458751265788218,-0.03688054485489334,0.03465663399292085,
2004-04-30,0.018001143459353885,0.0283192077181742,-0.008192141151122434,
2004-05-31,-0.019038662745463064,-0.01001341453177107,-0.04411931079833176,
2004-06-30,0.02169899518787921,0.027503531747043786,0.0042623436659881,
2004-07-31,-0.02804204825594714,-0.028440257109845657,-0.0226786480567438,
2004-08-31,-0.0027742120814635562,0.01077253797537403,-0.034577211207724834,
2004-09-30,0.04399759982213025,0.04211679341933516,0.040850387441554226,
2004-10-31,0.043517425346158545,0.03846988169484411,0.05100036667630503,
2004-11-30,0.058060841622526116,0.044582629054417344,0.07361767650630568,
2004-12-31,0.04211783895480181,0.03936082995288781,0.042090631280562896,
2005-01-31,-0.02649709936838829,-0.0353072605903304,-0.01687514898370457,
2005-02-28,0.02086462358883101,0.02205780193645812,0.017935045038894648,
2005-03-31,-0.009535798318936362,-0.018271914328852,-0.0012004763498798532,
2005-04-30,-0.045950696391275136,-0.04672161885346171,-0.04904877016478748,
2005-05-31,0.0508055620756338,0.04589183503600558,0.05345228864535234,
2005-06-30,0.014064475017374178,0.014812143672602973,0.015955592233737104,
2005-07-31,0.04925434969990805,0.05868239426682087,0.0436605001978807,
2005-08-31,-0.023248739501599558,-0.016441561354615053,-0.03206483532497473,
2005-09-30,-0.00159210489187267,0.0066057471725378125,-0.007969141652068856,
2005-10-31,-0.007765597728929929,-0.00968208252273417,-0.007302406903723302,
2005-11-30,0.06302462857920865,0.07748772916687763,0.04890269214101628,
2005-12-31,0.009042961179865028,0.0091951485566506,0.010703818406579968,
2006-01-31,0.042846307934679695,0.05073207651719591,0.03296511140912495,
2006-02-28,0.007939947165572114,0.012699961801577064,0.005268736601692803,
2006-03-31,0.03536664746758156,0.045231513877581175,0.023754716695568723,
2006-04-30,0.008963810880194822,0.009603786475126386,0.00509668514825945,
2006-05-31,-0.043341136628662125,-0.04043624665378287,-0.046192868787450436,
2006-06-30,0.0005130811878903963,-0.000778756548735493,-0.0008936347454733262,
2006-07-31,-0.027971453314679873,-0.01277528396921368,-0.04247106768911213,
2006-08-31,0.03363392890726802,0.017181103310476065,0.05161339613496674,
2006-09-30,0.022437585697049123,0.016722997775410198,0.03095483481575756,
2006-10-31,0.0456554334011845,0.04370237113709918,0.04530722351553296,
2006-11-30,0.033086986820490605,0.03004860554738653,0.031133083151846375,
2006-12-31,0.0030032259753394186,-0.0009714579285086122,0.010782722623949859,
2007-01-31,0.02477499470742317,0.016258726140177426,0.03446740158659356,
2007-02-28,-0.012906335139487135,-0.013829951866248358,-0.013856731376876485,
2007-03-31,0.02019253267374599,0.024174677166205027,0.018576998307888726,
2007-04-30,0.050720127338104826,0.05474407799680092,0.04984299388368685,
2007-05-31,0.045103143718100425,0.05341738359765391,0.03642112314371704,
2007-06-30,-0.009959228720462843,-0.013750593036734982,-0.011109355335473525,
2007-07-31,-0.04888394770912097,-0.04536372577341352,-0.04903860773187618,
2007-08-31,0.007295818160566903,0.005847064450716477,0.009695563291063136,
2007-09-30,0.01809734745044156,0.02175807558964915,0.015606171909210431,
2007-10-31,0.0027268573531953333,0.00020468543459672972,0.0018644552402218295,
2007-11-30,-0.053569016687022186,-0.055687336357275186,-0.05043945930056215,
2007-12-31,-0.013648626050799528,-0.029750686403420157,0.004068601736819444,
2008-01-31,-0.03831138544138202,-0.03868324856652261,-0.042022462842537855,
2008-02-29,-0.028769027427862914,-0.02891979902206354,-0.03299470658304571,
2008-03-31,-0.005668157599116652,-0.010231340699351166,-0.005720750156055998,
2008-04-30,0.05826488149681519,0.06274781524176354,0.0495345128625817,
2008-05-31,0.048304346529130626,0.0475621067120664,0.04263826117484126,
2008-06-30,-0.10968709877457195,-0.10811641596580612,-0.1093470522555352,
2008-07-31,0.0053565208236483475,0.0006375493238188756,0.0009329525562566943,
2008-08-31,0.04658908044706833,0.050151896932300044,0.04464058112677738,
2008-09-30,-0.12930991685772486,-0.13214760617456,-0.12359626622282405,
2008-10-31,-0.20582740260775856,-0.2121442270025775,-0.20823599454818642,
2008-11-30,-0.16428252849589464,-0.15987491199890935,-0.16311909372595268,
2008-12-31,0.07612623813602415,0.07703384555881287,0.07842949470405425,
2009-01-31,-0.06370715850538156,-0.06973937466966973,-0.053930870225759264,
2009-02-28,-0.10151358977745395,-0.09065899379329079,-0.11415695494370248,
2009-03-31,0.14609837978856377,0.15268445218590432,0.11444481257008876,
2009-04-30,0.21001662250535658,0.2033025366012895,0.22040367612069534,
2009-05-31,0.0981056250639214,0.11294478205839908,0.08705536687553006,
2009-06-30,0.0012864702749249002,0.000767555495185368,-0.0004679644504294034,
2009-07-31,0.08979441884968198,0.08449712092184436,0.08335873155465157,
2009-08-31,0.02751136569054813,0.02593768683546993,0.02256879465786743,
2009-09-30,0.08422482155823974,0.08569117748479171,0.08740510951353153,
2009-10-31,-0.018775700476379553,-0.025996408634078372,-0.005486690242987868,
2009-11-30,0.05914323503981467,0.07087833720423387,0.03394002728303813,
2009-12-31,0.04286770983016486,0.04801849455984941,0.03845294827025181,
2010-01-31,-0.0320248768151602,-0.028176011255579336,-0.03474254878148242,
2010-02-28,0.04669863323636925,0.04967648800731572,0.04220817711200753,
2010-03-31,0.07408176462960814,0.07280750023238025,0.07183815697664064,
2010-04-30,0.033441229222251234,0.03893081526194919,0.022510554183491127,
2010-05-31,-0.06563001151132253,-0.070247157418454,-0.05997350703190041,
2010-06-30,-0.05018868356727846,-0.05710546294587404,-0.04150334026616398,
2010-07-31,0.06597603758151482,0.057757472856432956,0.07166464043391163,
2010-08-31,-0.052271763973704255,-0.04882340070723934,-0.05455204227422661,
2010-09-30,0.10926865134894093,0.1085366834010455,0.10625677882008411,
2010-10-31,0.04429518380985331,0.043982000007242394,0.044658199013862365,
2010-11-30,0.03443211837293725,0.02502745972467668,0.04585367478602631,
2010-12-31,0.05038753476585689,0.05095000442219111,0.049848100362116066,
2011-01-31,0.011990168000154178,0.007997864593968229,0.014704295183463278,
2011-02-28,0.030170718468004676,0.02603564053142704,0.03637957618618293,
2011-03-31,0.02130451782516629,0.01634727971296379,0.02616828630879864,
2011-04-30,0.03543330587297744,0.033758175176345606,0.041678229519930055,
2011-05-31,-0.005564424828451986,-0.009911909432034016,-0.00023153046835622249,
2011-06-30,-0.012092956108998298,-0.013258424723634143,-0.012764832369156043,
2011-07-31,-0.036430039742152975,-0.03339306170379652,-0.033582862427791293,
2011-08-31,-0.07201553296676266,-0.06733973537400417,-0.07952132864071959,
2011-09-30,-0.09480968447769589,-0.11154152700913089,-0.07542596204460172,
2011-10-31,0.12350375973427319,0.11921347146868722,0.12807903770974693,
2011-11-30,0.009452004750338805,-0.00397325940452542,0.02490178431861012,
2011-12-31,0.021613123340292972,0.027129148672150993,0.015027100956831907,
2012-01-31,0.05528816693152416,0.05977577820063207,0.04731698575461163,
2012-02-29,0.04120694434028627,0.04955905525381832,0.040682811476050906,
2012-03-31,0.01865443049806581,0.014596364415040197,0.02045415479626067,
2012-04-30,-0.006313897443061434,-0.013449796146424609,0.006785480420180345,
2012-05-31,-0.09506618776763753,-0.10490515210523521,-0.08626402834732538,-0.10197955455022556
2012-06-30,0.04855933427648407,0.05005000215563671,0.04319279825219491,0.05063754315163682
2012-07-31,-0.016746847876128124,-0.023710807137446888,-0.016362462378003872,-0.0327115401313991
2012-08-31,0.04791770551988073,0.060824602123578764,0.043027894049178395,0.060042895759801596
2012-09-30,0.021381173523990604,0.023183695626840528,0.02299202472380313,-0.0026960474834241133
2012-10-31,-0.02061157595083274,-0.012742705711672131,-0.024332053092741446,-0.02555210467602198
2012-11-30,0.04172476756727783,0.04591899422311285,0.04011478809500191,0.051430846889658044
2012-12-31,0.03849019509768703,0.02693346261084839,0.046655904644827384,0.05044097093052646
2013-01-31,0.04621191935443525,0.04273025084607496,0.052527893561127526,0.05117762786367952
2013-02-28,0.0032581014562471644,0.006014849026958702,0.0022749455488000336,0.001845849086099971
2013-03-31,0.044372594799254816,0.04118536237028847,0.046520512630784605,0.045785359494565414
2013-04-30,0.005992959138471532,0.02060675404631085,-0.0010441660714206602,0.007594753995651349
2013-05-31,0.03917350761914773,0.032382201437668234,0.04660303692860124,0.05214115525469287
2013-06-30,-0.000578718358606789,0.008260097226684637,-0.012546730776002546,0.004722331488716813
2013-07-31,0.06075434677224911,0.05319256068369915,0.07004709016063826,0.06577415161332922
2013-08-31,-0.028203035047049463,-0.028001999026045277,-0.023729212563907587,-0.026895523132007604
2013-09-30,0.03390440137720874,0.03532662113833296,0.0354482399837277,0.03106292593787674
2013-10-31,0.0299408871243676,0.027042907213002287,0.041180032200174965,0.03531715695234561
2013-11-30,0.027352307509463714,0.02356229436087598,0.028631253835910586,0.02763260686292135
2013-12-31,0.03518941552247301,0.03931962773952424,0.03232663440313943,0.030979826713748215
2014-01-31,-0.02465906045772892,-0.032044404044537456,-0.0209184674851568,-0.020846196883120727
2014-02-28,0.05250452958813301,0.05549627361596232,0.045332289380383806,0.05562442043989435
2014-03-31,0.012541589738785719,0.014418792779342438,0.011254644928961666,0.014756586803398752
2014-04-30,-0.012506875379092786,-0.027734215734158463,0.0008375401683762274,-0.011893367862581217
2014-05-31,0.02515826002829069,0.03208260530987905,0.023967352732140013,0.025736346701246804
2014-06-30,0.03369185808387298,0.038836314037054676,0.027201636438334953,0.03635040153253688
2014-07-31,-0.030606295757687363,-0.03777354653399678,-0.024693050126282534,-0.02536304939556333
2014-08-31,0.04845497276129174,0.0447348227493225,0.05586673085865246,0.052374216791459816
2014-09-30,-0.04306076087648558,-0.046103377334085094,-0.04410064526912327,-0.0366693453256427
2014-10-31,0.035000906153825895,0.03774188730655825,0.030373908831946128,0.030003896427586163
2014-11-30,0.02504425644755437,0.0173489708731025,0.03381429851035023,0.030428149901445822
2014-12-31,0.012872319687502909,0.010710361153223769,0.015181030243229365,0.015398558615536961
2015-01-31,-0.03267316084524985,-0.022179306002333532,-0.04243049785122788,-0.030713262433140764
2015-02-28,0.05832009308541508,0.05578184430740607,0.06063653386806789,0.05444429299796183
2015-03-31,-0.011313508632366798,-0.013714194102547816,-0.007503566613760393,-0.008896325273309524
2015-04-30,0.004941319213930706,0.0007190687889127023,0.006334160945457246,0.006243758971564706
2015-05-31,0.010304318542837532,0.00843420991291799,0.009728471148130025,0.015573575321360389
2015-06-30,-0.021495734018782797,-0.03208721590546337,-0.009960754901535807,-0.012949748151142915
2015-07-31,-0.0097147352771626,-0.026008112457188814,0.009068256573935951,-0.004924133933704833
2015-08-31,-0.07322538173437576,-0.07640134471271431,-0.07346134312730745,-0.07942563063039187
2015-09-30,-0.025667824771639203,-0.04708692545343485,-0.005410138333671655,-0.020399446702159207
2015-10-31,0.053661050937216626,0.0462522598537094,0.05616249581695576,0.05888788111191268
2015-11-30,0.004245650231821996,-0.000864290566923831,0.004554567354089212,0.00938904411132846
2015-12-31,-0.04581414502168635,-0.05346017435972772,-0.036057762511472746,-0.043931771866755565
2016-01-31,-0.06443767131190936,-0.0645517123568955,-0.06721522584384165,-0.061677043432236345
2016-02-29,0.045017149703155734,0.054007047745392,0.030610666931533803,0.03759716666938484
2016-03-31,0.05625174905929664,0.060985178441024024,0.050182387544409846,0.057867934603502924
2016-04-30,0.004037293525591457,0.0056161363000490905,-0.001925857423750399,0.0014821773014579431
2016-05-31,-0.0016977833069515835,-0.01604361095002904,0.022250292454114584,0.008481688700745948
2016-06-30,-0.02027512873750914,-0.015138040289231824,-0.026891612865555525,-0.023990822290713476
2016-07-31,0.06958185039822684,0.06957638806717292,0.07060029168882753,0.07234016262782084
2016-08-31,0.011712386117222584,0.0039915924739344355,0.019109401794412673,0.013479456013941515
2016-09-30,-0.006274596182520797,-0.003028440392183196,-0.013610811617773222,-0.01007874495909622
2016-10-31,-0.02285541052951079,-0.03227351608299833,-0.017869609409809195,-0.025385545979171642
2016-11-30,0.07865410442335552,0.07543992183113457,0.08210861980880435,0.09027949485921605
2016-12-31,0.016248927894997545,0.011030099007074412,0.021144146523388807,0.022498612567166898
2017-01-31,0.020986960475208427,0.015527508342678464,0.01532208228418419,0.011999835457127794
2017-02-28,0.03135660682344299,0.0320477195796296,0.03254323176177598,0.029054321583744214
2017-03-31,-0.0010373290056445716,-0.004233182000270341,-0.003101166494565488,-0.005083140392391772
2017-04-30,0.019414427109104127,0.02304066860463161,0.013925974339919822,0.015702469201550828
2017-05-31,0.01206618579409291,0.011971483291251639,0.010155353077338836,0.008477971201644063
2017-06-30,0.025905312529887814,0.025505879552795596,0.025322723902435396,0.025823686457841832
2017-07-31,0.008682043044967891,0.012560208996742483,0.0037153106911662626,0.010636869248712433
2017-08-31,-0.006710176727199868,-0.015707524395348282,0.003118100800703072,-0.01043015118978008
2017-09-30,0.038926061043006444,0.03341775744269926,0.040382423677819634,0.04187822406891639
2017-10-31,0.02016148082538094,0.01838143378895385,0.017838880673024082,0.01608451825091417
2017-11-30,0.04048488084333757,0.03746083039333503,0.0394930245521421,0.0395366779423989
