accession,cik,year,stratum,split,matched,event_id
0000008868-12-000094,0000008868,2012,S2,DEV,"""repurchase of common stock""",E8B-0000008868-0000008868-12-000094
0000019745-06-000036,0000019745,2006,S1,HOLDOUT,"""purchase up to""",E8B-0000019745-0000019745-06-000036
0000036146-05-000049,0000036146,2005,S1,DEV,"""authorization to repurchase""|""authorized the repurchase""|""repurchase of up to""|""repurchase program""|""repurchase up to""|""share repurchase""",E8B-0000036146-0000036146-05-000049
0000050863-14-000054,0000050863,2014,S2,DEV,"""buyback""|""repurchase program""|""share repurchase""|""stock repurchase""",E8B-0000050863-0000050863-14-000054
0000055067-04-000161,0000055067,2004,S2,DEV,"""share repurchase""",E8B-0000055067-0000055067-04-000161
0000062709-07-000132,0000062709,2007,S2,DEV,"""repurchase common stock""|""share repurchase""",E8B-0000062709-0000062709-07-000132
0000070145-06-000073,0000070145,2006,S1,DEV,"""repurchase authorization""|""repurchase plan""|""repurchase up to""",E8B-0000070145-0000070145-06-000073
0000086521-08-000058,0001032208,2008,S2,DEV,"""repurchase program""|""share repurchase""",E8B-0001032208-0000086521-08-000058
0000098246-16-000317,0000098246,2016,S1,DEV,"""repurchase of up to""",E8B-0000098246-0000098246-16-000317
0000106535-11-000021,0000106535,2011,S2,DEV,"""repurchase of common stock""",E8B-0000106535-0000106535-11-000021
0000107140-15-000015,0000107140,2015,S2,DEV,"""repurchase program""|""repurchase shares""",E8B-0000107140-0000107140-15-000015
0000203596-07-000075,0000203596,2007,S2,DEV,"""repurchase shares""",E8B-0000203596-0000203596-07-000075
0000350852-07-000098,0000350852,2007,S1,HOLDOUT,"""repurchase authorization""",E8B-0000350852-0000350852-07-000098
0000351569-08-000034,0000351569,2008,S1,DEV,"""purchase up to""|""repurchase its common stock""|""repurchase of common stock""|""repurchase plan""",E8B-0000351569-0000351569-08-000034
0000717538-11-000079,0000717538,2011,S2,DEV,"""repurchase program""|""stock repurchase""",E8B-0000717538-0000717538-11-000079
0000726854-16-000090,0000726854,2016,S2,DEV,"""share repurchase""",E8B-0000726854-0000726854-16-000090
0000741516-15-000039,0000741516,2015,S2,HOLDOUT,"""repurchase program""|""stock repurchase""",E8B-0000741516-0000741516-15-000039
0000754009-07-000084,0000754009,2007,S2,DEV,"""repurchase program""|""share repurchase""",E8B-0000754009-0000754009-07-000084
0000765207-06-000015,0000765207,2006,S1,HOLDOUT,"""buyback""|""repurchase up to""",E8B-0000765207-0000765207-06-000015
0000785161-12-000043,0000785161,2012,S2,HOLDOUT,"""share repurchase""|""stock repurchase""",E8B-0000785161-0000785161-12-000043
0000811596-12-000047,0000811596,2012,S1,DEV,"""authorized the repurchase""|""repurchase authorization""|""repurchase of common stock""|""repurchase of up to""|""repurchase plan""|""repurchase program""|""repurchase shares""|""share repurchase""|""stock repurchase""",E8B-0000811596-0000811596-12-000047
0000821189-06-000177,0000821189,2006,S2,DEV,"""stock repurchase""",E8B-0000821189-0000821189-06-000177
0000874501-16-000285,0000874501,2016,S1,DEV,"""repurchase of up to""|""repurchase program""",E8B-0000874501-0000874501-16-000285
0000892712-11-000136,0000885639,2011,S1,HOLDOUT,"""repurchase authorization""|""repurchase program""|""share repurchase""",E8B-0000885639-0000892712-11-000136
0000897069-05-002310,0001193940,2005,S1,DEV,"""purchase up to""",E8B-0001193940-0000897069-05-002310
0000897101-10-000314,0001118037,2010,S1,DEV,"""purchase up to""",E8B-0001118037-0000897101-10-000314
0000905729-08-000328,0000743238,2008,S1,DEV,"""buy back""|""buy-back""|""repurchase program""|""repurchase up to""|""share repurchase""|""stock repurchase""",E8B-0000743238-0000905729-08-000328
0000906280-04-000372,0000921549,2004,S1,HOLDOUT,"""purchase up to""",E8B-0000921549-0000906280-04-000372
0000909654-05-001555,0001108134,2005,S1,HOLDOUT,"""purchase of up to""",E8B-0001108134-0000909654-05-001555
0000913849-09-000597,0000719164,2009,S2,DEV,"""repurchase program""|""share repurchase""",E8B-0000719164-0000913849-09-000597
0000914317-05-000165,0001144515,2005,S2,DEV,"""repurchase of shares""",E8B-0001144515-0000914317-05-000165
0000914317-09-000085,0001050743,2009,S1,DEV,"""purchase up to""|""repurchase its common stock""|""repurchase of common stock""|""repurchase plan""",E8B-0001050743-0000914317-09-000085
0000916002-08-000070,0000030302,2008,S1,HOLDOUT,"""authorized the repurchase""|""buy back""|""buy-back""|""repurchase program""|""stock repurchase""",E8B-0000030302-0000916002-08-000070
0000918160-16-000109,0000918160,2016,S2,HOLDOUT,"""repurchase program""|""share repurchase""",E8B-0000918160-0000918160-16-000109
0000921895-06-001692,0000883670,2006,S1,DEV,"""repurchase authorization""",E8B-0000883670-0000921895-06-001692
0000930413-05-003544,0001203957,2005,S2,DEV,"""stock repurchase""",E8B-0001203957-0000930413-05-003544
0000946275-12-000354,0001374783,2012,S1,DEV,"""repurchase program""|""repurchase up to""|""stock repurchase""",E8B-0001374783-0000946275-12-000354
0000947871-09-000310,0000029915,2009,S2,DEV,"""buy back""|""buy-back""",E8B-0000029915-0000947871-09-000310
0000950103-09-001262,0001339048,2009,S1,DEV,"""purchase up to""",E8B-0001339048-0000950103-09-001262
0000950123-05-007488,0000093451,2005,S1,DEV,"""authorization to repurchase""|""repurchase authorization""|""stock repurchase""",E8B-0000093451-0000950123-05-007488
0000950123-06-001872,0001018840,2006,S1,DEV,"""repurchase authorization""|""repurchase program""|""share repurchase""|""stock repurchase""",E8B-0001018840-0000950123-06-001872
0000950123-07-017127,0000065100,2007,S1,DEV,"""purchase up to""",E8B-0000065100-0000950123-07-017127
0000950123-08-007952,0000019617,2008,S2,DEV,"""repurchase program""|""stock repurchase""",E8B-0000019617-0000950123-08-007952
0000950123-09-013467,0000923120,2009,S1,HOLDOUT,"""purchase up to""",E8B-0000923120-0000950123-09-013467
0000950123-10-040641,0001020416,2010,S2,HOLDOUT,"""repurchase of common stock""",E8B-0001020416-0000950123-10-040641
0000950123-10-095482,0001040593,2010,S1,DEV,"""repurchase up to""",E8B-0001040593-0000950123-10-095482
0000950123-11-006074,0001080099,2011,S1,DEV,"""repurchase authorization""|""repurchase program""|""repurchase shares""|""stock repurchase""",E8B-0001080099-0000950123-11-006074
0000950124-04-003772,0001163370,2004,S1,HOLDOUT,"""authorized to repurchase""|""repurchase program""|""repurchase up to""|""stock repurchase""",E8B-0001163370-0000950124-04-003772
0000950124-05-001405,0000277158,2005,S1,HOLDOUT,"""purchase up to""",E8B-0000277158-0000950124-05-001405
0000950133-07-002352,0001181001,2007,S1,DEV,"""repurchase program""|""repurchase up to""|""stock repurchase""",E8B-0001181001-0000950133-07-002352
0000950134-06-000823,0000772897,2006,S1,DEV,"""purchase up to""",E8B-0000772897-0000950134-06-000823
0000950134-06-019251,0001101215,2006,S2,DEV,"""buyback""|""repurchase program""|""stock repurchase""",E8B-0001101215-0000950134-06-019251
0000950134-09-003677,0000866873,2009,S1,DEV,"""repurchase authorization""|""repurchase shares""|""stock repurchase""",E8B-0000866873-0000950134-09-003677
0000950134-09-007661,0000085535,2009,S1,DEV,"""purchase up to""",E8B-0000085535-0000950134-09-007661
0000950136-05-005536,0000803034,2005,S1,HOLDOUT,"""purchase up to""",E8B-0000803034-0000950136-05-005536
0000950144-04-007191,0000701853,2004,S1,DEV,"""repurchase its common stock""|""repurchase of up to""|""repurchase plan""|""stock repurchase""",E8B-0000701853-0000950144-04-007191
0000950144-08-009485,0000018349,2008,S1,HOLDOUT,"""purchase of up to""|""purchase up to""|""repurchase of common stock""|""repurchase plan""",E8B-0000018349-0000950144-08-009485
0000950152-05-003463,0000049196,2005,S1,HOLDOUT,"""repurchase authorization""|""repurchase program""|""repurchase up to""|""share repurchase""",E8B-0000049196-0000950152-05-003463
0000950152-06-000210,0000069970,2006,S1,HOLDOUT,"""authorization to repurchase""|""authorized the repurchase""|""repurchase authorization""|""share repurchase""|""stock repurchase""",E8B-0000069970-0000950152-06-000210
0000950152-08-004027,0000836147,2008,S1,DEV,"""authorized the repurchase""|""repurchase of up to""|""repurchase program""|""share repurchase""",E8B-0000836147-0000950152-08-004027
0000950152-08-008754,0000924717,2008,S2,DEV,"""repurchase of common stock""|""share repurchase""",E8B-0000924717-0000950152-08-008754
0000950162-10-000232,0000791908,2010,S1,DEV,"""purchase up to""",E8B-0000791908-0000950162-10-000232
0000950172-04-003043,0000929987,2004,S2,DEV,"""repurchase of shares""",E8B-0000929987-0000950172-04-003043
0001000228-14-000006,0001000228,2014,S2,HOLDOUT,"""repurchase of shares""|""repurchase plan""|""stock repurchase""",E8B-0001000228-0001000228-14-000006
0001000229-15-000081,0001000229,2015,S1,DEV,"""repurchase up to""",E8B-0001000229-0001000229-15-000081
0001013762-12-001520,0001419793,2012,S1,DEV,"""purchase up to""",E8B-0001419793-0001013762-12-001520
0001014108-05-000259,0000030302,2005,S2,HOLDOUT,"""stock repurchase""",E8B-0000030302-0001014108-05-000259
0001017491-16-000107,0001017491,2016,S1,DEV,"""purchase up to""",E8B-0001017491-0001017491-16-000107
0001019687-04-002136,0001084400,2004,S2,DEV,"""repurchase shares""|""stock repurchase""",E8B-0001084400-0001019687-04-002136
0001019687-05-002409,0001053648,2005,S1,DEV,"""purchase up to""",E8B-0001053648-0001019687-05-002409
0001019687-06-001566,0001127696,2006,S1,DEV,"""purchase up to""",E8B-0001127696-0001019687-06-001566
0001019687-09-000385,0001114925,2009,S2,DEV,"""repurchase shares""",E8B-0001114925-0001019687-09-000385
0001019687-13-000383,0001360564,2013,S1,HOLDOUT,"""purchase up to""",E8B-0001360564-0001019687-13-000383
0001019687-13-004541,0001355848,2013,S1,DEV,"""purchase up to""",E8B-0001355848-0001019687-13-004541
0001035002-15-000049,0001035002,2015,S1,HOLDOUT,"""buyback""|""repurchase authorization""|""share repurchase""",E8B-0001035002-0001035002-15-000049
0001035704-05-000383,0001065865,2005,S2,DEV,"""buyback""|""repurchase plan""|""repurchase program""|""share repurchase""|""stock repurchase""",E8B-0001065865-0001035704-05-000383
0001039684-10-000037,0001039684,2010,S1,HOLDOUT,"""purchase of up to""|""repurchase program""|""share repurchase""|""stock repurchase""",E8B-0001039684-0001039684-10-000037
0001041061-11-000036,0001041061,2011,S2,HOLDOUT,"""repurchase shares""",E8B-0001041061-0001041061-11-000036
0001047122-12-000166,0001047122,2012,S2,DEV,"""repurchase program""|""share repurchase""",E8B-0001047122-0001047122-12-000166
0001047469-14-004799,0001286043,2014,S1,HOLDOUT,"""authorized to repurchase""|""repurchase program""|""repurchase shares""|""share repurchase""",E8B-0001286043-0001047469-14-004799
0001062993-14-005888,0001532390,2014,S1,DEV,"""purchase up to""",E8B-0001532390-0001062993-14-005888
0001062993-15-001424,0001409916,2015,S1,DEV,"""purchase up to""",E8B-0001409916-0001062993-15-001424
0001065516-07-000021,0000790273,2007,S1,DEV,"""purchase up to""|""stock repurchase""",E8B-0000790273-0001065516-07-000021
0001072613-13-000508,0001065078,2013,S1,DEV,"""repurchase program""|""repurchase up to""|""share repurchase""",E8B-0001065078-0001072613-13-000508
0001078782-15-000144,0001602381,2015,S1,HOLDOUT,"""purchase up to""",E8B-0001602381-0001078782-15-000144
0001095073-16-000102,0001095073,2016,S1,DEV,"""repurchase authorization""|""share repurchase""",E8B-0001095073-0001095073-16-000102
0001104659-04-000878,0000049754,2004,S2,HOLDOUT,"""buy back""|""buy-back""|""buyback""",E8B-0000049754-0001104659-04-000878
0001104659-06-071684,0000906469,2006,S2,DEV,"""buyback""",E8B-0000906469-0001104659-06-071684
0001104659-07-031902,0001116521,2007,S1,DEV,"""authorization to repurchase""|""repurchase program""|""repurchase shares""|""share repurchase""",E8B-0001116521-0001104659-07-031902
0001104659-07-082452,0001281657,2007,S1,HOLDOUT,"""purchase up to""",E8B-0001281657-0001104659-07-082452
0001104659-08-046458,0001344632,2008,S1,DEV,"""buyback""|""repurchase authorization""|""repurchase program""|""repurchase shares""|""share repurchase""",E8B-0001344632-0001104659-08-046458
0001104659-09-017997,0001120370,2009,S1,DEV,"""purchase up to""",E8B-0001120370-0001104659-09-017997
0001104659-10-025426,0001130385,2010,S2,DEV,"""repurchase program""|""share repurchase""",E8B-0001130385-0001104659-10-025426
0001104659-11-031905,0001378453,2011,S1,DEV,"""purchase up to""",E8B-0001378453-0001104659-11-031905
0001104659-11-038315,0000805267,2011,S2,DEV,"""repurchase its shares""",E8B-0000805267-0001104659-11-038315
0001104659-12-011042,0001047166,2012,S2,DEV,"""buyback""",E8B-0001047166-0001104659-12-011042
0001104659-12-042745,0000029534,2012,S1,HOLDOUT,"""purchase up to""",E8B-0000029534-0001104659-12-042745
0001104659-13-062712,0001307748,2013,S2,DEV,"""repurchase program""|""share repurchase""",E8B-0001307748-0001104659-13-062712
0001104659-15-008889,0001139812,2015,S1,DEV,"""repurchase of up to""",E8B-0001139812-0001104659-15-008889
0001104659-15-037308,0001385157,2015,S2,DEV,"""repurchase program""|""share repurchase""",E8B-0001385157-0001104659-15-037308
0001104659-16-096923,0001105472,2016,S1,HOLDOUT,"""authorized to repurchase""|""buyback""|""repurchase of common stock""|""repurchase up to""",E8B-0001105472-0001104659-16-096923
0001104659-16-117953,0001235468,2016,S1,HOLDOUT,"""repurchase program""|""repurchase shares""|""repurchase up to""|""share repurchase""",E8B-0001235468-0001104659-16-117953
0001104659-16-146428,0001585790,2016,S1,HOLDOUT,"""purchase up to""",E8B-0001585790-0001104659-16-146428
0001104659-17-014057,0000726728,2017,S1,DEV,"""purchase up to""",E8B-0000726728-0001104659-17-014057
0001116502-10-000092,0001007019,2010,S2,DEV,"""stock repurchase""",E8B-0001007019-0001116502-10-000092
0001116679-07-000586,0000933730,2007,S1,HOLDOUT,"""buy back""|""buy-back""|""repurchase authorization""|""repurchase program""|""share repurchase""|""stock repurchase""",E8B-0000933730-0001116679-07-000586
0001124024-08-000017,0001124024,2008,S1,HOLDOUT,"""purchase up to""",E8B-0001124024-0001124024-08-000017
0001125282-04-005521,0001091748,2004,S1,DEV,"""purchase up to""",E8B-0001091748-0001125282-04-005521
0001125282-06-006593,0001060386,2006,S2,HOLDOUT,"""repurchase program""|""share repurchase""",E8B-0001060386-0001125282-06-006593
0001136261-07-000167,0000928421,2007,S1,DEV,"""repurchase plan""|""repurchase program""|""repurchase up to""|""share repurchase""|""stock repurchase""",E8B-0000928421-0001136261-07-000167
0001136261-13-000295,0001477246,2013,S1,HOLDOUT,"""buyback""|""repurchase program""|""repurchase up to""|""stock repurchase""",E8B-0001477246-0001136261-13-000295
0001140361-08-014126,0000037996,2008,S1,HOLDOUT,"""purchase of up to""",E8B-0000037996-0001140361-08-014126
0001140361-12-051611,0000912767,2012,S1,DEV,"""buy back""|""buy-back""|""purchase up to""",E8B-0000912767-0001140361-12-051611
0001140361-14-039180,0000790359,2014,S1,DEV,"""repurchase program""|""repurchase up to""|""stock repurchase""",E8B-0000790359-0001140361-14-039180
0001144204-04-000353,0000749660,2004,S1,DEV,"""purchase up to""",E8B-0000749660-0001144204-04-000353
0001144204-04-007378,0001101268,2004,S1,DEV,"""authorized the repurchase""|""buyback""|""repurchase of up to""|""repurchase program""|""stock repurchase""",E8B-0001101268-0001144204-04-007378
0001144204-05-010951,0001006655,2005,S1,DEV,"""purchase up to""",E8B-0001006655-0001144204-05-010951
0001144204-06-031388,0001017110,2006,S1,DEV,"""purchase up to""",E8B-0001017110-0001144204-06-031388
0001144204-08-065890,0000824410,2008,S1,DEV,"""purchase of up to""|""purchase up to""",E8B-0000824410-0001144204-08-065890
0001144204-09-007521,0001082923,2009,S1,DEV,"""repurchase plan""|""repurchase program""|""repurchase up to""|""share repurchase""",E8B-0001082923-0001144204-09-007521
0001144204-09-010444,0000106532,2009,S1,HOLDOUT,"""repurchase program""|""repurchase up to""|""stock repurchase""",E8B-0000106532-0001144204-09-010444
0001144204-09-035477,0000747345,2009,S1,HOLDOUT,"""purchase up to""",E8B-0000747345-0001144204-09-035477
0001144204-09-059817,0001335249,2009,S2,DEV,"""repurchase of common stock""|""repurchase shares""",E8B-0001335249-0001144204-09-059817
0001144204-10-015841,0001355128,2010,S1,HOLDOUT,"""purchase up to""",E8B-0001355128-0001144204-10-015841
0001144204-10-024176,0001087848,2010,S1,DEV,"""purchase of up to""",E8B-0001087848-0001144204-10-024176
0001144204-10-038918,0001279704,2010,S1,DEV,"""purchase of up to""|""purchase up to""",E8B-0001279704-0001144204-10-038918
0001144204-10-066094,0000798081,2010,S2,DEV,"""repurchase plan""|""repurchase program""|""stock repurchase""",E8B-0000798081-0001144204-10-066094
0001144204-11-024657,0001070045,2011,S1,DEV,"""purchase up to""",E8B-0001070045-0001144204-11-024657
0001144204-11-054808,0001366868,2011,S1,DEV,"""purchase up to""",E8B-0001366868-0001144204-11-054808
0001144204-13-023568,0001008654,2013,S1,HOLDOUT,"""repurchase of common stock""|""repurchase up to""",E8B-0001008654-0001144204-13-023568
0001144204-13-025578,0001407161,2013,S2,HOLDOUT,"""repurchase of common stock""",E8B-0001407161-0001144204-13-025578
0001144204-14-014826,0000707511,2014,S1,DEV,"""purchase up to""",E8B-0000707511-0001144204-14-014826
0001144204-14-043509,0000810958,2014,S1,DEV,"""authorized to repurchase""|""repurchase program""|""repurchase up to""|""share repurchase""|""stock repurchase""",E8B-0000810958-0001144204-14-043509
0001144204-15-005481,0001324948,2015,S2,HOLDOUT,"""repurchase of common stock""",E8B-0001324948-0001144204-15-005481
0001144204-16-113450,0000936468,2016,S2,HOLDOUT,"""share repurchase""",E8B-0000936468-0001144204-16-113450
0001144204-17-012292,0000910108,2017,S2,HOLDOUT,"""buyback""",E8B-0000910108-0001144204-17-012292
0001157523-07-002815,0001059262,2007,S1,DEV,"""authorized the repurchase""|""repurchase of shares""|""repurchase program""|""stock repurchase""",E8B-0001059262-0001157523-07-002815
0001157523-09-003667,0001032220,2009,S2,HOLDOUT,"""repurchase program""|""share repurchase""|""stock repurchase""",E8B-0001032220-0001157523-09-003667
0001157523-10-000717,0000061478,2010,S2,DEV,"""stock repurchase""",E8B-0000061478-0001157523-10-000717
0001157523-11-003831,0000108516,2011,S1,DEV,"""authorization to repurchase""|""authorized the repurchase""|""repurchase authorization""|""repurchase of up to""|""share repurchase""",E8B-0000108516-0001157523-11-003831
0001157523-11-006127,0000049071,2011,S1,DEV,"""repurchase authorization""|""repurchase program""|""share repurchase""",E8B-0000049071-0001157523-11-006127
0001157523-12-005586,0000901491,2012,S2,HOLDOUT,"""repurchase program""|""share repurchase""",E8B-0000901491-0001157523-12-005586
0001157523-13-002741,0000028917,2013,S2,DEV,"""share repurchase""",E8B-0000028917-0001157523-13-002741
0001157523-16-004733,0001520566,2016,S1,DEV,"""repurchase of up to""|""repurchase program""|""repurchase up to""|""share repurchase""|""stock repurchase""",E8B-0001520566-0001157523-16-004733
0001157523-17-003039,0001018963,2017,S1,HOLDOUT,"""purchase up to""",E8B-0001018963-0001157523-17-003039
0001161697-15-000404,0001463459,2015,S1,DEV,"""purchase up to""",E8B-0001463459-0001161697-15-000404
0001167687-07-000073,0001065677,2007,S1,DEV,"""authorized to repurchase""|""repurchase program""|""repurchase shares""|""share repurchase""|""stock repurchase""",E8B-0001065677-0001167687-07-000073
0001169232-04-003105,0001184818,2004,S1,DEV,"""authorized the repurchase""|""repurchase of up to""|""repurchase plan""|""repurchase program""|""stock repurchase""",E8B-0001184818-0001169232-04-003105
0001171843-14-001790,0001371446,2014,S1,HOLDOUT,"""repurchase up to""",E8B-0001371446-0001171843-14-001790
0001171843-15-000413,0001343034,2015,S1,HOLDOUT,"""buyback""|""repurchase of up to""|""repurchase program""|""repurchase up to""|""share repurchase""",E8B-0001343034-0001171843-15-000413
0001179706-07-000013,0001007456,2007,S1,HOLDOUT,"""repurchase authorization""|""repurchase up to""|""share repurchase""",E8B-0001007456-0001179706-07-000013
0001181431-07-067739,0000073773,2007,S1,DEV,"""purchase up to""",E8B-0000073773-0001181431-07-067739
0001193125-04-020183,0000879169,2004,S1,DEV,"""purchase up to""",E8B-0000879169-0001193125-04-020183
0001193125-04-052413,0000753899,2004,S1,DEV,"""purchase up to""",E8B-0000753899-0001193125-04-052413
0001193125-04-101402,0000946738,2004,S2,DEV,"""buyback""",E8B-0000946738-0001193125-04-101402
0001193125-04-125374,0001050446,2004,S1,HOLDOUT,"""authorized the repurchase""|""repurchase of up to""|""repurchase program""|""repurchase shares""|""share repurchase""",E8B-0001050446-0001193125-04-125374
0001193125-05-067306,0000949925,2005,S1,DEV,"""purchase up to""",E8B-0000949925-0001193125-05-067306
0001193125-05-226006,0000311407,2005,S1,DEV,"""purchase up to""|""repurchase program""|""stock repurchase""",E8B-0000311407-0001193125-05-226006
0001193125-06-105653,0001092914,2006,S1,DEV,"""purchase up to""",E8B-0001092914-0001193125-06-105653
0001193125-06-174645,0000921506,2006,S1,DEV,"""purchase up to""",E8B-0000921506-0001193125-06-174645
0001193125-07-019662,0001042776,2007,S2,HOLDOUT,"""repurchase of shares""|""repurchase program""|""repurchase shares""|""share repurchase""",E8B-0001042776-0001193125-07-019662
0001193125-07-034206,0000914713,2007,S1,DEV,"""purchase up to""|""stock repurchase""",E8B-0000914713-0001193125-07-034206
0001193125-07-140780,0001370946,2007,S2,DEV,"""buy back""|""buy-back""",E8B-0001370946-0001193125-07-140780
0001193125-07-223372,0000106640,2007,S2,HOLDOUT,"""repurchase program""|""share repurchase""",E8B-0000106640-0001193125-07-223372
0001193125-08-045103,0000077281,2008,S1,DEV,"""repurchase up to""",E8B-0000077281-0001193125-08-045103
0001193125-08-087961,0001018724,2008,S1,DEV,"""repurchase program""|""repurchase up to""",E8B-0001018724-0001193125-08-087961
0001193125-08-185435,0001088825,2008,S2,HOLDOUT,"""stock repurchase""",E8B-0001088825-0001193125-08-185435
0001193125-08-211327,0000105016,2008,S2,HOLDOUT,"""repurchase plan""|""stock repurchase""",E8B-0000105016-0001193125-08-211327
0001193125-08-249545,0001210227,2008,S2,DEV,"""repurchase of common stock""|""repurchase plan""",E8B-0001210227-0001193125-08-249545
0001193125-09-012579,0001385187,2009,S1,DEV,"""buyback""|""purchase up to""",E8B-0001385187-0001193125-09-012579
0001193125-09-231940,0001401923,2009,S1,DEV,"""purchase up to""",E8B-0001401923-0001193125-09-231940
0001193125-10-165189,0001035267,2010,S1,DEV,"""repurchase program""|""repurchase up to""|""share repurchase""|""stock repurchase""",E8B-0001035267-0001193125-10-165189
0001193125-10-165487,0000002488,2010,S1,HOLDOUT,"""purchase up to""",E8B-0000002488-0001193125-10-165487
0001193125-10-248975,0001053507,2010,S1,DEV,"""purchase up to""|""repurchase program""|""stock repurchase""",E8B-0001053507-0001193125-10-248975
0001193125-11-064116,0001070412,2011,S2,HOLDOUT,"""repurchase of shares""",E8B-0001070412-0001193125-11-064116
0001193125-11-115503,0001214816,2011,S2,DEV,"""repurchase plan""",E8B-0001214816-0001193125-11-115503
0001193125-11-217908,0000095304,2011,S1,DEV,"""repurchase authorization""|""repurchase program""|""repurchase shares""|""repurchase up to""|""share repurchase""",E8B-0000095304-0001193125-11-217908
0001193125-11-289134,0001034054,2011,S1,HOLDOUT,"""repurchase authorization""|""repurchase program""|""stock repurchase""",E8B-0001034054-0001193125-11-289134
0001193125-11-314502,0001405073,2011,S1,DEV,"""purchase up to""",E8B-0001405073-0001193125-11-314502
0001193125-12-088515,0001367064,2012,S1,HOLDOUT,"""purchase up to""",E8B-0001367064-0001193125-12-088515
0001193125-12-279677,0000894315,2012,S1,DEV,"""purchase up to""",E8B-0000894315-0001193125-12-279677
0001193125-12-314700,0001175483,2012,S1,HOLDOUT,"""purchase up to""",E8B-0001175483-0001193125-12-314700
0001193125-12-335101,0001398659,2012,S1,DEV,"""purchase up to""",E8B-0001398659-0001193125-12-335101
0001193125-12-356201,0001514281,2012,S1,DEV,"""purchase up to""",E8B-0001514281-0001193125-12-356201
0001193125-13-001045,0001392380,2013,S1,DEV,"""repurchase program""|""repurchase shares""|""repurchase up to""|""stock repurchase""",E8B-0001392380-0001193125-13-001045
0001193125-13-021392,0000097210,2013,S2,DEV,"""repurchase of common stock""",E8B-0000097210-0001193125-13-021392
0001193125-13-071684,0001371217,2013,S1,DEV,"""purchase up to""",E8B-0001371217-0001193125-13-071684
0001193125-13-243302,0000356213,2013,S1,DEV,"""purchase up to""",E8B-0000356213-0001193125-13-243302
0001193125-13-324256,0001137774,2013,S2,HOLDOUT,"""share repurchase""",E8B-0001137774-0001193125-13-324256
0001193125-13-425185,0000775368,2013,S1,DEV,"""authorized the repurchase""|""repurchase authorization""|""repurchase of shares""|""share repurchase""",E8B-0000775368-0001193125-13-425185
0001193125-13-461044,0001414475,2013,S1,DEV,"""purchase up to""",E8B-0001414475-0001193125-13-461044
0001193125-13-468560,0000035527,2013,S2,DEV,"""repurchase program""|""share repurchase""",E8B-0000035527-0001193125-13-468560
0001193125-14-072693,0000812128,2014,S1,DEV,"""repurchase program""|""repurchase up to""|""stock repurchase""",E8B-0000812128-0001193125-14-072693
0001193125-14-082252,0001357326,2014,S2,DEV,"""repurchase program""|""share repurchase""|""stock repurchase""",E8B-0001357326-0001193125-14-082252
0001193125-14-104483,0001105184,2014,S1,HOLDOUT,"""purchase up to""",E8B-0001105184-0001193125-14-104483
0001193125-14-124110,0000877860,2014,S2,HOLDOUT,"""repurchase program""|""stock repurchase""",E8B-0000877860-0001193125-14-124110
0001193125-14-161393,0000844856,2014,S1,HOLDOUT,"""purchase up to""",E8B-0000844856-0001193125-14-161393
0001193125-14-191144,0001383312,2014,S2,DEV,"""repurchase plan""|""stock repurchase""",E8B-0001383312-0001193125-14-191144
0001193125-14-285569,0001156039,2014,S1,DEV,"""repurchase authorization""|""repurchase program""|""repurchase shares""|""share repurchase""",E8B-0001156039-0001193125-14-285569
0001193125-15-005164,0000880285,2015,S1,DEV,"""purchase up to""",E8B-0000880285-0001193125-15-005164
0001193125-15-202981,0001095565,2015,S1,DEV,"""purchase up to""",E8B-0001095565-0001193125-15-202981
0001193125-16-452401,0000805305,2016,S1,DEV,"""purchase of up to""",E8B-0000805305-0001193125-16-452401
0001193125-16-471655,0000277595,2016,S1,DEV,"""purchase up to""",E8B-0000277595-0001193125-16-471655
0001193125-16-591685,0000707179,2016,S2,DEV,"""repurchase plan""|""share repurchase""",E8B-0000707179-0001193125-16-591685
0001193125-17-018174,0001331520,2017,S1,DEV,"""authorized the repurchase""|""repurchase authorization""|""repurchase of up to""|""repurchase program""|""stock repurchase""",E8B-0001331520-0001193125-17-018174
0001193125-17-102794,0001571996,2017,S1,DEV,"""repurchase of shares""|""repurchase program""|""repurchase up to""|""share repurchase""|""stock repurchase""",E8B-0001571996-0001193125-17-102794
0001193125-17-122433,0000896985,2017,S2,DEV,"""repurchase of common stock""",E8B-0000896985-0001193125-17-122433
0001193125-17-130965,0001562401,2017,S1,DEV,"""purchase up to""",E8B-0001562401-0001193125-17-130965
0001193125-17-276757,0000789570,2017,S2,DEV,"""repurchase program""|""repurchase shares""|""share repurchase""|""stock repurchase""",E8B-0000789570-0001193125-17-276757
0001193125-17-350711,0000829224,2017,S2,DEV,"""repurchase program""|""share repurchase""",E8B-0000829224-0001193125-17-350711
0001193125-17-361061,0001690820,2017,S2,DEV,"""repurchase of common stock""",E8B-0001690820-0001193125-17-361061
0001193125-17-365033,0001466538,2017,S1,HOLDOUT,"""purchase up to""",E8B-0001466538-0001193125-17-365033
0001206774-14-000353,0000829224,2014,S1,DEV,"""purchase up to""",E8B-0000829224-0001206774-14-000353
0001213900-16-010706,0001582341,2016,S1,DEV,"""purchase up to""",E8B-0001582341-0001213900-16-010706
0001213900-17-001238,0001580490,2017,S1,DEV,"""purchase up to""",E8B-0001580490-0001213900-17-001238
0001254595-15-000069,0001254595,2015,S2,DEV,"""repurchase program""|""share repurchase""",E8B-0001254595-0001254595-15-000069
0001275287-06-000925,0000883293,2006,S2,DEV,"""share repurchase""",E8B-0000883293-0001275287-06-000925
0001275287-06-003712,0000813621,2006,S2,HOLDOUT,"""repurchase program""|""stock repurchase""",E8B-0000813621-0001275287-06-003712
0001294606-14-000181,0001527675,2014,S1,DEV,"""purchase up to""",E8B-0001527675-0001294606-14-000181
0001299933-05-004127,0001080034,2005,S1,DEV,"""purchase up to""|""repurchase program""|""stock repurchase""",E8B-0001080034-0001299933-05-004127
0001299933-05-004150,0000878736,2005,S2,DEV,"""repurchase program""|""share repurchase""",E8B-0000878736-0001299933-05-004150
0001299933-06-003638,0001007800,2006,S1,HOLDOUT,"""purchase up to""",E8B-0001007800-0001299933-06-003638
0001299933-10-001428,0001410402,2010,S1,DEV,"""purchase up to""",E8B-0001410402-0001299933-10-001428
0001318084-11-000026,0001318084,2011,S1,HOLDOUT,"""authorized to repurchase""|""repurchase of up to""|""repurchase plan""|""repurchase program""|""repurchase shares""|""repurchase up to""|""share repurchase""|""stock repurchase""",E8B-0001318084-0001318084-11-000026
0001338065-13-000029,0001338065,2013,S1,DEV,"""purchase up to""",E8B-0001338065-0001338065-13-000029
0001341004-08-001782,0001326003,2008,S1,HOLDOUT,"""repurchase plan""|""repurchase program""|""repurchase up to""|""share repurchase""",E8B-0001326003-0001341004-08-001782
0001341004-15-000395,0000767920,2015,S2,DEV,"""repurchase of common stock""|""repurchase shares""|""stock repurchase""",E8B-0000767920-0001341004-15-000395
0001380389-17-000049,0001001463,2017,S1,HOLDOUT,"""purchase up to""",E8B-0001001463-0001380389-17-000049
0001387131-12-000690,0001173281,2012,S1,DEV,"""purchase up to""",E8B-0001173281-0001387131-12-000690
0001420800-15-000027,0001420800,2015,S1,DEV,"""repurchase of up to""|""stock repurchase""",E8B-0001420800-0001420800-15-000027
0001437749-14-019549,0000912061,2014,S2,DEV,"""repurchase of common stock""|""repurchase program""|""share repurchase""|""stock repurchase""",E8B-0000912061-0001437749-14-019549
0001437749-15-016202,0000946454,2015,S1,HOLDOUT,"""authorized the repurchase""|""repurchase its shares""|""repurchase of up to""|""repurchase program""|""repurchase shares""|""repurchase up to""|""share repurchase""",E8B-0000946454-0001437749-15-016202
0001477932-15-007851,0001281198,2016,S2,DEV,"""stock repurchase""",E8B-0001281198-0001477932-15-007851
0001513162-12-000937,0000919130,2012,S2,DEV,"""buy back""|""buy-back""",E8B-0000919130-0001513162-12-000937
0001542447-16-000083,0001542447,2016,S2,DEV,"""repurchase plan""|""share repurchase""",E8B-0001542447-0001542447-16-000083
0001546640-15-000022,0001546640,2015,S1,DEV,"""repurchase authorization""|""repurchase program""|""share repurchase""",E8B-0001546640-0001546640-15-000022
0001564590-17-019541,0001077183,2017,S1,DEV,"""purchase up to""",E8B-0001077183-0001564590-17-019541
0001615774-17-007555,0001488039,2017,S1,DEV,"""purchase up to""",E8B-0001488039-0001615774-17-007555
0001627014-17-000032,0001627014,2017,S1,DEV,"""purchase up to""",E8B-0001627014-0001627014-17-000032
0001646383-17-000162,0001646383,2017,S2,HOLDOUT,"""repurchase of common stock""",E8B-0001646383-0001646383-17-000162
