accession,cik,year,stratum,complement_matched,items,event_id
0000078003-12-000003,0000078003,2012,B1,"""repurchases""",8.01|9.01,E8B-0000078003-0000078003-12-000003
0000086521-10-000010,0001032208,2010,B2,"""repurchases""",2.02|9.01,E8B-0001032208-0000086521-10-000010
0000314808-15-000104,0000314808,2015,B2,"""repurchases""",5.02|5.07|9.01,E8B-0000314808-0000314808-15-000104
0000794170-15-000052,0000794170,2015,B2,"""repurchased""",2.02|9.01,E8B-0000794170-0000794170-15-000052
0000897101-07-002013,0000040704,2007,B2,"""repurchase""",1.01|5.02|9.01,E8B-0000040704-0000897101-07-002013
0000905148-04-004464,0001304850,2004,B1,"""repurchase""",8.01|9.01,E8B-0001304850-0000905148-04-004464
0000910472-13-002657,0001358656,2013,B1,"""repurchase""",8.01|9.01,E8B-0001358656-0000910472-13-002657
0000940394-06-000715,0000350797,2006,B1,"""repurchases""",7.01,E8B-0000350797-0000940394-06-000715
0000950103-08-001847,0000046640,2008,B1,"""repurchases""",8.01|9.01,E8B-0000046640-0000950103-08-001847
0000950123-05-004910,0001049480,2005,B1,"""repurchase""",1.01|8.01|9.01,E8B-0001049480-0000950123-05-004910
0000950123-06-014040,0001378278,2006,B1,"""repurchase""|""repurchased""|""repurchases""",8.01|9.01,E8B-0001378278-0000950123-06-014040
0000950123-08-009398,0000727510,2008,B1,"""repurchase""",8.01|9.01,E8B-0000727510-0000950123-08-009398
0000950123-09-019060,0001005210,2009,B1,"""repurchase""|""repurchased""|""repurchases""",1.01|1.02|2.03|7.01|9.01,E8B-0001005210-0000950123-09-019060
0000950123-10-032677,0000930184,2010,B1,"""repurchase""",8.01|9.01,E8B-0000930184-0000950123-10-032677
0000950123-10-081788,0000923796,2010,B2,"""repurchase""",5.02|9.01,E8B-0000923796-0000950123-10-081788
0000950123-10-109043,0001299688,2010,B1,"""repurchase""|""repurchased""|""repurchases""",1.01|2.03|8.01|9.01,E8B-0001299688-0000950123-10-109043
0000950123-11-029770,0001182534,2011,B1,"""repurchase""|""repurchased""",8.01|9.01,E8B-0001182534-0000950123-11-029770
0000950123-11-038755,0000898174,2011,B2,"""repurchase""",2.02|9.01,E8B-0000898174-0000950123-11-038755
0000950127-10-000019,0001144326,2010,B1,"""repurchase""",7.01|8.01,E8B-0001144326-0000950127-10-000019
0000950133-05-003528,0001321761,2005,B1,"""repurchased""|""repurchases""",8.01|9.01,E8B-0001321761-0000950133-05-003528
0000950134-08-018585,0001366246,2008,B2,"""repurchases""",5.03|9.01,E8B-0001366246-0000950134-08-018585
0000950134-09-004237,0001232582,2009,B1,"""repurchases""",7.01|9.01,E8B-0001232582-0000950134-09-004237
0000950137-04-010969,0001283727,2004,B1,"""repurchased""|""repurchases""",8.01|9.01,E8B-0001283727-0000950137-04-010969
0000950144-05-006644,0001136303,2005,B2,"""repurchase""|""repurchases""",1.01|2.03|9.01,E8B-0001136303-0000950144-05-006644
0001001277-04-000561,0000811212,2004,B1,"""repurchase""|""repurchased""",1.01|8.01|9.01,E8B-0000811212-0001001277-04-000561
0001005794-06-000480,0001067294,2006,B1,"""repurchase""|""repurchases""",1.01|7.01|9.01,E8B-0001067294-0001005794-06-000480
0001020242-05-001254,0001321934,2005,B1,"""repurchased""|""repurchases""",8.01,E8B-0001321934-0001020242-05-001254
0001020242-07-000357,0001301963,2007,B1,"""repurchased""|""repurchases""",8.01,E8B-0001301963-0001020242-07-000357
0001039684-17-000032,0001039684,2017,B1,"""repurchase""",1.01|7.01|9.01,E8B-0001039684-0001039684-17-000032
0001056404-04-000567,0001137383,2004,B2,"""repurchased""",5|7,E8B-0001137383-0001056404-04-000567
0001056404-04-003298,0001301683,2004,B1,"""repurchased""",8.01|9.01,E8B-0001301683-0001056404-04-003298
0001056404-05-003832,0001331769,2005,B1,"""repurchase""|""repurchased""|""repurchases""",8.01|9.01,E8B-0001331769-0001056404-05-003832
0001062336-05-000136,0001062336,2005,B1,"""repurchased""",8.01|9.01,E8B-0001062336-0001062336-05-000136
0001068238-07-000054,0001382891,2007,B1,"""repurchase""|""repurchased""|""repurchases""",8.01|9.01,E8B-0001382891-0001068238-07-000054
0001096752-04-000013,0001096752,2004,B2,"""repurchased""",1,E8B-0001096752-0001096752-04-000013
0001101215-13-000212,0001101215,2013,B1,"""repurchases""",7.01|9.01,E8B-0001101215-0001101215-13-000212
0001104659-05-018448,0001110009,2005,B1,"""repurchase""",1.01|2.03|3.02|8.01|9.01,E8B-0001110009-0001104659-05-018448
0001104659-05-063262,0001050180,2005,B1,"""repurchase""",8.01|9.01,E8B-0001050180-0001104659-05-063262
0001104659-08-066179,0000066740,2008,B1,"""repurchases""",8.01|9.01,E8B-0000066740-0001104659-08-066179
0001104659-09-057472,0001021010,2009,B1,"""repurchase""",1.01|1.03|2.04|7.01|8.01|9.01,E8B-0001021010-0001104659-09-057472
0001104659-10-018292,0001465128,2010,B1,"""repurchase""",1.01|8.01|9.01,E8B-0001465128-0001104659-10-018292
0001104659-11-035170,0001490630,2011,B1,"""repurchase""|""repurchased""|""repurchases""",1.01|2.01|2.03|7.01|9.01,E8B-0001490630-0001104659-11-035170
0001104659-11-070627,0000077776,2011,B1,"""repurchase""|""repurchased""",1.01|8.01|9.01,E8B-0000077776-0001104659-11-070627
0001104659-12-085578,0001056087,2012,B1,"""repurchase""|""repurchased""|""repurchases""",1.01|2.03|8.01|9.01,E8B-0001056087-0001104659-12-085578
0001104659-13-078033,0000846617,2013,B2,"""repurchase""",2.02|9.01,E8B-0000846617-0001104659-13-078033
0001104659-15-005714,0001360683,2015,B1,"""repurchase""",7.01|8.01|9.01,E8B-0001360683-0001104659-15-005714
0001104659-17-012415,0000915912,2017,B2,"""repurchase""|""repurchased""",1.01|2.03|9.01,E8B-0000915912-0001104659-17-012415
0001116679-05-001329,0001062613,2005,B2,"""repurchase""",1.01|9.01,E8B-0001062613-0001116679-05-001329
0001136999-07-000407,0001141390,2007,B1,"""repurchase""|""repurchases""",8.01|9.01,E8B-0001141390-0001136999-07-000407
0001144204-05-005390,0001167646,2005,B1,"""repurchase""|""repurchased""",8.01|9.01,E8B-0001167646-0001144204-05-005390
0001144204-09-038518,0000868671,2009,B2,"""repurchase""",2.02|9.01,E8B-0000868671-0001144204-09-038518
0001144204-11-058504,0000861842,2011,B2,"""repurchase""",2.02|9.01,E8B-0000861842-0001144204-11-058504
0001144204-15-037802,0001047170,2015,B1,"""repurchase""",8.01|9.01,E8B-0001047170-0001144204-15-037802
0001157523-14-000168,0001099305,2014,B2,"""repurchase""",2.02|7.01|9.01,E8B-0001099305-0001157523-14-000168
0001174947-15-001623,0000095029,2015,B1,"""repurchase""|""repurchases""",7.01,E8B-0000095029-0001174947-15-001623
0001193125-04-191454,0001073431,2004,B1,"""repurchases""",8.01|9.01,E8B-0001073431-0001193125-04-191454
0001193125-05-125775,0001174735,2005,B2,"""repurchase""",1.01|9.01,E8B-0001174735-0001193125-05-125775
0001193125-06-011792,0000768251,2006,B2,"""repurchased""",2.02|9.01,E8B-0000768251-0001193125-06-011792
0001193125-06-129823,0001048286,2006,B1,"""repurchases""",8.01|9.01,E8B-0001048286-0001193125-06-129823
0001193125-06-201721,0001131227,2006,B2,"""repurchase""",1.01|1.02|2.03|9.01,E8B-0001131227-0001193125-06-201721
0001193125-08-105038,0001373561,2008,B2,"""repurchase""",2.02|9.01,E8B-0001373561-0001193125-08-105038
0001193125-12-003997,0000882104,2012,B1,"""repurchase""|""repurchased""|""repurchases""",1.01|2.03|3.02|8.01|9.01,E8B-0000882104-0001193125-12-003997
0001193125-12-158432,0000812348,2012,B2,"""repurchase""",2.02|9.01,E8B-0000812348-0001193125-12-158432
0001193125-12-377624,0000921847,2012,B2,"""repurchase""|""repurchased""|""repurchases""",1.01|9.01,E8B-0000921847-0001193125-12-377624
0001193125-13-000129,0001131457,2013,B1,"""repurchase""",1.01|8.01|9.01,E8B-0001131457-0001193125-13-000129
0001193125-13-301428,0001311370,2013,B2,"""repurchased""|""repurchases""",2.02|9.01,E8B-0001311370-0001193125-13-301428
0001193125-13-308779,0000800240,2013,B1,"""repurchase""",7.01|9.01,E8B-0000800240-0001193125-13-308779
0001193125-14-360512,0001112412,2014,B1,"""repurchase""|""repurchases""",1.01|1.02|2.03|8.01|9.01,E8B-0001112412-0001193125-14-360512
0001193125-14-396351,0000815065,2014,B2,"""repurchase""|""repurchases""",2.02|9.01,E8B-0000815065-0001193125-14-396351
0001193125-14-415166,0001015780,2014,B1,"""repurchase""|""repurchases""",1.01|8.01|9.01,E8B-0001015780-0001193125-14-415166
0001193125-14-429566,0001322705,2014,B1,"""repurchase""",1.01|5.03|8.01|9.01,E8B-0001322705-0001193125-14-429566
0001193125-16-664621,0001579298,2016,B2,"""repurchase""|""repurchased""|""repurchases""",1.01|2.03|9.01,E8B-0001579298-0001193125-16-664621
0001193125-16-680836,0001091748,2016,B1,"""repurchased""|""repurchases""",7.01|9.01,E8B-0001091748-0001193125-16-680836
0001193125-16-681898,0001524472,2016,B1,"""repurchase""|""repurchases""",1.01|8.01|9.01,E8B-0001524472-0001193125-16-681898
0001193125-16-792518,0001265888,2016,B1,"""repurchase""",1.01|5.03|8.01|9.01,E8B-0001265888-0001193125-16-792518
0001193125-17-353676,0001062449,2017,B1,"""repurchase""",1.01|5.02|5.03|8.01|9.01,E8B-0001062449-0001193125-17-353676
0001206774-09-000927,0000021076,2009,B2,"""repurchases""",2.02|7.01|9.01,E8B-0000021076-0001206774-09-000927
0001290724-04-000004,0001290724,2004,B2,"""repurchased""|""repurchases""",5|7,E8B-0001290724-0001290724-04-000004
0001299933-07-002194,0001297533,2007,B2,"""repurchase""",2.03|9.01,E8B-0001297533-0001299933-07-002194
0001340397-05-000004,0001340397,2005,B1,"""repurchases""",8.01|9.01,E8B-0001340397-0001340397-05-000004
0001342866-06-000001,0001342866,2006,B1,"""repurchases""",8.01|9.01,E8B-0001342866-0001342866-06-000001
0001362310-07-000386,0000216324,2007,B1,"""repurchase""",1.01|3.03|5.02|8.01|9.01,E8B-0000216324-0001362310-07-000386
0001437749-15-018823,0000704159,2015,B1,"""repurchase""",1.01|7.01|9.01,E8B-0000704159-0001437749-15-018823
0001493152-12-000486,0001416729,2012,B1,"""repurchase""",1.01|7.01|9.01,E8B-0001416729-0001493152-12-000486
0001493152-17-015302,0001490630,2017,B1,"""repurchase""",1.01|1.02|2.03|7.01|9.01,E8B-0001490630-0001493152-17-015302
0001539497-14-001168,0001617959,2014,B1,"""repurchase""|""repurchased""|""repurchases""",8.01|9.01,E8B-0001617959-0001539497-14-001168
0001564590-17-012670,0001178711,2017,B2,"""repurchase""|""repurchased""",5.02|5.07|9.01,E8B-0001178711-0001564590-17-012670
0001571049-16-013619,0000857855,2016,B1,"""repurchase""",1.01|7.01|9.01,E8B-0000857855-0001571049-16-013619
0001615774-16-005126,0001337905,2016,B2,"""repurchase""",1.01|3.02|9.01,E8B-0001337905-0001615774-16-005126
0001654954-17-000970,0001357115,2017,B1,"""repurchase""",1.01|8.01|9.01,E8B-0001357115-0001654954-17-000970
