cell,horizon,window,n,mean_abnormal_return,t_cluster_month,t_cluster_cik,ci_lo,ci_hi
AB,h5,w2004_2012,,-0.05458159887096215,-1.6230436918428957,-2.7020075719231924,,
AB,h5,w2013_2017,,-0.005549473974847189,-0.6365658747303806,-0.6301722337055816,,
AB,h5,w2004_2017,,-0.03581825418826047,-1.749447827657652,-2.7432290943916193,,
AB,h21,w2004_2012,,-0.057838498382759986,-1.5692007578811178,-2.818545533743294,,
AB,h21,w2013_2017,,-0.0035930361137705585,-0.37886435034090626,-0.37231410965322026,,
AB,h21,w2004_2017,,-0.03708014234206176,-1.6478932884559518,-2.821297836129718,,
AB,h63,w2004_2012,,-0.05588239219406506,-1.5060836237204194,-2.7461629706864334,,
AB,h63,w2013_2017,,0.007188777560836855,0.6546079937130362,0.6792018014715797,,
AB,h63,w2004_2017,,-0.031746662809304445,-1.36889679994861,-2.4146797366339428,,
AB,h126,w2004_2012,,-0.06283030691853808,-1.4420773306064747,-2.8503872836101927,,
AB,h126,w2013_2017,,0.022149679960820356,1.8736016144409506,1.8950616970159373,,
AB,h126,w2004_2017,,-0.03031063153577266,-1.1090943588238624,-2.101152442977529,,
AB,h252,w2004_2012,,-0.05638332648658621,-1.189361538861248,-2.2629102907403045,,
AB,h252,w2013_2017,,0.04214498994754153,2.9680635148731316,2.9999810655591133,,
AB,h252,w2004_2017,,-0.01867905064341707,-0.6274569972217559,-1.1307455505398814,,
A_only,h5,w2004_2012,,-0.020336552143767398,-1.0933560230217763,-1.5188997338211383,,
A_only,h5,w2013_2017,,-0.014686723090018623,-0.8911491530124456,-0.8622612518495394,,
A_only,h5,w2004_2017,,-0.018179770928228447,-1.4124495718493315,-1.6764606047206507,,
A_only,h21,w2004_2012,,-0.028695450226093547,-1.1393430695625006,-1.84516502699025,,
A_only,h21,w2013_2017,,-0.019034024662564968,-1.0543984350414335,-1.0351931190265784,,
A_only,h21,w2004_2017,,-0.025007271172796323,-1.5023513476354424,-2.0198394438551683,,
A_only,h63,w2004_2012,,-0.021329229979809614,-1.1628332254982685,-1.4162737036615056,,
A_only,h63,w2013_2017,,-0.014301599929457868,-0.7278797000701999,-0.7112383028715381,,
A_only,h63,w2004_2017,,-0.018646483238596502,-1.381572432616076,-1.5075357052082274,,
A_only,h126,w2004_2012,,-0.02152444842465271,-0.7647244069103311,-1.125005844245284,,
A_only,h126,w2013_2017,,-0.001362457722297487,-0.06756699770577741,-0.06317268736396374,,
A_only,h126,w2004_2017,,-0.0138277548785254,-0.7457710201509458,-0.9352633194134912,,
A_only,h252,w2004_2012,,-0.016060904196372714,-0.5518835336938185,-0.6586661153077285,,
A_only,h252,w2013_2017,,0.008096166071502773,0.34312825536018776,0.3230535463052115,,
A_only,h252,w2004_2017,,-0.0068391180360219015,-0.3428762542353475,-0.37627652049072485,,
B_only,h5,w2004_2012,,-0.0898686802150287,-1.6995536775471771,-2.332157435535629,,
B_only,h5,w2013_2017,,0.00379082512066139,1.4969423737250027,1.9769566769554816,,
B_only,h5,w2004_2017,,-0.053937923692385446,-1.6049518976768655,-2.2946576610002296,,
B_only,h21,w2004_2012,,-0.0878683336202655,-1.594261626797463,-2.3102283542965876,,
B_only,h21,w2013_2017,,0.012191085513885943,4.050349649437269,3.9790965619557848,,
B_only,h21,w2004_2017,,-0.0494823672005143,-1.4118733176377403,-2.111184539212029,,
B_only,h63,w2004_2012,,-0.09148696460017888,-1.4867491481990442,-2.414264196398495,,
B_only,h63,w2013_2017,,0.029156718995360348,4.825561785271331,5.083473808012633,,
B_only,h63,w2004_2017,,-0.045204221532836465,-1.1600682462409735,-1.9196135367784075,,
B_only,h126,w2004_2012,,-0.10539305183962329,-1.5413563916979598,-2.700557506818358,,
B_only,h126,w2013_2017,,0.04618430959245192,5.57226840012505,5.6474515293418515,,
B_only,h126,w2004_2017,,-0.04724316893729264,-1.089492004507606,-1.8948347404343489,,
B_only,h252,w2004_2012,,-0.09793271045091416,-1.3347334711804166,-2.3089894538437594,,
B_only,h252,w2013_2017,,0.07695045435415893,7.2537737336344055,5.933737453538473,,
B_only,h252,w2004_2017,,-0.030841982264824715,-0.6606361316958271,-1.132683376163583,,
pit_sp1500,h5,w2004_2012,,0.0019115183388565909,0.26040132505433317,0.38167372772781105,,
pit_sp1500,h5,w2013_2017,,0.0031662717150300677,1.624121272428429,2.0073133016560814,,
pit_sp1500,h5,w2004_2017,,0.003028494873724745,1.5893841841195544,1.9008321225686702,,
pit_sp1500,h21,w2004_2012,,0.008687901260992687,0.8913661899489398,0.8812310976300989,,
pit_sp1500,h21,w2013_2017,,0.006557006681592927,2.7080732754515187,2.481374708359056,,
pit_sp1500,h21,w2004_2017,,0.006790987262860352,2.8326722887353566,2.463249116851416,,
pit_sp1500,h63,w2004_2012,,-0.0002757628080344226,-0.014924621455917421,-0.01997634902138892,,
pit_sp1500,h63,w2013_2017,,0.02230304554665924,4.100788708224996,4.596984027142954,,
pit_sp1500,h63,w2004_2017,,0.01982380384496739,3.8166557631388573,4.164966440615166,,
pit_sp1500,h126,w2004_2012,,0.029024497065710347,0.9682542423647237,1.2426739631422936,,
pit_sp1500,h126,w2013_2017,,0.039163419598312044,5.131104871783204,5.332699889198815,,
pit_sp1500,h126,w2004_2017,,0.038050126143751854,4.953688888233659,4.955992703261304,,
pit_sp1500,h252,w2004_2012,,0.1284636442333625,2.339661132019251,2.565269104165772,,
pit_sp1500,h252,w2013_2017,,0.06403951493893793,6.383179900268172,6.106900859532414,,
pit_sp1500,h252,w2004_2017,,0.07111353697911003,6.453175651938251,6.329174762666638,,
