,return
2021-01-01 00:00:00+00:00,0.0
2021-01-02 00:00:00+00:00,0.012594258499801558
2021-01-03 00:00:00+00:00,0.079146089728515
2021-01-04 00:00:00+00:00,-0.003825665859564009
2021-01-05 00:00:00+00:00,0.015969082689222702
2021-01-06 00:00:00+00:00,0.011698844469963277
2021-01-07 00:00:00+00:00,0.03031592886870982
2021-01-08 00:00:00+00:00,-0.02699104888684878
2021-01-09 00:00:00+00:00,0.035689012596122005
2021-01-10 00:00:00+00:00,-0.034345320791673184
2021-01-11 00:00:00+00:00,-0.10129955895186216
2021-01-12 00:00:00+00:00,0.004487717824900317
2021-01-13 00:00:00+00:00,0.05008491182233832
2021-01-14 00:00:00+00:00,0.042769705414012815
2021-01-15 00:00:00+00:00,-0.02459974708310464
2021-01-16 00:00:00+00:00,0.056042074363992
2021-01-17 00:00:00+00:00,0.06221769243241981
2021-01-18 00:00:00+00:00,-0.009049872429509054
2021-01-19 00:00:00+00:00,-0.06491791734518737
2021-01-20 00:00:00+00:00,0.00270639179139609
2021-01-21 00:00:00+00:00,-0.09294247424132185
2021-01-22 00:00:00+00:00,0.05733950888814143
2021-01-23 00:00:00+00:00,0.0015172650074639638
2021-01-24 00:00:00+00:00,0.02260232131948703
2021-01-25 00:00:00+00:00,-0.0005734767025089571
2021-01-26 00:00:00+00:00,0.0011237029598814008
2021-01-27 00:00:00+00:00,-0.023189167243808595
2021-01-28 00:00:00+00:00,0.03789545743484424
2021-01-29 00:00:00+00:00,0.009681522660887731
2021-01-30 00:00:00+00:00,0.04388400251965563
2021-01-31 00:00:00+00:00,-0.008738601823708114
2021-02-01 00:00:00+00:00,0.16075575496584205
2021-02-02 00:00:00+00:00,-0.011052191985703952
2021-02-03 00:00:00+00:00,0.023215618493930945
2021-02-04 00:00:00+00:00,0.07432432432432456
2021-02-05 00:00:00+00:00,0.21026300743281867
2021-02-06 00:00:00+00:00,0.07114385260422829
2021-02-07 00:00:00+00:00,-0.059072427813382955
2021-02-08 00:00:00+00:00,0.17397354582607027
2021-02-09 00:00:00+00:00,0.33817033913108574
2021-02-10 00:00:00+00:00,0.2018853322641705
2021-02-11 00:00:00+00:00,-0.03716805920822963
2021-02-12 00:00:00+00:00,0.10180485053581512
2021-02-13 00:00:00+00:00,-0.02373030092507955
2021-02-14 00:00:00+00:00,0.01755805243445696
2021-02-15 00:00:00+00:00,-0.042747563381525744
2021-02-16 00:00:00+00:00,0.002283965332943616
2021-02-17 00:00:00+00:00,0.2702441419736985
2021-02-18 00:00:00+00:00,0.1811652854623209
2021-02-19 00:00:00+00:00,0.7084925006008724
2021-02-20 00:00:00+00:00,-0.243305776218669
2021-02-21 00:00:00+00:00,0.16636010869952167
2021-02-22 00:00:00+00:00,-0.09291402137934779
2021-02-23 00:00:00+00:00,-0.13640935143400867
2021-02-24 00:00:00+00:00,0.10044505632473522
2021-02-25 00:00:00+00:00,-0.07792417274168606
2021-02-26 00:00:00+00:00,-0.0545107007543435
2021-02-27 00:00:00+00:00,0.016967509025270777
2021-02-28 00:00:00+00:00,-0.06766950656727011
2021-03-01 00:00:00+00:00,0.21380705344819373
2021-03-02 00:00:00+00:00,-0.06007065752275198
2021-03-03 00:00:00+00:00,0.003278921043080585
2021-03-04 00:00:00+00:00,-0.0447236786847347
2021-03-05 00:00:00+00:00,-0.01887326273270562
2021-03-06 00:00:00+00:00,0.004179107126220494
2021-03-07 00:00:00+00:00,0.061497952277235646
2021-03-08 00:00:00+00:00,0.0011903325023203681
2021-03-09 00:00:00+00:00,0.21994554259940546
2021-03-10 00:00:00+00:00,-0.05134190224354607
2021-03-11 00:00:00+00:00,0.0418215713531398
2021-03-12 00:00:00+00:00,-0.09194593849124255
2021-03-13 00:00:00+00:00,0.05166836262017216
2021-03-14 00:00:00+00:00,-0.04946927575998261
2021-03-15 00:00:00+00:00,-0.033253822955203294
2021-03-16 00:00:00+00:00,0.01742082247969723
2021-03-17 00:00:00+00:00,0.043219530655668636
2021-03-18 00:00:00+00:00,-0.03127903490296091
2021-03-19 00:00:00+00:00,0.004680950252006877
2021-03-20 00:00:00+00:00,0.005355159665911158
2021-03-21 00:00:00+00:00,0.0019672230376950317
2021-03-22 00:00:00+00:00,-0.037322731185718716
2021-03-23 00:00:00+00:00,0.0026944663427030946
2021-03-24 00:00:00+00:00,-0.02810830262777042
2021-03-25 00:00:00+00:00,-0.05882447639132604
2021-03-26 00:00:00+00:00,0.09074115252381842
2021-03-27 00:00:00+00:00,0.05703095596537455
2021-03-28 00:00:00+00:00,-0.0030413286897438274
2021-03-29 00:00:00+00:00,0.024654109576300653
2021-03-30 00:00:00+00:00,0.13405052536797535
2021-03-31 00:00:00+00:00,-0.03088552155135149
2021-04-01 00:00:00+00:00,0.10780971258671967
2021-04-02 00:00:00+00:00,0.010398587676764048
2021-04-03 00:00:00+00:00,-0.04895210155214702
2021-04-04 00:00:00+00:00,0.08400391018976827
2021-04-05 00:00:00+00:00,0.05570792203925512
2021-04-06 00:00:00+00:00,0.09415532469363797
2021-04-07 00:00:00+00:00,-0.06824805940260326
2021-04-08 00:00:00+00:00,0.11386711424748697
2021-04-09 00:00:00+00:00,0.08617210540769649
2021-04-10 00:00:00+00:00,0.0394622284759476
2021-04-11 00:00:00+00:00,0.11292563913289011
2021-04-12 00:00:00+00:00,0.1369305882598888
2021-04-13 00:00:00+00:00,-0.0751551663326252
2021-04-14 00:00:00+00:00,-0.0062916953597617065
2021-04-15 00:00:00+00:00,-0.012850407793549623
2021-04-16 00:00:00+00:00,-0.062276704690974904
2021-04-17 00:00:00+00:00,0.012610920294582328
2021-04-18 00:00:00+00:00,-0.06445234426846636
2021-04-19 00:00:00+00:00,0.04675324136586423
2021-04-20 00:00:00+00:00,0.16354910555057978
2021-04-21 00:00:00+00:00,-0.07296757866915526
2021-04-22 00:00:00+00:00,-0.07110932307539708
2021-04-23 00:00:00+00:00,0.04069415603678439
2021-04-24 00:00:00+00:00,-0.05529362803504945
2021-04-25 00:00:00+00:00,0.016913081085430326
2021-04-26 00:00:00+00:00,0.05898666371271788
2021-04-27 00:00:00+00:00,0.06307554944541782
2021-04-28 00:00:00+00:00,-0.010653176976627265
2021-04-29 00:00:00+00:00,0.06617731941185978
2021-04-30 00:00:00+00:00,0.038745679423645596
2021-05-01 00:00:00+00:00,-0.004450074969731599
2021-05-02 00:00:00+00:00,0.0020312172806495887
2021-05-03 00:00:00+00:00,0.08824716149764256
2021-05-04 00:00:00+00:00,-0.09883642777269797
2021-05-05 00:00:00+00:00,0.0687000252435015
2021-05-06 00:00:00+00:00,-0.02721755175476137
2021-05-07 00:00:00+00:00,-0.015130300966220145
2021-05-08 00:00:00+00:00,0.034647822383882865
2021-05-09 00:00:00+00:00,0.024955513949278307
2021-05-10 00:00:00+00:00,-0.046580756584409966
2021-05-11 00:00:00+00:00,0.06279382401515021
2021-05-12 00:00:00+00:00,-0.11486889153754476
2021-05-13 00:00:00+00:00,-0.038528867194075
2021-05-14 00:00:00+00:00,0.056476602300379986
2021-05-15 00:00:00+00:00,-0.06565363646908706
2021-05-16 00:00:00+00:00,0.0009931719428926122
2021-05-17 00:00:00+00:00,-0.09207845360642075
2021-05-18 00:00:00+00:00,-0.008059480134259722
2021-05-19 00:00:00+00:00,-0.3419960260470972
2021-05-20 00:00:00+00:00,0.170149789218764
2021-05-21 00:00:00+00:00,-0.16768869129746022
2021-05-22 00:00:00+00:00,-0.08003069838833454
2021-05-23 00:00:00+00:00,-0.1303723972237053
2021-05-24 00:00:00+00:00,0.32508345804075045
2021-05-25 00:00:00+00:00,-0.005501983609880301
2021-05-26 00:00:00+00:00,0.1040969047549718
2021-05-27 00:00:00+00:00,-0.024974945935967163
2021-05-28 00:00:00+00:00,-0.10981580157420667
2021-05-29 00:00:00+00:00,-0.07578013430160124
2021-05-30 00:00:00+00:00,0.07019101160535213
2021-05-31 00:00:00+00:00,0.08478741705578763
2021-06-01 00:00:00+00:00,0.02551540552786591
2021-06-02 00:00:00+00:00,0.1082760334686439
2021-06-03 00:00:00+00:00,0.06747396222654123
2021-06-04 00:00:00+00:00,-0.08774100182064337
2021-06-05 00:00:00+00:00,-0.0028912826548627146
2021-06-06 00:00:00+00:00,0.009802412111880932
2021-06-07 00:00:00+00:00,-0.0902622484244765
2021-06-08 00:00:00+00:00,-0.01581005586592188
2021-06-09 00:00:00+00:00,0.06541976499971613
2021-06-10 00:00:00+00:00,-0.06262820000532776
2021-06-11 00:00:00+00:00,-0.018159599863589837
2021-06-12 00:00:00+00:00,-0.005470491186430837
2021-06-13 00:00:00+00:00,0.06469732246798587
2021-06-14 00:00:00+00:00,0.011125386108301605
2021-06-15 00:00:00+00:00,-0.009732360097323478
2021-06-16 00:00:00+00:00,-0.052033852033852024
2021-06-17 00:00:00+00:00,0.015004031793572015
2021-06-18 00:00:00+00:00,-0.044431834302737894
2021-06-19 00:00:00+00:00,-0.00896701208468198
2021-06-20 00:00:00+00:00,0.015609551487551387
2021-06-21 00:00:00+00:00,-0.20251932267390416
2021-06-22 00:00:00+00:00,-0.031110124662449445
2021-06-23 00:00:00+00:00,0.12893249847281596
2021-06-24 00:00:00+00:00,0.04342385606547383
2021-06-25 00:00:00+00:00,-0.09003986646355289
2021-06-26 00:00:00+00:00,-0.004879786286732024
2021-06-27 00:00:00+00:00,0.040518290500393794
2021-06-28 00:00:00+00:00,-0.003027175782593705
2021-06-29 00:00:00+00:00,0.03774756745566221
2021-06-30 00:00:00+00:00,0.008910759409495927
2021-07-01 00:00:00+00:00,-0.05292644344845765
2021-07-02 00:00:00+00:00,-0.0019138422993946191
2021-07-03 00:00:00+00:00,0.039186974863159474
2021-07-04 00:00:00+00:00,0.031905257154359656
2021-07-05 00:00:00+00:00,-0.01820664542558026
2021-07-06 00:00:00+00:00,0.05801708722431953
2021-07-07 00:00:00+00:00,0.02475743348982795
2021-07-08 00:00:00+00:00,-0.05384685867872108
2021-07-09 00:00:00+00:00,0.022854929304668037
2021-07-10 00:00:00+00:00,-0.0023669759515243527
2021-07-11 00:00:00+00:00,0.018000063269115074
2021-07-12 00:00:00+00:00,-0.01939092604101933
2021-07-13 00:00:00+00:00,-0.02135885410064653
2021-07-14 00:00:00+00:00,0.001327634220581686
2021-07-15 00:00:00+00:00,0.02118164473045936
2021-07-16 00:00:00+00:00,-0.041389575020583935
2021-07-17 00:00:00+00:00,-0.008688183409864214
2021-07-18 00:00:00+00:00,0.005631831511596852
2021-07-19 00:00:00+00:00,-0.07124631341750343
2021-07-20 00:00:00+00:00,-0.05737324722588932
2021-07-21 00:00:00+00:00,0.10931526552859672
2021-07-22 00:00:00+00:00,-0.00023885078650154323
2021-07-23 00:00:00+00:00,0.021399317406143314
2021-07-24 00:00:00+00:00,0.00735122130517607
2021-07-25 00:00:00+00:00,0.0023219557501574783
2021-07-26 00:00:00+00:00,0.005394314458748273
2021-07-27 00:00:00+00:00,0.031073074391046784
2021-07-28 00:00:00+00:00,0.0013727493295876414
2021-07-29 00:00:00+00:00,0.011094462333025135
2021-07-30 00:00:00+00:00,0.017751852435755833
2021-07-31 00:00:00+00:00,0.030113389925026324
2021-08-01 00:00:00+00:00,0.0002105263157894388
2021-08-02 00:00:00+00:00,-0.006134046967555817
2021-08-03 00:00:00+00:00,-0.02138988896620575
2021-08-04 00:00:00+00:00,0.03530575650775991
2021-08-05 00:00:00+00:00,0.009645246058289647
2021-08-06 00:00:00+00:00,0.012333264322261783
2021-08-07 00:00:00+00:00,0.04081453780530575
2021-08-08 00:00:00+00:00,-0.040028070175438524
2021-08-09 00:00:00+00:00,0.03646305447527687
2021-08-10 00:00:00+00:00,0.04956835750155153
2021-08-11 00:00:00+00:00,0.05163562078327022
2021-08-12 00:00:00+00:00,-0.013904508741437449
2021-08-13 00:00:00+00:00,0.06586314152410577
2021-08-14 00:00:00+00:00,-0.005617567666155954
2021-08-15 00:00:00+00:00,0.013450721447786806
2021-08-16 00:00:00+00:00,0.0034507722007721675
2021-08-17 00:00:00+00:00,-0.03309044561479446
2021-08-18 00:00:00+00:00,-0.014574576566269593
2021-08-19 00:00:00+00:00,0.08909416723454733
2021-08-20 00:00:00+00:00,0.055108803967463205
2021-08-21 00:00:00+00:00,-0.013266269849985801
2021-08-22 00:00:00+00:00,-6.677796327203556e-05
2021-08-23 00:00:00+00:00,0.1112149948800143
2021-08-24 00:00:00+00:00,-0.053988541207580454
2021-08-25 00:00:00+00:00,0.0661965567625944
2021-08-26 00:00:00+00:00,-0.05034856700232382
2021-08-27 00:00:00+00:00,0.035157066967833606
2021-08-28 00:00:00+00:00,-0.016850186887564345
2021-08-29 00:00:00+00:00,-0.013460471424754927
2021-08-30 00:00:00+00:00,-0.041182352205974215
2021-08-31 00:00:00+00:00,0.009016055095700581
2021-09-01 00:00:00+00:00,0.05395745413831721
2021-09-02 00:00:00+00:00,-0.011072522982635391
2021-09-03 00:00:00+00:00,0.009709138985291688
2021-09-04 00:00:00+00:00,0.019722574573427742
2021-09-05 00:00:00+00:00,0.014626218851570894
2021-09-06 00:00:00+00:00,-0.018627276502343193
2021-09-07 00:00:00+00:00,-0.1563400431199501
2021-09-08 00:00:00+00:00,-0.009219011225220952
2021-09-09 00:00:00+00:00,0.015837431298814098
2021-09-10 00:00:00+00:00,-0.04753090814171479
2021-09-11 00:00:00+00:00,0.008545517963027605
2021-09-12 00:00:00+00:00,0.02870482448556122
2021-09-13 00:00:00+00:00,-0.041615637682203444
2021-09-14 00:00:00+00:00,0.038035580055123974
2021-09-15 00:00:00+00:00,0.0410350487592932
2021-09-16 00:00:00+00:00,-0.01574383231311438
2021-09-17 00:00:00+00:00,-0.040872576503569014
2021-09-18 00:00:00+00:00,0.008866728889325604
2021-09-19 00:00:00+00:00,-0.004893487522824036
2021-09-20 00:00:00+00:00,-0.10909135391691549
2021-09-21 00:00:00+00:00,-0.0546203487573802
2021-09-22 00:00:00+00:00,0.10038924069017607
2021-09-23 00:00:00+00:00,0.0119845837073016
2021-09-24 00:00:00+00:00,-0.074029632721202
2021-09-25 00:00:00+00:00,-0.015747366048791567
2021-09-26 00:00:00+00:00,-0.015627236039955306
2021-09-27 00:00:00+00:00,-0.025877358764865077
2021-09-28 00:00:00+00:00,-0.006447183834283443
2021-09-29 00:00:00+00:00,0.10157118394568454
2021-09-30 00:00:00+00:00,0.05506163412239551
2021-10-01 00:00:00+00:00,0.08871197042934309
2021-10-02 00:00:00+00:00,0.012915786224744208
2021-10-03 00:00:00+00:00,0.008133511473642274
2021-10-04 00:00:00+00:00,-0.009021157870262697
2021-10-05 00:00:00+00:00,0.03669466472713623
2021-10-06 00:00:00+00:00,-0.016453175213868687
2021-10-07 00:00:00+00:00,0.008444741020271929
2021-10-08 00:00:00+00:00,-0.04307945055446538
2021-10-09 00:00:00+00:00,0.0069865038866898654
2021-10-10 00:00:00+00:00,-0.043119982950912794
2021-10-11 00:00:00+00:00,0.02291512001979701
2021-10-12 00:00:00+00:00,0.07586607315657057
2021-10-13 00:00:00+00:00,0.05724950530670969
2021-10-14 00:00:00+00:00,0.003977200221191968
2021-10-15 00:00:00+00:00,0.004533418070119755
2021-10-16 00:00:00+00:00,-0.0193593285391932
2021-10-17 00:00:00+00:00,0.012494354960108423
2021-10-18 00:00:00+00:00,0.029353043626014097
2021-10-19 00:00:00+00:00,0.004890227797953228
2021-10-20 00:00:00+00:00,0.028233506498839933
2021-10-21 00:00:00+00:00,-0.058730729291476935
2021-10-22 00:00:00+00:00,0.01790601463880348
2021-10-23 00:00:00+00:00,0.01329748431605493
2021-10-24 00:00:00+00:00,-0.02032210955015734
2021-10-25 00:00:00+00:00,0.019127002456486464
2021-10-26 00:00:00+00:00,-0.014256283477544263
2021-10-27 00:00:00+00:00,-0.062343253636515716
2021-10-28 00:00:00+00:00,0.09680151565808548
2021-10-29 00:00:00+00:00,0.07852381726548541
2021-10-30 00:00:00+00:00,-0.0033350919505577004
2021-10-31 00:00:00+00:00,-0.008564136496833519
2021-11-01 00:00:00+00:00,0.05091339003089135
2021-11-02 00:00:00+00:00,0.006296269415009492
2021-11-03 00:00:00+00:00,0.02504552912962721
2021-11-04 00:00:00+00:00,-0.016922319166901234
2021-11-05 00:00:00+00:00,0.08511970797695301
2021-11-06 00:00:00+00:00,0.05133321240703781
2021-11-07 00:00:00+00:00,0.01883744275048649
2021-11-08 00:00:00+00:00,0.006142525055036208
2021-11-09 00:00:00+00:00,-0.028092294510067783
2021-11-10 00:00:00+00:00,-0.03398929471032752
2021-11-11 00:00:00+00:00,0.02379361483678566
2021-11-12 00:00:00+00:00,-0.0030881393164706727
2021-11-13 00:00:00+00:00,0.035479904833378706
2021-11-14 00:00:00+00:00,0.002636894940554191
2021-11-15 00:00:00+00:00,-0.025776684097200797
2021-11-16 00:00:00+00:00,-0.07053548875978788
2021-11-17 00:00:00+00:00,-0.01757931924723155
2021-11-18 00:00:00+00:00,-0.08001244791756712
2021-11-19 00:00:00+00:00,0.0918008757258566
2021-11-20 00:00:00+00:00,0.040758718028159224
2021-11-21 00:00:00+00:00,-0.0338371977640326
2021-11-22 00:00:00+00:00,-0.04178363574118471
2021-11-23 00:00:00+00:00,0.056824880758856056
2021-11-24 00:00:00+00:00,-0.0017579445571332952
2021-11-25 00:00:00+00:00,0.08253183419127619
2021-11-26 00:00:00+00:00,-0.0806976380416079
2021-11-27 00:00:00+00:00,0.02123496282179982
2021-11-28 00:00:00+00:00,0.0188773555040902
2021-11-29 00:00:00+00:00,0.02081698063840931
2021-11-30 00:00:00+00:00,-0.002659191029235064
2021-12-01 00:00:00+00:00,0.0078061003228449
2021-12-02 00:00:00+00:00,-0.01128376763088701
2021-12-03 00:00:00+00:00,-0.04062091977368354
2021-12-04 00:00:00+00:00,-0.0455332089991094
2021-12-05 00:00:00+00:00,-0.018342809864981602
2021-12-06 00:00:00+00:00,0.052272931049941684
2021-12-07 00:00:00+00:00,-0.014417177914110346
2021-12-08 00:00:00+00:00,0.04964207905384366
2021-12-09 00:00:00+00:00,-0.062251873815995284
2021-12-10 00:00:00+00:00,-0.030425464638302202
2021-12-11 00:00:00+00:00,0.022067616045222227
2021-12-12 00:00:00+00:00,0.009678791746436932
2021-12-13 00:00:00+00:00,-0.08572983601952322
2021-12-14 00:00:00+00:00,0.013653384541526759
2021-12-15 00:00:00+00:00,0.02523396355094132
2021-12-16 00:00:00+00:00,-0.0280498170664103
2021-12-17 00:00:00+00:00,-0.0009505703422053591
2021-12-18 00:00:00+00:00,0.015566127497621318
2021-12-19 00:00:00+00:00,-0.007438914705441335
2021-12-20 00:00:00+00:00,-0.010854996129957883
2021-12-21 00:00:00+00:00,0.00858844186579133
2021-12-22 00:00:00+00:00,0.009991295462286498
2021-12-23 00:00:00+00:00,0.02844081387941677
2021-12-24 00:00:00+00:00,-0.012242221088683114
2021-12-25 00:00:00+00:00,0.009774990778310455
2021-12-26 00:00:00+00:00,-0.001954337899543468
2021-12-27 00:00:00+00:00,0.03176985158208745
2021-12-28 00:00:00+00:00,-0.05260824065698211
2021-12-29 00:00:00+00:00,-0.036770074700915534
2021-12-30 00:00:00+00:00,0.007619195708371329
2021-12-31 00:00:00+00:00,-0.013213479678246931
2022-01-01 00:00:00+00:00,0.030846821487215736
2022-01-02 00:00:00+00:00,0.0067698259187620735
2022-01-03 00:00:00+00:00,-0.03516603567459642
2022-01-04 00:00:00+00:00,-0.010463845072622213
2022-01-05 00:00:00+00:00,-0.06496606691919193
2022-01-06 00:00:00+00:00,-0.0031437915391918647
2022-01-07 00:00:00+00:00,-0.051559920416543115
2022-01-08 00:00:00+00:00,-0.04130774380718605
2022-01-09 00:00:00+00:00,0.020344980097302123
2022-01-10 00:00:00+00:00,-0.03146031528756865
2022-01-11 00:00:00+00:00,0.09028595656475247
2022-01-12 00:00:00+00:00,0.05321148486616112
2022-01-13 00:00:00+00:00,-0.026953846153846106
2022-01-14 00:00:00+00:00,0.031937768783202536
2022-01-15 00:00:00+00:00,0.008661722947437278
2022-01-16 00:00:00+00:00,0.008506329113924016
2022-01-17 00:00:00+00:00,-0.046711517220604515
2022-01-18 00:00:00+00:00,-0.008763614148180943
2022-01-19 00:00:00+00:00,-0.01910611438165466
2022-01-20 00:00:00+00:00,-0.04656151146162846
2022-01-21 00:00:00+00:00,-0.12834905124417684
2022-01-22 00:00:00+00:00,-0.06577678129155051
2022-01-23 00:00:00+00:00,0.07124518613607189
2022-01-24 00:00:00+00:00,-0.03370932867897991
2022-01-25 00:00:00+00:00,0.03739249993260185
2022-01-26 00:00:00+00:00,-0.0261174636174637
2022-01-27 00:00:00+00:00,0.038985990660440395
2022-01-28 00:00:00+00:00,-0.009040476679679554
2022-01-29 00:00:00+00:00,0.008293593199253602
2022-01-30 00:00:00+00:00,-0.031359243265474124
2022-01-31 00:00:00+00:00,-0.006527969429996783
2022-02-01 00:00:00+00:00,0.025508841284256567
2022-02-02 00:00:00+00:00,-0.04425285859401451
2022-02-03 00:00:00+00:00,0.01400773968496205
2022-02-04 00:00:00+00:00,0.07323693829284017
2022-02-05 00:00:00+00:00,0.035158891142663906
2022-02-06 00:00:00+00:00,0.015168009289498574
2022-02-07 00:00:00+00:00,0.032194261748164976
2022-02-08 00:00:00+00:00,-0.05820154680826495
2022-02-09 00:00:00+00:00,0.0358631171250674
2022-02-10 00:00:00+00:00,-0.019428733700925238
2022-02-11 00:00:00+00:00,-0.0351143932812048
2022-02-12 00:00:00+00:00,0.009129336434806401
2022-02-13 00:00:00+00:00,-0.013979080949784284
2022-02-14 00:00:00+00:00,0.013749937157508496
2022-02-15 00:00:00+00:00,0.0713878350566588
2022-02-16 00:00:00+00:00,-0.011803369746343217
2022-02-17 00:00:00+00:00,-0.05855075179165303
2022-02-18 00:00:00+00:00,-0.007686949599482684
2022-02-19 00:00:00+00:00,0.001353756674772555
2022-02-20 00:00:00+00:00,-0.04786821220238846
2022-02-21 00:00:00+00:00,-0.06300123583392492
2022-02-22 00:00:00+00:00,0.04936158271362423
2022-02-23 00:00:00+00:00,-0.022811146173182806
2022-02-24 00:00:00+00:00,-0.012615965627651216
2022-02-25 00:00:00+00:00,0.038442350332594355
2022-02-26 00:00:00+00:00,-0.0032828889422692464
2022-02-27 00:00:00+00:00,-0.036043273350471194
2022-02-28 00:00:00+00:00,0.09867214845269179
2022-03-01 00:00:00+00:00,0.03302149178255376
2022-03-02 00:00:00+00:00,0.0009545721558643638
2022-03-03 00:00:00+00:00,-0.01638342095610712
2022-03-04 00:00:00+00:00,-0.07010565568676197
2022-03-05 00:00:00+00:00,0.027616628792942022
2022-03-06 00:00:00+00:00,-0.025339507778760595
2022-03-07 00:00:00+00:00,0.014654067905188972
2022-03-08 00:00:00+00:00,0.0022623839212900787
2022-03-09 00:00:00+00:00,0.03141814745793847
2022-03-10 00:00:00+00:00,-0.053924063517915344
2022-03-11 00:00:00+00:00,8.06950533933648e-05
2022-03-12 00:00:00+00:00,0.0008875739644969016
2022-03-13 00:00:00+00:00,-0.029747668825410467
2022-03-14 00:00:00+00:00,0.03381709411178191
2022-03-15 00:00:00+00:00,-0.004715085594877655
2022-03-16 00:00:00+00:00,0.036984199617776214
2022-03-17 00:00:00+00:00,0.016846203763789758
2022-03-18 00:00:00+00:00,0.01317200183795375
2022-03-19 00:00:00+00:00,0.007079868984630977
2022-03-20 00:00:00+00:00,-0.022441269920692397
2022-03-21 00:00:00+00:00,0.012975380048113827
2022-03-22 00:00:00+00:00,0.020818069275662543
2022-03-23 00:00:00+00:00,0.010666996658829309
2022-03-24 00:00:00+00:00,0.014007248506219927
2022-03-25 00:00:00+00:00,-0.009490919629057237
2022-03-26 00:00:00+00:00,0.013385346824332567
2022-03-27 00:00:00+00:00,0.0357280338754693
2022-03-28 00:00:00+00:00,-0.00013937605983882495
2022-03-29 00:00:00+00:00,0.008944543828264706
2022-03-30 00:00:00+00:00,0.01816800221055548
2022-03-31 00:00:00+00:00,-0.030350317751091205
2022-04-01 00:00:00+00:00,0.04410495626822164
2022-04-02 00:00:00+00:00,-0.023142563552696283
2022-04-03 00:00:00+00:00,0.03023096272581749
2022-04-04 00:00:00+00:00,-0.006681168427594808
2022-04-05 00:00:00+00:00,-0.006547339724252033
2022-04-06 00:00:00+00:00,-0.05544558909532593
2022-04-07 00:00:00+00:00,0.03774438596909002
2022-04-08 00:00:00+00:00,-0.0332966175593189
2022-04-09 00:00:00+00:00,0.01236736534763927
2022-04-10 00:00:00+00:00,-0.02046989307822178
2022-04-11 00:00:00+00:00,-0.05625374027528429
2022-04-12 00:00:00+00:00,0.04875079264426141
2022-04-13 00:00:00+00:00,0.02309720173168528
2022-04-14 00:00:00+00:00,-0.01995177532977166
2022-04-15 00:00:00+00:00,0.0056925080804670625
2022-04-16 00:00:00+00:00,0.00047968532642572725
2022-04-17 00:00:00+00:00,-0.02581866999089033
2022-04-18 00:00:00+00:00,0.02534635922927375
2022-04-19 00:00:00+00:00,0.013175894592843296
2022-04-20 00:00:00+00:00,-0.009783020655675712
2022-04-21 00:00:00+00:00,-0.03195942874913271
2022-04-22 00:00:00+00:00,0.004398645810166135
2022-04-23 00:00:00+00:00,-0.013802435723951345
2022-04-24 00:00:00+00:00,-0.0055134218141901226
2022-04-25 00:00:00+00:00,0.013747083761884493
2022-04-26 00:00:00+00:00,-0.04563114003612878
2022-04-27 00:00:00+00:00,0.014364612233256357
2022-04-28 00:00:00+00:00,0.039850719562383397
2022-04-29 00:00:00+00:00,-0.034685349065880056
2022-04-30 00:00:00+00:00,-0.041177519162698406
2022-05-01 00:00:00+00:00,0.034739190481249516
2022-05-02 00:00:00+00:00,-0.0007186858316222677
2022-05-03 00:00:00+00:00,-0.014897770471591576
2022-05-04 00:00:00+00:00,0.04894138506466428
2022-05-05 00:00:00+00:00,-0.06023018220686571
2022-05-06 00:00:00+00:00,0.0021954187166057793
2022-05-07 00:00:00+00:00,-0.03586793000607025
2022-05-08 00:00:00+00:00,-0.026197645770599465
2022-05-09 00:00:00+00:00,-0.1693138054142187
2022-05-10 00:00:00+00:00,0.07918781725888313
2022-05-11 00:00:00+00:00,-0.14938852304797734
2022-05-12 00:00:00+00:00,-0.01002728010027265
2022-05-13 00:00:00+00:00,0.08158933492217169
2022-05-14 00:00:00+00:00,0.021380616285074927
2022-05-15 00:00:00+00:00,0.0518775702824783
2022-05-16 00:00:00+00:00,-0.04822945040858839
2022-05-17 00:00:00+00:00,0.030000000000000027
2022-05-18 00:00:00+00:00,-0.060638749959138316
2022-05-19 00:00:00+00:00,0.06730233853006662
2022-05-20 00:00:00+00:00,-0.01548744701662863
2022-05-21 00:00:00+00:00,0.03371419109124019
2022-05-22 00:00:00+00:00,0.022330439240060285
2022-05-23 00:00:00+00:00,-0.006831714196176786
2022-05-24 00:00:00+00:00,0.035403256342294576
2022-05-25 00:00:00+00:00,-0.008441518863899544
2022-05-26 00:00:00+00:00,-0.06982819559270992
2022-05-27 00:00:00+00:00,-0.004262349248306485
2022-05-28 00:00:00+00:00,0.019577913458985963
2022-05-29 00:00:00+00:00,-0.005174770552626384
2022-05-30 00:00:00+00:00,0.052016880950044087
2022-05-31 00:00:00+00:00,-0.0022079174052305195
2022-06-01 00:00:00+00:00,-0.06423362214049744
2022-06-02 00:00:00+00:00,0.026411323896752714
2022-06-03 00:00:00+00:00,-0.03186449477578035
2022-06-04 00:00:00+00:00,0.009552218796085254
2022-06-05 00:00:00+00:00,-0.007503070947179724
2022-06-06 00:00:00+00:00,-0.013982271282823255
2022-06-07 00:00:00+00:00,-0.015673236760864406
2022-06-08 00:00:00+00:00,-0.006513872135102461
2022-06-09 00:00:00+00:00,0.004787344758204304
2022-06-10 00:00:00+00:00,-0.012325645629056692
2022-06-11 00:00:00+00:00,-0.05732862586080323
2022-06-12 00:00:00+00:00,-0.056068528201134726
2022-06-13 00:00:00+00:00,-0.12457277548615209
2022-06-14 00:00:00+00:00,0.0006282534553938568
2022-06-15 00:00:00+00:00,0.04722396627500225
2022-06-16 00:00:00+00:00,-0.10012419168343967
2022-06-17 00:00:00+00:00,0.026221862656450767
2022-06-18 00:00:00+00:00,-0.08736783528102376
2022-06-19 00:00:00+00:00,0.09176829268292686
2022-06-20 00:00:00+00:00,0.0070278320767009905
2022-06-21 00:00:00+00:00,0.016314646207884698
2022-06-22 00:00:00+00:00,-0.026739427012278272
2022-06-23 00:00:00+00:00,0.06835809737407716
2022-06-24 00:00:00+00:00,0.04977039142794659
2022-06-25 00:00:00+00:00,-0.0022497187851517886
2022-06-26 00:00:00+00:00,-0.023758820827591953
2022-06-27 00:00:00+00:00,-0.0007698887938408783
2022-06-28 00:00:00+00:00,-0.029192706103929433
2022-06-29 00:00:00+00:00,-0.03196649029982368
2022-06-30 00:00:00+00:00,-0.0005921202459577835
2022-07-01 00:00:00+00:00,-0.012624191049129485
2022-07-02 00:00:00+00:00,0.006877452111700766
2022-07-03 00:00:00+00:00,0.0038048959383882863
2022-07-04 00:00:00+00:00,0.05676576700004565
2022-07-05 00:00:00+00:00,-0.003759723422644745
2022-07-06 00:00:00+00:00,0.033965210601657025
2022-07-07 00:00:00+00:00,0.012082564188622191
2022-07-08 00:00:00+00:00,-0.0032747471397779337
2022-07-09 00:00:00+00:00,0.010979413599500942
2022-07-10 00:00:00+00:00,-0.03504874737751451
2022-07-11 00:00:00+00:00,-0.038964914524448946
2022-07-12 00:00:00+00:00,-0.022623430776737785
2022-07-13 00:00:00+00:00,0.04515953342713197
2022-07-14 00:00:00+00:00,0.03552197324995654
2022-07-15 00:00:00+00:00,0.0
2022-07-16 00:00:00+00:00,0.04734546674494666
2022-07-17 00:00:00+00:00,-0.008488488488488488
2022-07-18 00:00:00+00:00,0.06594516011791773
2022-07-19 00:00:00+00:00,0.01735111380512211
2022-07-20 00:00:00+00:00,-0.03883965144857382
2022-07-21 00:00:00+00:00,0.02859246057882303
2022-07-22 00:00:00+00:00,-0.01209085087950601
2022-07-23 00:00:00+00:00,-0.01288699100198265
2022-07-24 00:00:00+00:00,0.008845113943607652
2022-07-25 00:00:00+00:00,-0.06389984302614948
2022-07-26 00:00:00+00:00,0.01967280163599172
2022-07-27 00:00:00+00:00,0.08916609843167156
2022-07-28 00:00:00+00:00,0.020475804669662034
2022-07-29 00:00:00+00:00,0.06062793215445672
2022-07-30 00:00:00+00:00,-0.02089145968016326
2022-07-31 00:00:00+00:00,-0.01546427578537668
2022-08-01 00:00:00+00:00,-0.0006706434647558712
2022-08-02 00:00:00+00:00,0.0019073184515401298
2022-08-03 00:00:00+00:00,0.04889656631178152
2022-08-04 00:00:00+00:00,0.04765905959062944
2022-08-05 00:00:00+00:00,0.012800359308331455
2022-08-06 00:00:00+00:00,-0.0017738359201774356
2022-08-07 00:00:00+00:00,0.02421146157263432
2022-08-08 00:00:00+00:00,0.00551476283421648
2022-08-09 00:00:00+00:00,-0.0007702973347711861
2022-08-10 00:00:00+00:00,0.013444341658957804
2022-08-11 00:00:00+00:00,-0.01633907381488464
2022-08-12 00:00:00+00:00,0.014197779083794604
2022-08-13 00:00:00+00:00,-0.011833597657679662
2022-08-14 00:00:00+00:00,-0.01975308641975304
2022-08-15 00:00:00+00:00,0.005384130982367674
2022-08-16 00:00:00+00:00,-0.01055400707776144
2022-08-17 00:00:00+00:00,-0.029087801481293862
2022-08-18 00:00:00+00:00,-0.028655256723716493
2022-08-19 00:00:00+00:00,-0.06366626392804398
2022-08-20 00:00:00+00:00,0.015842861751317328
2022-08-21 00:00:00+00:00,0.06421791750467509
2022-08-22 00:00:00+00:00,-0.005934816484864602
2022-08-23 00:00:00+00:00,-0.002268027483156576
2022-08-24 00:00:00+00:00,-0.010296182389516573
2022-08-25 00:00:00+00:00,0.01668580693102739
2022-08-26 00:00:00+00:00,-0.0720930232558139
2022-08-27 00:00:00+00:00,-0.005871822413175742
2022-08-28 00:00:00+00:00,-0.00515018367787945
2022-08-29 00:00:00+00:00,0.03395720957173376
2022-08-30 00:00:00+00:00,-0.014670354679457986
2022-08-31 00:00:00+00:00,-0.008634780754743776
2022-09-01 00:00:00+00:00,-0.0029033298684540965
2022-09-02 00:00:00+00:00,-0.003451002947731596
2022-09-03 00:00:00+00:00,0.0015150422047469636
2022-09-04 00:00:00+00:00,0.004826393891370184
2022-09-05 00:00:00+00:00,-0.008172628862284093
2022-09-06 00:00:00+00:00,-0.05225876400433671
2022-09-07 00:00:00+00:00,0.06372025625381328
2022-09-08 00:00:00+00:00,0.005233912887614434
2022-09-09 00:00:00+00:00,0.045397810349131484
2022-09-10 00:00:00+00:00,0.01135975984171389
2022-09-11 00:00:00+00:00,-0.004722231591729464
2022-09-12 00:00:00+00:00,-0.004270173179245607
2022-09-13 00:00:00+00:00,-0.056431026854089295
2022-09-14 00:00:00+00:00,0.006889586264112735
2022-09-15 00:00:00+00:00,-0.02934011607078879
2022-09-16 00:00:00+00:00,0.014061634988005167
2022-09-17 00:00:00+00:00,0.014558159848595098
2022-09-18 00:00:00+00:00,-0.045092552733534186
2022-09-19 00:00:00+00:00,0.02107517186971708
2022-09-20 00:00:00+00:00,-0.02086092715231791
2022-09-21 00:00:00+00:00,-0.0091308758877241
2022-09-22 00:00:00+00:00,0.043648084945013155
2022-09-23 00:00:00+00:00,0.004505650230733016
2022-09-24 00:00:00+00:00,-0.00770482908301684
2022-09-25 00:00:00+00:00,-0.0010207057451151469
2022-09-26 00:00:00+00:00,0.007188731572033147
2022-09-27 00:00:00+00:00,-0.014419767399731942
2022-09-28 00:00:00+00:00,0.03470205492041334
2022-09-29 00:00:00+00:00,0.009130635591714897
2022-09-30 00:00:00+00:00,0.0021475848472045644
2022-10-01 00:00:00+00:00,-0.006499209555594465
2022-10-02 00:00:00+00:00,0.0064710042432813975
2022-10-03 00:00:00+00:00,0.007729332818044332
2022-10-04 00:00:00+00:00,0.031970156538716266
2022-10-05 00:00:00+00:00,-0.006824324324324227
2022-10-06 00:00:00+00:00,-0.02455949384311862
2022-10-07 00:00:00+00:00,-0.016041288882689186
2022-10-08 00:00:00+00:00,-0.021016444570456483
2022-10-09 00:00:00+00:00,0.007131738044383162
2022-10-10 00:00:00+00:00,-0.024191229331416153
2022-10-11 00:00:00+00:00,-0.00025785537996847463
2022-10-12 00:00:00+00:00,-0.002210759027265863
2022-10-13 00:00:00+00:00,0.0022156573116689504
2022-10-14 00:00:00+00:00,-0.0077376565954310195
2022-10-15 00:00:00+00:00,-0.00497586334942457
2022-10-16 00:00:00+00:00,0.016233766233766378
2022-10-17 00:00:00+00:00,0.011861481399875196
2022-10-18 00:00:00+00:00,-0.009254554692603612
2022-10-19 00:00:00+00:00,-0.00443239679109142
2022-10-20 00:00:00+00:00,-0.010964750901464315
2022-10-21 00:00:00+00:00,0.004017857142857073
2022-10-22 00:00:00+00:00,0.0014450867052022698
2022-10-23 00:00:00+00:00,0.020202020202020332
2022-10-24 00:00:00+00:00,-0.006201719073006373
2022-10-25 00:00:00+00:00,0.03656667396540403
2022-10-26 00:00:00+00:00,0.02119419800028166
2022-10-27 00:00:00+00:00,-0.011687237123353733
2022-10-28 00:00:00+00:00,0.038999546516901074
2022-10-29 00:00:00+00:00,0.022058082927648215
2022-10-30 00:00:00+00:00,0.029564417580973723
2022-10-31 00:00:00+00:00,0.03882968540616405
2022-11-01 00:00:00+00:00,-0.005896987008200405
2022-11-02 00:00:00+00:00,-0.011400500509778477
2022-11-03 00:00:00+00:00,0.02931433214575918
2022-11-04 00:00:00+00:00,0.07590478503764886
2022-11-05 00:00:00+00:00,-0.015210520374760117
2022-11-06 00:00:00+00:00,-0.032323695446600076
2022-11-07 00:00:00+00:00,-0.0026059403595013464
2022-11-08 00:00:00+00:00,-0.029274665241530884
2022-11-09 00:00:00+00:00,-0.1848294846306775
2022-11-10 00:00:00+00:00,0.14002701485817193
2022-11-11 00:00:00+00:00,-0.045286993154291744
2022-11-12 00:00:00+00:00,-0.025544677330391563
2022-11-13 00:00:00+00:00,-0.02214596525984358
2022-11-14 00:00:00+00:00,0.008827466444774057
2022-11-15 00:00:00+00:00,-0.007244038013268894
2022-11-16 00:00:00+00:00,-0.018531228551818768
2022-11-17 00:00:00+00:00,-0.014280456385719509
2022-11-18 00:00:00+00:00,0.02266447614069156
2022-11-19 00:00:00+00:00,-0.005695717258753508
2022-11-20 00:00:00+00:00,-0.030183967980024096
2022-11-21 00:00:00+00:00,-0.038582408844799576
2022-11-22 00:00:00+00:00,0.05001575299306871
2022-11-23 00:00:00+00:00,0.11953341834821085
2022-11-24 00:00:00+00:00,0.004589768501457314
2022-11-25 00:00:00+00:00,0.0019008870806376255
2022-11-26 00:00:00+00:00,0.03501647638384986
2022-11-27 00:00:00+00:00,-0.011545264511979347
2022-11-28 00:00:00+00:00,-0.04619989588755857
2022-11-29 00:00:00+00:00,0.0067198799290488775
2022-11-30 00:00:00+00:00,0.016873919967472117
2022-12-01 00:00:00+00:00,-0.026023791276531982
2022-12-02 00:00:00+00:00,0.004071159767362387
2022-12-03 00:00:00+00:00,-0.010698831306007017
2022-12-04 00:00:00+00:00,0.005510590666436999
2022-12-05 00:00:00+00:00,-0.012193868813152986
2022-12-06 00:00:00+00:00,0.006310898436145518
2022-12-07 00:00:00+00:00,-0.02132938217153091
2022-12-08 00:00:00+00:00,0.022251954087740167
2022-12-09 00:00:00+00:00,-0.015257973410484071
2022-12-10 00:00:00+00:00,0.007414920779265977
2022-12-11 00:00:00+00:00,-0.012672291080790155
2022-12-12 00:00:00+00:00,-0.02897531471974124
2022-12-13 00:00:00+00:00,-0.013761135655826817
2022-12-14 00:00:00+00:00,-0.017037526621135335
2022-12-15 00:00:00+00:00,-0.033059394844975554
2022-12-16 00:00:00+00:00,-0.10859571180220207
2022-12-17 00:00:00+00:00,0.04771604403224394
2022-12-18 00:00:00+00:00,0.03735263702171676
2022-12-19 00:00:00+00:00,-0.04206874551399642
2022-12-20 00:00:00+00:00,0.04520667693460445
2022-12-21 00:00:00+00:00,-0.01999283125572504
2022-12-22 00:00:00+00:00,-0.0015442760190189642
2022-12-23 00:00:00+00:00,0.0010582441287800837
2022-12-24 00:00:00+00:00,-0.0066680219556819464
2022-12-25 00:00:00+00:00,-0.004911792394908021
2022-12-26 00:00:00+00:00,0.00473036896877943
2022-12-27 00:00:00+00:00,0.009252435928928326
2022-12-28 00:00:00+00:00,-0.008518578614311267
2022-12-29 00:00:00+00:00,0.006955240978643307
2022-12-30 00:00:00+00:00,-0.0015439622948155707
2022-12-31 00:00:00+00:00,0.0015056563847970494
2023-01-01 00:00:00+00:00,-0.007110641583031985
2023-01-02 00:00:00+00:00,0.0029055491897200802
2023-01-03 00:00:00+00:00,0.0036724201248623523
2023-01-04 00:00:00+00:00,0.051103793145505616
2023-01-05 00:00:00+00:00,-0.0081225342306801
2023-01-06 00:00:00+00:00,0.012673529870534939
2023-01-07 00:00:00+00:00,0.005468058069236559
2023-01-08 00:00:00+00:00,0.05204702998736166
2023-01-09 00:00:00+00:00,-0.008227156898434673
2023-01-10 00:00:00+00:00,0.016811040963147894
2023-01-11 00:00:00+00:00,0.0278680239693887
2023-01-12 00:00:00+00:00,0.009763292828545156
2023-01-13 00:00:00+00:00,0.02138981636060122
2023-01-14 00:00:00+00:00,0.03943201552763309
2023-01-15 00:00:00+00:00,-0.009991809991810041
2023-01-16 00:00:00+00:00,-0.010522832561217776
2023-01-17 00:00:00+00:00,0.0008695070563842222
2023-01-18 00:00:00+00:00,-0.04290296712109054
2023-01-19 00:00:00+00:00,0.027789414886189023
2023-01-20 00:00:00+00:00,0.03682065217391317
2023-01-21 00:00:00+00:00,-0.020049796881142723
2023-01-22 00:00:00+00:00,0.013606579299277888
2023-01-23 00:00:00+00:00,0.007157228140769911
2023-01-24 00:00:00+00:00,-0.016505108724128914
2023-01-25 00:00:00+00:00,0.021710175812466703
2023-01-26 00:00:00+00:00,-0.0070394994133748945
2023-01-27 00:00:00+00:00,0.011126427727451649
2023-01-28 00:00:00+00:00,-0.006459570876748866
2023-01-29 00:00:00+00:00,0.03606900156821746
2023-01-30 00:00:00+00:00,-0.031344601412714446
2023-01-31 00:00:00+00:00,0.016179438765544507
2023-02-01 00:00:00+00:00,0.016178119493833076
2023-02-02 00:00:00+00:00,0.020554854981084558
2023-02-03 00:00:00+00:00,0.026751513653774817
2023-02-04 00:00:00+00:00,-0.005926951080089005
2023-02-05 00:00:00+00:00,-0.0074755606670501296
2023-02-06 00:00:00+00:00,-0.01027627004939935
2023-02-07 00:00:00+00:00,0.026434975506054226
2023-02-08 00:00:00+00:00,-0.014618039921957093
2023-02-09 00:00:00+00:00,-0.06814304861703413
2023-02-10 00:00:00+00:00,-0.001274884770030571
2023-02-11 00:00:00+00:00,0.015383608274417426
2023-02-12 00:00:00+00:00,0.006575978337953536
2023-02-13 00:00:00+00:00,-0.058348811887529495
2023-02-14 00:00:00+00:00,0.006869813630798527
2023-02-15 00:00:00+00:00,0.07160710666756742
2023-02-16 00:00:00+00:00,-0.041574733656937535
2023-02-17 00:00:00+00:00,0.02917091459203469
2023-02-18 00:00:00+00:00,0.01044928740333595
2023-02-19 00:00:00+00:00,-0.015685778438379483
2023-02-20 00:00:00+00:00,0.012947791164658495
2023-02-21 00:00:00+00:00,-0.012306521187515851
2023-02-22 00:00:00+00:00,0.0031791907514451268
2023-02-23 00:00:00+00:00,-0.013412721277889839
2023-02-24 00:00:00+00:00,-0.019759896171317237
2023-02-25 00:00:00+00:00,0.0002317036840886466
2023-02-26 00:00:00+00:00,0.020649943742140575
2023-02-27 00:00:00+00:00,-0.012709940989559687
2023-02-28 00:00:00+00:00,-0.010903119868637123
2023-03-01 00:00:00+00:00,0.00431635566770705
2023-03-02 00:00:00+00:00,-0.008893149960327973
2023-03-03 00:00:00+00:00,-0.031522065445812264
2023-03-04 00:00:00+00:00,-0.0030653716332574854
2023-03-05 00:00:00+00:00,-0.003005700466401806
2023-03-06 00:00:00+00:00,-0.003291981426294277
2023-03-07 00:00:00+00:00,0.005249800090393775
2023-03-08 00:00:00+00:00,-0.007747112125613964
2023-03-09 00:00:00+00:00,-0.03489020564656675
2023-03-10 00:00:00+00:00,0.0005417313734696894
2023-03-11 00:00:00+00:00,-0.004403696217152864
2023-03-12 00:00:00+00:00,0.04430425639910096
2023-03-13 00:00:00+00:00,0.06905290931815022
2023-03-14 00:00:00+00:00,0.0024031435715909932
2023-03-15 00:00:00+00:00,-0.007256941069750944
2023-03-16 00:00:00+00:00,0.07381783767907835
2023-03-17 00:00:00+00:00,0.02911411639568451
2023-03-18 00:00:00+00:00,-0.02306352065676398
2023-03-19 00:00:00+00:00,0.015083731334260442
2023-03-20 00:00:00+00:00,-0.01110747148685276
2023-03-21 00:00:00+00:00,0.007347627077812557
2023-03-22 00:00:00+00:00,-0.040236757144565316
2023-03-23 00:00:00+00:00,0.024979754563009937
2023-03-24 00:00:00+00:00,-0.022122280296584362
2023-03-25 00:00:00+00:00,0.0009633312616532663
2023-03-26 00:00:00+00:00,0.019154947067771655
2023-03-27 00:00:00+00:00,-0.05507493603021807
2023-03-28 00:00:00+00:00,0.009574468085106425
2023-03-29 00:00:00+00:00,0.001436919245138446
2023-03-30 00:00:00+00:00,0.0077482303424527554
2023-03-31 00:00:00+00:00,0.0021831988609397612
2023-04-01 00:00:00+00:00,-0.006377470480520286
2023-04-02 00:00:00+00:00,-0.003654041687849663
2023-04-03 00:00:00+00:00,-0.01626431099913883
2023-04-04 00:00:00+00:00,0.007326482315946459
2023-04-05 00:00:00+00:00,0.01004087149615418
2023-04-06 00:00:00+00:00,-0.005767086187669301
2023-04-07 00:00:00+00:00,-0.00567234969875674
2023-04-08 00:00:00+00:00,0.00032229993231713827
2023-04-09 00:00:00+00:00,0.007184972774430642
2023-04-10 00:00:00+00:00,0.018873960332693507
2023-04-11 00:00:00+00:00,0.012778649921507013
2023-04-12 00:00:00+00:00,-0.007905260873608877
2023-04-13 00:00:00+00:00,0.015061558652584184
2023-04-14 00:00:00+00:00,0.012252185691417283
2023-04-15 00:00:00+00:00,0.013715710723191998
2023-04-16 00:00:00+00:00,0.043560435604356185
2023-04-17 00:00:00+00:00,-0.021848497915768372
2023-04-18 00:00:00+00:00,0.008875826598089498
2023-04-19 00:00:00+00:00,-0.060885017624610294
2023-04-20 00:00:00+00:00,-0.013586872227564606
2023-04-21 00:00:00+00:00,0.009717286707129125
2023-04-22 00:00:00+00:00,0.03344960757443638
2023-04-23 00:00:00+00:00,-0.0043397022482069
2023-04-24 00:00:00+00:00,0.0011199225134692625
2023-04-25 00:00:00+00:00,0.022040816326530654
2023-04-26 00:00:00+00:00,-0.022600875636019535
2023-04-27 00:00:00+00:00,0.0
2023-04-28 00:00:00+00:00,-0.019945520581113763
2023-04-29 00:00:00+00:00,-0.00639263765788578
2023-04-30 00:00:00+00:00,0.046932305588363255
2023-05-01 00:00:00+00:00,-0.025679847999049876
2023-05-02 00:00:00+00:00,-0.020110301959231025
2023-05-03 00:00:00+00:00,0.012904630119095817
2023-05-04 00:00:00+00:00,-0.0062933628046908385
2023-05-05 00:00:00+00:00,0.008155951682164986
2023-05-06 00:00:00+00:00,-0.014034872674899557
2023-05-07 00:00:00+00:00,-0.002424242424242329
2023-05-08 00:00:00+00:00,-0.023117425304545636
2023-05-09 00:00:00+00:00,-0.005230425769414682
2023-05-10 00:00:00+00:00,0.007213619313263475
2023-05-11 00:00:00+00:00,-0.021931499872676508
2023-05-12 00:00:00+00:00,0.003417190093403244
2023-05-13 00:00:00+00:00,0.007459782044628938
2023-05-14 00:00:00+00:00,0.0041851780310346864
2023-05-15 00:00:00+00:00,0.0042639138240574415
2023-05-16 00:00:00+00:00,-0.006448523543495566
2023-05-17 00:00:00+00:00,0.009831957073547004
2023-05-18 00:00:00+00:00,-0.016386140188997533
2023-05-19 00:00:00+00:00,-0.0012939121433653833
2023-05-20 00:00:00+00:00,0.006348383753319808
2023-05-21 00:00:00+00:00,-0.01396845831992266
2023-05-22 00:00:00+00:00,0.009172215693954877
2023-05-23 00:00:00+00:00,0.014005239835689132
2023-05-24 00:00:00+00:00,-0.024242424242424288
2023-05-25 00:00:00+00:00,-0.0038901601830663157
2023-05-26 00:00:00+00:00,0.00689179875947632
2023-05-27 00:00:00+00:00,0.002411916169616335
2023-05-28 00:00:00+00:00,0.022142741017720624
2023-05-29 00:00:00+00:00,-0.0075709377783432785
2023-05-30 00:00:00+00:00,-0.0014103468171036138
2023-05-31 00:00:00+00:00,-0.014893753611093463
2023-06-01 00:00:00+00:00,-0.005799934832192766
2023-06-02 00:00:00+00:00,0.007439695857367479
2023-06-03 00:00:00+00:00,-0.002147109535118097
2023-06-04 00:00:00+00:00,-0.004890294395722639
2023-06-05 00:00:00+00:00,-0.09248763227729917
2023-06-06 00:00:00+00:00,0.015090252707581353
2023-06-07 00:00:00+00:00,-0.07809943808236708
2023-06-08 00:00:00+00:00,0.010570172054625182
2023-06-09 00:00:00+00:00,-0.0045045045045045695
2023-06-10 00:00:00+00:00,-0.08451568371807638
2023-06-11 00:00:00+00:00,-0.01486973276367598
2023-06-12 00:00:00+00:00,-0.016837450571878132
2023-06-13 00:00:00+00:00,0.05488042209055921
2023-06-14 00:00:00+00:00,-0.025172187602492513
2023-06-15 00:00:00+00:00,-0.006098073849777008
2023-06-16 00:00:00+00:00,0.012017094740405243
2023-06-17 00:00:00+00:00,0.022034536104026392
2023-06-18 00:00:00+00:00,-0.0017591228931435055
2023-06-19 00:00:00+00:00,-0.004057210770050279
2023-06-20 00:00:00+00:00,0.020204098428112882
2023-06-21 00:00:00+00:00,0.004073730488444172
2023-06-22 00:00:00+00:00,-0.032256768699284954
2023-06-23 00:00:00+00:00,0.015026358391100336
2023-06-24 00:00:00+00:00,-0.03353371774424396
2023-06-25 00:00:00+00:00,0.011170820462911957
2023-06-26 00:00:00+00:00,-0.011800644432355512
2023-06-27 00:00:00+00:00,0.005504975651069222
2023-06-28 00:00:00+00:00,-0.029185091598231128
2023-06-29 00:00:00+00:00,0.011278847822314697
2023-06-30 00:00:00+00:00,0.031443033630748074
2023-07-01 00:00:00+00:00,0.03135787065918083
2023-07-02 00:00:00+00:00,-0.0049195532077905835
2023-07-03 00:00:00+00:00,-0.0006078534667909308
2023-07-04 00:00:00+00:00,-0.01658421863595816
2023-07-05 00:00:00+00:00,-0.015173380612707787
2023-07-06 00:00:00+00:00,-0.02901402553904131
2023-07-07 00:00:00+00:00,0.015134529147982079
2023-07-08 00:00:00+00:00,0.0029732829291084784
2023-07-09 00:00:00+00:00,-0.009401600813111366
2023-07-10 00:00:00+00:00,0.05155829165063497
2023-07-11 00:00:00+00:00,0.009635321380656148
2023-07-12 00:00:00+00:00,-0.018684062172827587
2023-07-13 00:00:00+00:00,0.05043085761181798
2023-07-14 00:00:00+00:00,-0.03164186101019584
2023-07-15 00:00:00+00:00,0.011698737343176502
2023-07-16 00:00:00+00:00,-0.03540811037122693
2023-07-17 00:00:00+00:00,0.008763589764788637
2023-07-18 00:00:00+00:00,-0.01454739171413355
2023-07-19 00:00:00+00:00,0.002370259481037973
2023-07-20 00:00:00+00:00,0.007799211781787996
2023-07-21 00:00:00+00:00,0.003910591528423879
2023-07-22 00:00:00+00:00,-0.010865999671969884
2023-07-23 00:00:00+00:00,0.005430502010529414
2023-07-24 00:00:00+00:00,-0.014513070009070539
2023-07-25 00:00:00+00:00,-0.004853150363986258
2023-07-26 00:00:00+00:00,0.005002942907592622
2023-07-27 00:00:00+00:00,0.007655302238025463
2023-07-28 00:00:00+00:00,0.004359016937894422
2023-07-29 00:00:00+00:00,0.002934733187285543
2023-07-30 00:00:00+00:00,0.0003297065611607142
2023-07-31 00:00:00+00:00,-0.006921555702043558
2023-08-01 00:00:00+00:00,0.02833554596747434
2023-08-02 00:00:00+00:00,-0.029168515754226076
2023-08-03 00:00:00+00:00,0.0015375664893617635
2023-08-04 00:00:00+00:00,0.002987427907555684
2023-08-05 00:00:00+00:00,0.006660323501427312
2023-08-06 00:00:00+00:00,-0.00032875811621602136
2023-08-07 00:00:00+00:00,-0.005344076296966094
2023-08-08 00:00:00+00:00,0.013555959662754136
2023-08-09 00:00:00+00:00,-0.005464035230794306
2023-08-10 00:00:00+00:00,-0.010537105371053679
2023-08-11 00:00:00+00:00,-0.006505614718435471
2023-08-12 00:00:00+00:00,0.0017517517517517955
2023-08-13 00:00:00+00:00,-0.0010825214422517382
2023-08-14 00:00:00+00:00,0.0017922640880294605
2023-08-15 00:00:00+00:00,-0.01506136883711251
2023-08-16 00:00:00+00:00,-0.020149537447725185
2023-08-17 00:00:00+00:00,-0.06065700982928102
2023-08-18 00:00:00+00:00,-0.008811785763458535
2023-08-19 00:00:00+00:00,0.0038431263601426124
2023-08-20 00:00:00+00:00,-0.0017988929889299898
2023-08-21 00:00:00+00:00,-0.028603114458666368
2023-08-22 00:00:00+00:00,0.0029492912187232267
2023-08-23 00:00:00+00:00,0.026987288939480214
2023-08-24 00:00:00+00:00,0.011684293169537785
2023-08-25 00:00:00+00:00,-0.003195471560303087
2023-08-26 00:00:00+00:00,-0.009250778530866532
2023-08-27 00:00:00+00:00,0.009290930942035702
2023-08-28 00:00:00+00:00,0.0018319212273871788
2023-08-29 00:00:00+00:00,0.03712000000000004
2023-08-30 00:00:00+00:00,-0.013399744346982767
2023-08-31 00:00:00+00:00,-0.032390653621051646
2023-09-01 00:00:00+00:00,-0.013528488318404364
2023-09-02 00:00:00+00:00,0.0031827755675168934
2023-09-03 00:00:00+00:00,9.331404842982671e-05
2023-09-04 00:00:00+00:00,0.003918824352694195
2023-09-05 00:00:00+00:00,-0.0031599981411776223
2023-09-06 00:00:00+00:00,0.003309869003776056
2023-09-07 00:00:00+00:00,0.008781711736827402
2023-09-08 00:00:00+00:00,-0.011468840679839776
2023-09-09 00:00:00+00:00,-0.00195694716242667
2023-09-10 00:00:00+00:00,-0.008963585434173638
2023-09-11 00:00:00+00:00,-0.029206708121349068
2023-09-12 00:00:00+00:00,0.022564052795031042
2023-09-13 00:00:00+00:00,0.009016276752242147
2023-09-14 00:00:00+00:00,-0.002774773079998183
2023-09-15 00:00:00+00:00,0.009243538954914143
2023-09-16 00:00:00+00:00,0.0034579439252337973
2023-09-17 00:00:00+00:00,0.007311166992642226
2023-09-18 00:00:00+00:00,-0.00147935832832502
2023-09-19 00:00:00+00:00,0.005694708088337386
2023-09-20 00:00:00+00:00,-0.013028266273823808
2023-09-21 00:00:00+00:00,-0.016232100377816083
2023-09-22 00:00:00+00:00,0.001137926129628708
2023-09-23 00:00:00+00:00,-0.00298366090457014
2023-09-24 00:00:00+00:00,-0.010355310659319827
2023-09-25 00:00:00+00:00,0.00825573581645389
2023-09-26 00:00:00+00:00,0.012472626868513803
2023-09-27 00:00:00+00:00,-0.0024920067707353555
2023-09-28 00:00:00+00:00,0.013716709875088329
2023-09-29 00:00:00+00:00,0.0006974797730865401
2023-09-30 00:00:00+00:00,-0.0024162445982993663
2023-10-01 00:00:00+00:00,0.016768363687176935
2023-10-02 00:00:00+00:00,-0.016446012185624692
2023-10-03 00:00:00+00:00,-0.005775500698649183
2023-10-04 00:00:00+00:00,-4.6847184484333226e-05
2023-10-05 00:00:00+00:00,-0.012415085500117051
2023-10-06 00:00:00+00:00,0.012428842504743631
2023-10-07 00:00:00+00:00,-0.0051073001593101575
2023-10-08 00:00:00+00:00,-0.0042857815664297805
2023-10-09 00:00:00+00:00,-0.02644026109166575
2023-10-10 00:00:00+00:00,0.013409124034397202
2023-10-11 00:00:00+00:00,-0.009492305479649077
2023-10-12 00:00:00+00:00,-0.006388848555249127
2023-10-13 00:00:00+00:00,0.0037020799844122987
2023-10-14 00:00:00+00:00,0.002669255035185447
2023-10-15 00:00:00+00:00,0.015827686350435632
2023-10-16 00:00:00+00:00,0.023252489636441664
2023-10-17 00:00:00+00:00,-0.014901047729918404
2023-10-18 00:00:00+00:00,-0.00557787757031436
2023-10-19 00:00:00+00:00,0.004515853020867988
2023-10-20 00:00:00+00:00,0.004022335794056309
2023-10-21 00:00:00+00:00,0.010133383607484614
2023-10-22 00:00:00+00:00,0.016937290033594676
2023-10-23 00:00:00+00:00,0.04978206010552899
2023-10-24 00:00:00+00:00,-0.015209790209790297
2023-10-25 00:00:00+00:00,-0.013447541274631658
2023-10-26 00:00:00+00:00,0.004633586756039421
2023-10-27 00:00:00+00:00,0.0038509761776823748
2023-10-28 00:00:00+00:00,0.007226335980015985
2023-10-29 00:00:00+00:00,0.006200177147918318
2023-10-30 00:00:00+00:00,0.003961267605633756
2023-10-31 00:00:00+00:00,-0.00767207365190703
2023-11-01 00:00:00+00:00,0.007952286282306265
2023-11-02 00:00:00+00:00,0.017006355467893863
2023-11-03 00:00:00+00:00,-0.007024953669784062
2023-11-04 00:00:00+00:00,0.030208333333333393
2023-11-05 00:00:00+00:00,0.027974384900572913
2023-11-06 00:00:00+00:00,0.04618852459016387
2023-11-07 00:00:00+00:00,-0.034786696439064624
2023-11-08 00:00:00+00:00,0.0015828564470961037
2023-11-09 00:00:00+00:00,0.02050409271415843
2023-11-10 00:00:00+00:00,-0.0027795425667090923
2023-11-11 00:00:00+00:00,0.0020705582543600887
2023-11-12 00:00:00+00:00,-0.015814988476515857
2023-11-13 00:00:00+00:00,-0.026324289405684764
2023-11-14 00:00:00+00:00,0.005141814562945823
2023-11-15 00:00:00+00:00,0.04793729372937294
2023-11-16 00:00:00+00:00,-0.04409101645539726
2023-11-17 00:00:00+00:00,0.00885429536282012
2023-11-18 00:00:00+00:00,-0.00024492795036124004
2023-11-19 00:00:00+00:00,0.00669633743007636
2023-11-20 00:00:00+00:00,0.027256134658284248
2023-11-21 00:00:00+00:00,-0.10901409562917053
2023-11-22 00:00:00+00:00,0.0475050961623682
2023-11-23 00:00:00+00:00,-0.010533886115576707
2023-11-24 00:00:00+00:00,-0.004403779554491338
2023-11-25 00:00:00+00:00,0.006828137078072505
2023-11-26 00:00:00+00:00,-0.010791213478353545
2023-11-27 00:00:00+00:00,-0.019403242497412876
2023-11-28 00:00:00+00:00,0.00998153196728535
2023-11-29 00:00:00+00:00,-0.009839348687361138
2023-11-30 00:00:00+00:00,0.00105526975333059
2023-12-01 00:00:00+00:00,0.004260552554135266
2023-12-02 00:00:00+00:00,0.002624212736179299
2023-12-03 00:00:00+00:00,-0.0044058628511604025
2023-12-04 00:00:00+00:00,0.02379178898479606
2023-12-05 00:00:00+00:00,-0.009543781562954656
2023-12-06 00:00:00+00:00,-0.007907358596551894
2023-12-07 00:00:00+00:00,0.013980836236933802
2023-12-08 00:00:00+00:00,0.027017739787809747
2023-12-09 00:00:00+00:00,-0.005144291091593423
2023-12-10 00:00:00+00:00,0.008786311851010975
2023-12-11 00:00:00+00:00,0.027796299383230583
2023-12-12 00:00:00+00:00,0.028423143980861987
2023-12-13 00:00:00+00:00,-0.007017820533038899
2023-12-14 00:00:00+00:00,0.004804256332883172
2023-12-15 00:00:00+00:00,-0.03366657446556287
2023-12-16 00:00:00+00:00,-0.0015947658965447253
2023-12-17 00:00:00+00:00,-0.02125655307994756
2023-12-18 00:00:00+00:00,0.012093568230321816
2023-12-19 00:00:00+00:00,0.04337219879268983
2023-12-20 00:00:00+00:00,0.030196156132356045
2023-12-21 00:00:00+00:00,0.04592837635111735
2023-12-22 00:00:00+00:00,-0.0030892574748998536
2023-12-23 00:00:00+00:00,-0.0011805068801415963
2023-12-24 00:00:00+00:00,-0.02485687903970457
2023-12-25 00:00:00+00:00,0.00962048329671994
2023-12-26 00:00:00+00:00,0.11610894357743096
2023-12-27 00:00:00+00:00,0.08823232832509831
2023-12-28 00:00:00+00:00,-0.004787496911292322
2023-12-29 00:00:00+00:00,-0.027683808696191803
2023-12-30 00:00:00+00:00,0.010916403332375646
2023-12-31 00:00:00+00:00,-0.01698714912696153
2024-01-01 00:00:00+00:00,0.007066456814312838
2024-01-02 00:00:00+00:00,-0.005262654291455338
2024-01-03 00:00:00+00:00,0.011927664486341083
2024-01-04 00:00:00+00:00,0.023510773130544838
2024-01-05 00:00:00+00:00,-0.018203207231750396
2024-01-06 00:00:00+00:00,-0.03134262470833071
2024-01-07 00:00:00+00:00,-0.016731770833333326
2024-01-08 00:00:00+00:00,0.005892868966430376
2024-01-09 00:00:00+00:00,-0.008129278567667098
2024-01-10 00:00:00+00:00,0.015329993031821365
2024-01-11 00:00:00+00:00,0.008235563253701006
2024-01-12 00:00:00+00:00,-0.03792421639493049
2024-01-13 00:00:00+00:00,0.018665139314713253
2024-01-14 00:00:00+00:00,-0.008863899454274904
2024-01-15 00:00:00+00:00,0.058297460539927126
2024-01-16 00:00:00+00:00,-0.0065901494608058275
2024-01-17 00:00:00+00:00,-0.018409776225995933
2024-01-18 00:00:00+00:00,0.011253031527890034
2024-01-19 00:00:00+00:00,0.005308093243372669
2024-01-20 00:00:00+00:00,0.008397213651833768
2024-01-21 00:00:00+00:00,0.00435290035643332
2024-01-22 00:00:00+00:00,-0.03960302754310485
2024-01-23 00:00:00+00:00,-0.023806409417920338
2024-01-24 00:00:00+00:00,-0.018792710706150184
2024-01-25 00:00:00+00:00,-0.002833634904919724
2024-01-26 00:00:00+00:00,0.03420295809367291
2024-01-27 00:00:00+00:00,0.011950872314364203
2024-01-28 00:00:00+00:00,-0.0014394137660298512
2024-01-29 00:00:00+00:00,0.017789280566111954
2024-01-30 00:00:00+00:00,-0.009914056716129771
2024-01-31 00:00:00+00:00,-0.022952631750056907
2024-02-01 00:00:00+00:00,-0.0012977073836222264
2024-02-02 00:00:00+00:00,0.0037649097088026107
2024-02-03 00:00:00+00:00,-0.005344043548975885
2024-02-04 00:00:00+00:00,0.016885803911099284
2024-02-05 00:00:00+00:00,-0.011781307429771681
2024-02-06 00:00:00+00:00,0.00544615282436145
2024-02-07 00:00:00+00:00,0.01532516431614761
2024-02-08 00:00:00+00:00,0.03620571874695022
2024-02-09 00:00:00+00:00,0.0164500533684937
2024-02-10 00:00:00+00:00,-0.0036753351040830218
2024-02-11 00:00:00+00:00,-0.006695805821631096
2024-02-12 00:00:00+00:00,0.022563430390412975
2024-02-13 00:00:00+00:00,-0.01025453213697125
2024-02-14 00:00:00+00:00,0.028276287388220744
2024-02-15 00:00:00+00:00,0.06123489369358559
2024-02-16 00:00:00+00:00,0.01797168611715505
2024-02-17 00:00:00+00:00,-0.021762664816099897
2024-02-18 00:00:00+00:00,-0.007207513975199364
2024-02-19 00:00:00+00:00,0.005602080772858509
2024-02-20 00:00:00+00:00,0.008612113804962629
2024-02-21 00:00:00+00:00,0.06715324353266072
2024-02-22 00:00:00+00:00,0.009612083762444268
2024-02-23 00:00:00+00:00,-0.018413412497057413
2024-02-24 00:00:00+00:00,0.01593434410722372
2024-02-25 00:00:00+00:00,0.01838592073858414
2024-02-26 00:00:00+00:00,0.03394457607911816
2024-02-27 00:00:00+00:00,-0.017909629851043718
2024-02-28 00:00:00+00:00,0.051512922616480994
2024-02-29 00:00:00+00:00,-0.036084712238892314
2024-03-01 00:00:00+00:00,0.020094089384915526
2024-03-02 00:00:00+00:00,0.008634858334355622
2024-03-03 00:00:00+00:00,0.00865821922805643
2024-03-04 00:00:00+00:00,0.009982398186772157
2024-03-05 00:00:00+00:00,-0.058920428772650246
2024-03-06 00:00:00+00:00,0.08993125142697678
2024-03-07 00:00:00+00:00,0.10452937342891722
2024-03-08 00:00:00+00:00,0.02263196712675164
2024-03-09 00:00:00+00:00,0.005687320983329469
2024-03-10 00:00:00+00:00,0.0840897449031861
2024-03-11 00:00:00+00:00,-0.01139692679884341
2024-03-12 00:00:00+00:00,0.02797002255955361
2024-03-13 00:00:00+00:00,0.17357585225687644
2024-03-14 00:00:00+00:00,-0.04321574593515254
2024-03-15 00:00:00+00:00,0.04846376811594211
2024-03-16 00:00:00+00:00,-0.08873477512203587
2024-03-17 00:00:00+00:00,-0.009257333055960104
2024-03-18 00:00:00+00:00,-0.027716535433070955
2024-03-19 00:00:00+00:00,-0.08584386135406541
2024-03-20 00:00:00+00:00,0.09652334829514131
2024-03-21 00:00:00+00:00,-0.005134742095908362
2024-03-22 00:00:00+00:00,0.00032483352281942324
2024-03-23 00:00:00+00:00,-0.003896736483195218
2024-03-24 00:00:00+00:00,0.029357964321289565
2024-03-25 00:00:00+00:00,0.03364065029206831
2024-03-26 00:00:00+00:00,-0.01177912439572426
2024-03-27 00:00:00+00:00,-0.009921455146754798
2024-03-28 00:00:00+00:00,0.015709812108559706
2024-03-29 00:00:00+00:00,0.04884983642498675
2024-03-30 00:00:00+00:00,-0.01975994121009228
2024-03-31 00:00:00+00:00,0.009629321116201517
2024-04-01 00:00:00+00:00,-0.04885896737785256
2024-04-02 00:00:00+00:00,-0.04265986606987948
2024-04-03 00:00:00+00:00,0.018665168620770833
2024-04-04 00:00:00+00:00,0.03951043352961059
2024-04-05 00:00:00+00:00,-0.011431700722182359
2024-04-06 00:00:00+00:00,0.012723747533150975
2024-04-07 00:00:00+00:00,-0.0026666210834002113
2024-04-08 00:00:00+00:00,0.005604593367040778
2024-04-09 00:00:00+00:00,-0.010055904008726468
2024-04-10 00:00:00+00:00,0.05029096794187504
2024-04-11 00:00:00+00:00,-0.008491385669557205
2024-04-12 00:00:00+00:00,-0.015954368851781364
2024-04-13 00:00:00+00:00,-0.0703461021505376
2024-04-14 00:00:00+00:00,0.022897728299567932
2024-04-15 00:00:00+00:00,-0.0244169611307421
2024-04-16 00:00:00+00:00,-0.026549313629613436
2024-04-17 00:00:00+00:00,-0.006660217294240045
2024-04-18 00:00:00+00:00,0.03373038169082676
2024-04-19 00:00:00+00:00,0.0032974001268228914
2024-04-20 00:00:00+00:00,0.029976343969517982
2024-04-21 00:00:00+00:00,0.015674036151971382
2024-04-22 00:00:00+00:00,0.04325835908235676
2024-04-23 00:00:00+00:00,0.002266823303605392
2024-04-24 00:00:00+00:00,0.004506884141711076
2024-04-25 00:00:00+00:00,0.006705342909264056
2024-04-26 00:00:00+00:00,-0.024618398498081673
2024-04-27 00:00:00+00:00,-0.0028955428724455334
2024-04-28 00:00:00+00:00,0.006546480008057243
2024-04-29 00:00:00+00:00,-0.011707024214528738
2024-04-30 00:00:00+00:00,-0.02514258715534401
2024-05-01 00:00:00+00:00,-0.028162431627778095
2024-05-02 00:00:00+00:00,-0.0022085671030367404
2024-05-03 00:00:00+00:00,0.04719658699416285
2024-05-04 00:00:00+00:00,-0.003187590556549935
2024-05-05 00:00:00+00:00,0.011594103765518504
2024-05-06 00:00:00+00:00,-0.0063391710054770956
2024-05-07 00:00:00+00:00,-0.020329698371922778
2024-05-08 00:00:00+00:00,0.0214635501684437
2024-05-09 00:00:00+00:00,0.013940362449423649
2024-05-10 00:00:00+00:00,-0.01871164615539378
2024-05-11 00:00:00+00:00,0.011567508457779319
2024-05-12 00:00:00+00:00,0.0037498099758459524
2024-05-13 00:00:00+00:00,-0.0049810685738326255
2024-05-14 00:00:00+00:00,-0.04177307243484574
2024-05-15 00:00:00+00:00,0.025097513192961163
2024-05-16 00:00:00+00:00,-0.0212289733303489
2024-05-17 00:00:00+00:00,0.021179285111173618
2024-05-18 00:00:00+00:00,-0.00043064838420725504
2024-05-19 00:00:00+00:00,-0.010271080703810331
2024-05-20 00:00:00+00:00,0.04422698542598957
2024-05-21 00:00:00+00:00,0.03219889613313098
2024-05-22 00:00:00+00:00,-0.0061064262867112085
2024-05-23 00:00:00+00:00,-0.025323451010987652
2024-05-24 00:00:00+00:00,0.0014841743654736561
2024-05-25 00:00:00+00:00,0.0032137207559737035
2024-05-26 00:00:00+00:00,-0.003037445226397595
2024-05-27 00:00:00+00:00,0.005793723466244849
2024-05-28 00:00:00+00:00,-0.003674705775247089
2024-05-29 00:00:00+00:00,-0.01020086059377645
2024-05-30 00:00:00+00:00,-0.0007217550396964034
2024-05-31 00:00:00+00:00,-0.0022004232875332264
2024-06-01 00:00:00+00:00,0.01407336329815001
2024-06-02 00:00:00+00:00,0.0016766546589419562
2024-06-03 00:00:00+00:00,0.03887968180311563
2024-06-04 00:00:00+00:00,0.09459847493858264
2024-06-05 00:00:00+00:00,0.01917920018654562
2024-06-06 00:00:00+00:00,0.01711662758107857
2024-06-07 00:00:00+00:00,-0.03836691082399579
2024-06-08 00:00:00+00:00,-0.0020321637426899963
2024-06-09 00:00:00+00:00,-0.013843922591230795
2024-06-10 00:00:00+00:00,-0.07154316952878959
2024-06-11 00:00:00+00:00,-0.0365120000000001
2024-06-12 00:00:00+00:00,0.028396824869640458
2024-06-13 00:00:00+00:00,-0.0316173620979201
2024-06-14 00:00:00+00:00,0.00568617642154412
2024-06-15 00:00:00+00:00,0.00809139294656025
2024-06-16 00:00:00+00:00,0.004375071958420351
2024-06-17 00:00:00+00:00,-0.010955539179562712
2024-06-18 00:00:00+00:00,-0.025597721703424114
2024-06-19 00:00:00+00:00,0.017706032285471407
2024-06-20 00:00:00+00:00,-0.01936819608628848
2024-06-21 00:00:00+00:00,-0.002060205680038174
2024-06-22 00:00:00+00:00,0.008309020491034103
2024-06-23 00:00:00+00:00,-0.022978781007817584
2024-06-24 00:00:00+00:00,-0.016366470384482024
2024-06-25 00:00:00+00:00,0.017589576547231367
2024-06-26 00:00:00+00:00,-0.008391874589057768
2024-06-27 00:00:00+00:00,0.015111064579734323
2024-06-28 00:00:00+00:00,-0.02415126772668663
2024-06-29 00:00:00+00:00,0.004756033116082303
2024-06-30 00:00:00+00:00,0.02144109396914451
2024-07-01 00:00:00+00:00,-0.00937129910921175
2024-07-02 00:00:00+00:00,0.005423012284075712
2024-07-03 00:00:00+00:00,-0.04030673789419259
2024-07-04 00:00:00+00:00,-0.07845073710294292
2024-07-05 00:00:00+00:00,-0.03055219983632751
2024-07-06 00:00:00+00:00,0.057502914338545486
2024-07-07 00:00:00+00:00,-0.06749025943172093
2024-07-08 00:00:00+00:00,0.040029349421164095
2024-07-09 00:00:00+00:00,0.0125225366465469
2024-07-10 00:00:00+00:00,0.01550312578628521
2024-07-11 00:00:00+00:00,0.0003621254860106671
2024-07-12 00:00:00+00:00,0.017566254501114598
2024-07-13 00:00:00+00:00,-0.0030519200883746267
2024-07-14 00:00:00+00:00,0.023100326785110425
2024-07-15 00:00:00+00:00,0.07405095822013363
2024-07-16 00:00:00+00:00,-0.015467441462997944
2024-07-17 00:00:00+00:00,-0.012603072649943536
2024-07-18 00:00:00+00:00,0.005573234409887773
2024-07-19 00:00:00+00:00,0.03781732988320852
2024-07-20 00:00:00+00:00,-0.000657019154635341
2024-07-21 00:00:00+00:00,0.015627107215104408
2024-07-22 00:00:00+00:00,-0.0251630786595185
2024-07-23 00:00:00+00:00,-0.008717712962489799
2024-07-24 00:00:00+00:00,-0.012727803637987756
2024-07-25 00:00:00+00:00,-0.00668081700824652
2024-07-26 00:00:00+00:00,0.017690125056923467
2024-07-27 00:00:00+00:00,0.001497315159025181
2024-07-28 00:00:00+00:00,0.003952501245897189
2024-07-29 00:00:00+00:00,-0.01668920422450826
2024-07-30 00:00:00+00:00,0.02416182153674762
2024-07-31 00:00:00+00:00,-0.019631505592004772
2024-08-01 00:00:00+00:00,-0.0024619012118795025
2024-08-02 00:00:00+00:00,-0.0559987486313156
2024-08-03 00:00:00+00:00,-0.024873423547822848
2024-08-04 00:00:00+00:00,-0.06177781134355409
2024-08-05 00:00:00+00:00,-0.06584560895113911
2024-08-06 00:00:00+00:00,0.044334338647134874
2024-08-07 00:00:00+00:00,-0.02019472750526008
2024-08-08 00:00:00+00:00,0.08854923261542336
2024-08-09 00:00:00+00:00,-0.015820520259162474
2024-08-10 00:00:00+00:00,0.028337296362528575
2024-08-11 00:00:00+00:00,-0.03747444055877225
2024-08-12 00:00:00+00:00,0.02938373570520958
2024-08-13 00:00:00+00:00,0.011109396698040452
2024-08-14 00:00:00+00:00,-0.0020219746680910644
2024-08-15 00:00:00+00:00,-0.00823808249550817
2024-08-16 00:00:00+00:00,0.0011563590109275879
2024-08-17 00:00:00+00:00,0.04300537085875966
2024-08-18 00:00:00+00:00,-0.019434857237777048
2024-08-19 00:00:00+00:00,0.05174296039753057
2024-08-20 00:00:00+00:00,0.01897023820176469
2024-08-21 00:00:00+00:00,0.0007376574108224343
2024-08-22 00:00:00+00:00,0.022832973551659475
2024-08-23 00:00:00+00:00,0.014567604667124145
2024-08-24 00:00:00+00:00,-0.01836662213127238
2024-08-25 00:00:00+00:00,-0.011973881432730815
2024-08-26 00:00:00+00:00,-0.044378182325451654
2024-08-27 00:00:00+00:00,-0.027115303906720456
2024-08-28 00:00:00+00:00,0.007277228651274337
2024-08-29 00:00:00+00:00,-0.001377897774881287
2024-08-30 00:00:00+00:00,-0.0024239712106802758
2024-08-31 00:00:00+00:00,-0.004074690192706565
2024-09-01 00:00:00+00:00,-0.03899930559465514
2024-09-02 00:00:00+00:00,0.02804413631481295
2024-09-03 00:00:00+00:00,-0.014361429304154405
2024-09-04 00:00:00+00:00,-0.02147055989206903
2024-09-05 00:00:00+00:00,-0.01030115617183025
2024-09-06 00:00:00+00:00,-0.030727591147906352
2024-09-07 00:00:00+00:00,0.012996879106438763
2024-09-08 00:00:00+00:00,0.01957962583862005
2024-09-09 00:00:00+00:00,0.03156869371608062
2024-09-10 00:00:00+00:00,-0.0032568268100440223
2024-09-11 00:00:00+00:00,0.025424384207880513
2024-09-12 00:00:00+00:00,0.026792616475290965
2024-09-13 00:00:00+00:00,0.02100701458004317
2024-09-14 00:00:00+00:00,-0.005053775044063014
2024-09-15 00:00:00+00:00,-0.00016268686393960952
2024-09-16 00:00:00+00:00,-0.035706537460225674
2024-09-17 00:00:00+00:00,0.023717119448037893
2024-09-18 00:00:00+00:00,0.02435808212153412
2024-09-19 00:00:00+00:00,0.013462776228277074
2024-09-20 00:00:00+00:00,0.0034929875628473273
2024-09-21 00:00:00+00:00,0.035423588769931236
2024-09-22 00:00:00+00:00,-0.0005602906720093559
2024-09-23 00:00:00+00:00,0.02772445425974701
2024-09-24 00:00:00+00:00,0.0018182719804287206
2024-09-25 00:00:00+00:00,-0.030656524823865272
2024-09-26 00:00:00+00:00,0.015285366559430802
2024-09-27 00:00:00+00:00,0.01820711854745416
2024-09-28 00:00:00+00:00,-0.010225083562478421
2024-09-29 00:00:00+00:00,-0.008916688847484755
2024-09-30 00:00:00+00:00,-0.04718342956895394
2024-10-01 00:00:00+00:00,-0.036413282832731375
2024-10-02 00:00:00+00:00,-0.008409813887162332
2024-10-03 00:00:00+00:00,0.004166820310483432
2024-10-04 00:00:00+00:00,0.019517479435957608
2024-10-05 00:00:00+00:00,0.014155275811767343
2024-10-06 00:00:00+00:00,0.012661374815761794
2024-10-07 00:00:00+00:00,-0.010398765475397087
2024-10-08 00:00:00+00:00,0.027625680009923048
2024-10-09 00:00:00+00:00,-0.016502276176024178
2024-10-10 00:00:00+00:00,-0.011782238976067338
2024-10-11 00:00:00+00:00,0.017990525699483673
2024-10-12 00:00:00+00:00,0.00477543266465652
2024-10-13 00:00:00+00:00,-0.007458673743733768
2024-10-14 00:00:00+00:00,0.029884133447510397
2024-10-15 00:00:00+00:00,0.00946870068385075
2024-10-16 00:00:00+00:00,0.010489334162618213
2024-10-17 00:00:00+00:00,-0.013807329529386236
2024-10-18 00:00:00+00:00,0.01045831013950016
2024-10-19 00:00:00+00:00,-0.0018196083668595708
2024-10-20 00:00:00+00:00,0.013947887747934429
2024-10-21 00:00:00+00:00,-0.01243649798772839
2024-10-22 00:00:00+00:00,-0.008233957978421413
2024-10-23 00:00:00+00:00,-0.014920597497515842
2024-10-24 00:00:00+00:00,0.016582613898623588
2024-10-25 00:00:00+00:00,-0.03365004624569068
2024-10-26 00:00:00+00:00,0.01524432688291788
2024-10-27 00:00:00+00:00,0.010181693520740609
2024-10-28 00:00:00+00:00,0.020412665015101528
2024-10-29 00:00:00+00:00,0.008879724628764407
2024-10-30 00:00:00+00:00,-0.01781740864663528
2024-10-31 00:00:00+00:00,-0.03220338983050841
2024-11-01 00:00:00+00:00,-0.006554420766069713
2024-11-02 00:00:00+00:00,-0.007592550573368273
2024-11-03 00:00:00+00:00,-0.018994688522283698
2024-11-04 00:00:00+00:00,-0.00944816952920502
2024-11-05 00:00:00+00:00,0.01952905829758733
2024-11-06 00:00:00+00:00,0.052032664654713345
2024-11-07 00:00:00+00:00,0.010344071142910138
2024-11-08 00:00:00+00:00,-0.0009519991983165665
2024-11-09 00:00:00+00:00,0.044953775682498254
2024-11-10 00:00:00+00:00,0.004447573032988927
2024-11-11 00:00:00+00:00,0.05206740570846069
2024-11-12 00:00:00+00:00,-0.05260926831483803
2024-11-13 00:00:00+00:00,-0.00733484611205204
2024-11-14 00:00:00+00:00,0.0023342294628052596
2024-11-15 00:00:00+00:00,-0.004673647693691274
2024-11-16 00:00:00+00:00,0.005583076501056938
2024-11-17 00:00:00+00:00,-0.006739517643094439
2024-11-18 00:00:00+00:00,0.0007593014426727773
2024-11-19 00:00:00+00:00,-0.005698511606883505
2024-11-20 00:00:00+00:00,-0.016479145357426894
2024-11-21 00:00:00+00:00,0.027320149229093094
2024-11-22 00:00:00+00:00,0.01796474539231596
2024-11-23 00:00:00+00:00,0.027813294186358473
2024-11-24 00:00:00+00:00,0.013960345860273726
2024-11-25 00:00:00+00:00,-0.03579109993638485
2024-11-26 00:00:00+00:00,-0.035580200757159175
2024-11-27 00:00:00+00:00,0.050086327654168095
2024-11-28 00:00:00+00:00,0.014952923110332028
2024-11-29 00:00:00+00:00,0.0012226246695092868
2024-11-30 00:00:00+00:00,-0.0019080182559186865
2024-12-01 00:00:00+00:00,0.004205664647947582
2024-12-02 00:00:00+00:00,-0.012716446095974887
2024-12-03 00:00:00+00:00,0.1348028629604492
2024-12-04 00:00:00+00:00,0.0065110715402287855
2024-12-05 00:00:00+00:00,-0.030656618858547424
2024-12-06 00:00:00+00:00,0.01809797146678549
2024-12-07 00:00:00+00:00,0.02679438932603495
2024-12-08 00:00:00+00:00,-0.01042208095104824
2024-12-09 00:00:00+00:00,-0.07133910654401965
2024-12-10 00:00:00+00:00,-0.017866983786292256
2024-12-11 00:00:00+00:00,0.05089926464073713
2024-12-12 00:00:00+00:00,-0.007742134918293231
2024-12-13 00:00:00+00:00,0.027684159845931644
2024-12-14 00:00:00+00:00,-0.013999696856957788
2024-12-15 00:00:00+00:00,0.00553404977849814
2024-12-16 00:00:00+00:00,0.002168081942379052
2024-12-17 00:00:00+00:00,-0.004493197797778348
2024-12-18 00:00:00+00:00,-0.04374172877342064
2024-12-19 00:00:00+00:00,-0.030548474033068707
2024-12-20 00:00:00+00:00,0.01929434393219931
2024-12-21 00:00:00+00:00,-0.021509022290364443
2024-12-22 00:00:00+00:00,-0.021032648818043564
2024-12-23 00:00:00+00:00,0.06791633962786836
2024-12-24 00:00:00+00:00,0.003934284479031547
2024-12-25 00:00:00+00:00,0.007895152376440784
2024-12-26 00:00:00+00:00,-0.0190563001153633
2024-12-27 00:00:00+00:00,0.0039782214156081075
2024-12-28 00:00:00+00:00,0.04432457446962346
2024-12-29 00:00:00+00:00,-0.03830282216744674
2024-12-30 00:00:00+00:00,0.014802442114963732
2024-12-31 00:00:00+00:00,-0.0037459560701514905
