experiment,trial_id,trial,months,ls_mean_monthly,ls_t,ls_sharpe,ls_boot_ci_lo,ls_boot_ci_hi,eras_positive,spearman,lo_mean_monthly,lo_t,lo_ff3_alpha,lo_ff3_t,ls_post2000_t,classification
E050,H1,momentum_12_2_deciles,654,0.012720948012232417,4.480369399448614,0.6359983205146849,0.0077837347094801244,0.01729389143730887,4,0.9878787878787878,0.005713149847094802,4.322809628748381,0.005664731099299073,5.004017462375475,0.6380650524908258,FACTOR_EVIDENCE
E050,H2,st_reversal_1_0_deciles,654,0.0034782874617737014,1.91505777459081,0.22784867622971047,-9.419342507645162e-05,0.0071153134556574925,4,0.9151515151515152,0.001106880733944955,0.7318498893858009,-0.001864116740200304,-1.3123789314593417,0.5940458031319349,REJECTED
E050,H3,low_total_variance_quintiles,654,0.0023738532110091745,0.9085760763813115,0.1302174900335128,-0.002418146024464833,0.007327389143730887,3,-0.0,-1.3149847094801294e-05,-0.01709998376598236,0.0009566673366397063,1.7020721709674844,0.9190242518108119,REJECTED
E050,H4,low_residual_variance_quintiles,654,0.0027559633027522943,1.1041227639525606,0.16128689701985402,-0.00189559250764526,0.007507220948012232,3,-0.0,0.00022629969418960265,0.3752961866747503,0.0011564741571280614,2.6359423532365467,0.7498238631775423,REJECTED
E050,H5a,industry_momentum_12_1,642,0.006762538940809966,3.6371783793136023,0.5103565504680229,0.003570981697819314,0.01009040070093458,4,0.9999999999999999,0.003315733537714813,3.339626461807314,0.004019651333389185,4.186640683011188,0.6912588690415947,FACTOR_EVIDENCE
E050,H5b,industry_momentum_6_1,648,0.004250833333333334,2.5741802797379356,0.33993046613695155,0.001155271990740741,0.007516655092592593,4,0.8999999999999998,0.0018783208214169565,2.0374297937032777,0.0024607247189032903,2.8404432038579066,1.3270568542938814,WEAK_SIGNAL
E050,H6a,market_trend_sma10,644,,2.0234701202972296,0.5149028964721051,-0.002434192546583851,0.001836552795031056,2,,0.0010606601456748521,,0.001987046101437578,2.0234701202972296,2.8796524864881605,WEAK_SIGNAL
E050,H6b,market_trend_sma12,642,,2.2385298856434233,0.5343013280161986,-0.002103084112149532,0.0019959813084112154,2,,0.00403379806363402,,0.0021884572978036754,2.2385298856434233,2.6794643402270157,WEAK_SIGNAL
E050,H7a,vol_managed_market_cap1.0,594,,1.7385235001563881,0.4737633364233062,-0.003224656549061806,0.0003923874973362542,3,,-0.010875240586478707,,0.0010781637353591213,1.7385235001563881,2.454640880055467,WEAK_SIGNAL
E050,H7b,vol_managed_market_cap1.5,594,,2.1877440399035497,0.5107170166170889,-0.002457334569752651,0.0012750536599551417,3,,-0.0009580832245583704,,0.001709858977119547,2.1877440399035497,2.759419697093328,WEAK_SIGNAL
