time,nav
2022-01-01 00:00:00+00:00,0.0
2022-01-02 00:00:00+00:00,0.0
2022-01-03 00:00:00+00:00,0.0
2022-01-04 00:00:00+00:00,0.0
2022-01-05 00:00:00+00:00,0.0
2022-01-06 00:00:00+00:00,0.0
2022-01-07 00:00:00+00:00,0.0
2022-01-08 00:00:00+00:00,0.0
2022-01-09 00:00:00+00:00,0.0
2022-01-10 00:00:00+00:00,0.0
2022-01-11 00:00:00+00:00,0.0
2022-01-12 00:00:00+00:00,0.0
2022-01-13 00:00:00+00:00,0.0
2022-01-14 00:00:00+00:00,0.0
2022-01-15 00:00:00+00:00,0.0
2022-01-16 00:00:00+00:00,0.0
2022-01-17 00:00:00+00:00,0.0
2022-01-18 00:00:00+00:00,0.0
2022-01-19 00:00:00+00:00,0.0
2022-01-20 00:00:00+00:00,0.0
2022-01-21 00:00:00+00:00,0.0
2022-01-22 00:00:00+00:00,0.0
2022-01-23 00:00:00+00:00,0.0
2022-01-24 00:00:00+00:00,0.0
2022-01-25 00:00:00+00:00,0.0
2022-01-26 00:00:00+00:00,0.0
2022-01-27 00:00:00+00:00,0.0
2022-01-28 00:00:00+00:00,0.0
2022-01-29 00:00:00+00:00,0.0
2022-01-30 00:00:00+00:00,0.0
2022-01-31 00:00:00+00:00,0.0
2022-02-01 00:00:00+00:00,0.0
2022-02-02 00:00:00+00:00,0.0
2022-02-03 00:00:00+00:00,0.0
2022-02-04 00:00:00+00:00,0.0
2022-02-05 00:00:00+00:00,0.0
2022-02-06 00:00:00+00:00,0.0
2022-02-07 00:00:00+00:00,0.0
2022-02-08 00:00:00+00:00,0.0
2022-02-09 00:00:00+00:00,0.0
2022-02-10 00:00:00+00:00,0.0
2022-02-11 00:00:00+00:00,0.0
2022-02-12 00:00:00+00:00,0.0
2022-02-13 00:00:00+00:00,0.0
2022-02-14 00:00:00+00:00,0.0
2022-02-15 00:00:00+00:00,0.0
2022-02-16 00:00:00+00:00,0.0
2022-02-17 00:00:00+00:00,0.0
2022-02-18 00:00:00+00:00,0.0
2022-02-19 00:00:00+00:00,0.0
2022-02-20 00:00:00+00:00,0.019685575961950086
2022-02-21 00:00:00+00:00,0.005832383298158383
2022-02-22 00:00:00+00:00,0.0025144620779444793
2022-02-23 00:00:00+00:00,-0.005500696703096941
2022-02-24 00:00:00+00:00,0.012187630982299469
2022-02-25 00:00:00+00:00,-0.03909425538088862
2022-02-26 00:00:00+00:00,-0.0004118775004510189
2022-02-27 00:00:00+00:00,0.03019763917503382
2022-02-28 00:00:00+00:00,-0.04731523298672946
2022-03-01 00:00:00+00:00,-0.013993089727407648
2022-03-02 00:00:00+00:00,0.0025987387968351428
2022-03-03 00:00:00+00:00,0.023910605090325276
2022-03-04 00:00:00+00:00,0.04079701392238877
2022-03-05 00:00:00+00:00,-0.010199077409524082
2022-03-06 00:00:00+00:00,0.007156373350976963
2022-03-07 00:00:00+00:00,0.022024474615945033
2022-03-08 00:00:00+00:00,-0.010967390616539618
2022-03-09 00:00:00+00:00,-0.025775062056609954
2022-03-10 00:00:00+00:00,0.018841040010469268
2022-03-11 00:00:00+00:00,0.0071876938648307576
2022-03-12 00:00:00+00:00,0.007530016883800172
2022-03-13 00:00:00+00:00,-0.016101816288689674
2022-03-14 00:00:00+00:00,0.013156046269551025
2022-03-15 00:00:00+00:00,0.009951260455726585
2022-03-16 00:00:00+00:00,0.023965272219659273
2022-03-17 00:00:00+00:00,0.013276189776674885
2022-03-18 00:00:00+00:00,0.020835098536284846
2022-03-19 00:00:00+00:00,0.00045521928335423567
2022-03-20 00:00:00+00:00,-0.010784681128292894
2022-03-21 00:00:00+00:00,0.005529674142358054
2022-03-22 00:00:00+00:00,0.01672270366049755
2022-03-23 00:00:00+00:00,0.0006085453382480566
2022-03-24 00:00:00+00:00,0.018933889976050278
2022-03-25 00:00:00+00:00,-0.0021678043268965608
2022-03-26 00:00:00+00:00,0.005997994000920492
2022-03-27 00:00:00+00:00,0.023960004438764226
2022-03-28 00:00:00+00:00,0.017085554128680736
2022-03-29 00:00:00+00:00,0.002373462073431698
2022-03-30 00:00:00+00:00,0.0004436291680878224
2022-03-31 00:00:00+00:00,-0.01696972892824511
2022-04-01 00:00:00+00:00,0.027412414640868077
2022-04-02 00:00:00+00:00,0.002280784398142499
2022-04-03 00:00:00+00:00,0.012870046959892356
2022-04-04 00:00:00+00:00,-0.0029582811561655875
2022-04-05 00:00:00+00:00,-0.01400763984773179
2022-04-06 00:00:00+00:00,-0.042539284207385286
2022-04-07 00:00:00+00:00,0.008079752661219297
2022-04-08 00:00:00+00:00,-0.007572784311968173
2022-04-09 00:00:00+00:00,0.00967696587031086
2022-04-10 00:00:00+00:00,-0.004580266538088074
2022-04-11 00:00:00+00:00,-0.03854113633481315
2022-04-12 00:00:00+00:00,0.0025570086775366097
2022-04-13 00:00:00+00:00,0.01969300416543085
2022-04-14 00:00:00+00:00,-0.019104977141917612
2022-04-15 00:00:00+00:00,0.003379293436682973
2022-04-16 00:00:00+00:00,0.0052192399250414745
2022-04-17 00:00:00+00:00,-0.0028040725126913246
2022-04-18 00:00:00+00:00,0.0037644074570593045
2022-04-19 00:00:00+00:00,0.005766424763109956
2022-04-20 00:00:00+00:00,-0.00262815572407471
2022-04-21 00:00:00+00:00,-0.017880227095866674
2022-04-22 00:00:00+00:00,-0.004140597406083413
2022-04-23 00:00:00+00:00,-0.0006682715203573109
2022-04-24 00:00:00+00:00,-0.0047095972486536075
2022-04-25 00:00:00+00:00,0.015011316155079113
2022-04-26 00:00:00+00:00,-0.03405192164368065
2022-04-27 00:00:00+00:00,0.010383179459000136
2022-04-28 00:00:00+00:00,0.009789194077479468
2022-04-29 00:00:00+00:00,-0.020157615282384578
2022-04-30 00:00:00+00:00,-0.006937732442107936
2022-05-01 00:00:00+00:00,0.004964426124024923
2022-05-02 00:00:00+00:00,0.010351246642810175
2022-05-03 00:00:00+00:00,-0.014265514574337113
2022-05-04 00:00:00+00:00,0.026185471673218608
2022-05-05 00:00:00+00:00,-0.034684983288046034
2022-05-06 00:00:00+00:00,-0.007817862868106706
2022-05-07 00:00:00+00:00,0.015460599166664979
2022-05-08 00:00:00+00:00,0.011711485512738706
2022-05-09 00:00:00+00:00,0.04436261733862645
2022-05-10 00:00:00+00:00,-0.0045281423840510815
2022-05-11 00:00:00+00:00,0.0411206698088169
2022-05-12 00:00:00+00:00,0.025972811177631172
2022-05-13 00:00:00+00:00,-0.021938606847522135
2022-05-14 00:00:00+00:00,0.000561040135200308
2022-05-15 00:00:00+00:00,-0.012132378024333978
2022-05-16 00:00:00+00:00,0.016247466311166914
2022-05-17 00:00:00+00:00,-0.007940516205815706
2022-05-18 00:00:00+00:00,0.022230899635746093
2022-05-19 00:00:00+00:00,-0.009676732488535622
2022-05-20 00:00:00+00:00,0.008860762277747014
2022-05-21 00:00:00+00:00,-0.003438458417489132
2022-05-22 00:00:00+00:00,-0.009936254840019698
2022-05-23 00:00:00+00:00,0.009743953035648012
2022-05-24 00:00:00+00:00,-0.0009219532229182148
2022-05-25 00:00:00+00:00,0.0029227805992140254
2022-05-26 00:00:00+00:00,0.023516929205544823
2022-05-27 00:00:00+00:00,0.012481853548088173
2022-05-28 00:00:00+00:00,-0.006474816442734066
2022-05-29 00:00:00+00:00,-0.004120751812713097
2022-05-30 00:00:00+00:00,-0.0299340546291198
2022-05-31 00:00:00+00:00,0.007034394710774494
2022-06-01 00:00:00+00:00,0.022576902530241805
2022-06-02 00:00:00+00:00,-0.0024361523241834826
2022-06-03 00:00:00+00:00,0.008171202097881025
2022-06-04 00:00:00+00:00,-0.0024077175445098575
2022-06-05 00:00:00+00:00,-0.0026791346560821605
2022-06-06 00:00:00+00:00,-0.006243568164902458
2022-06-07 00:00:00+00:00,0.007575061569232711
2022-06-08 00:00:00+00:00,0.0013375542432607634
2022-06-09 00:00:00+00:00,0.0018693474229773965
2022-06-10 00:00:00+00:00,0.018101617004165238
2022-06-11 00:00:00+00:00,0.019551445389650146
2022-06-12 00:00:00+00:00,0.01394762270484673
2022-06-13 00:00:00+00:00,0.03947351547662725
2022-06-14 00:00:00+00:00,0.0024244806454640777
2022-06-15 00:00:00+00:00,-0.00595983994446081
2022-06-16 00:00:00+00:00,0.021913730064239578
2022-06-17 00:00:00+00:00,-0.00252521903731473
2022-06-18 00:00:00+00:00,0.013151852669059272
2022-06-19 00:00:00+00:00,-0.021174772005151943
2022-06-20 00:00:00+00:00,0.004920667053061933
2022-06-21 00:00:00+00:00,-0.004298296564422488
2022-06-22 00:00:00+00:00,0.010874506003931694
2022-06-23 00:00:00+00:00,-0.011351183000994025
2022-06-24 00:00:00+00:00,-0.012650341438289026
2022-06-25 00:00:00+00:00,-0.001839044534306833
2022-06-26 00:00:00+00:00,0.004199219282438715
2022-06-27 00:00:00+00:00,0.001665031503134351
2022-06-28 00:00:00+00:00,0.0078117506676098625
2022-06-29 00:00:00+00:00,0.005635446375883424
2022-06-30 00:00:00+00:00,0.012171359877139354
2022-07-01 00:00:00+00:00,-0.005819543588747922
2022-07-02 00:00:00+00:00,-0.0008683613335859208
2022-07-03 00:00:00+00:00,-0.0007487587381390659
2022-07-04 00:00:00+00:00,-0.009500811468305725
2022-07-05 00:00:00+00:00,-0.0012910327967311508
2022-07-06 00:00:00+00:00,-0.005571815262532587
2022-07-07 00:00:00+00:00,-0.00562274202521873
2022-07-08 00:00:00+00:00,-0.000151791004924684
2022-07-09 00:00:00+00:00,0.0021915097861471278
2022-07-10 00:00:00+00:00,0.006973471951550181
2022-07-11 00:00:00+00:00,0.01010276940825916
2022-07-12 00:00:00+00:00,0.007956105790112744
2022-07-13 00:00:00+00:00,-0.006227398357313674
2022-07-14 00:00:00+00:00,-0.014437117269388344
2022-07-15 00:00:00+00:00,-0.00885580147290721
2022-07-16 00:00:00+00:00,-0.015839827667516904
2022-07-17 00:00:00+00:00,-0.0003084967269608718
2022-07-18 00:00:00+00:00,-0.022831273770388516
2022-07-19 00:00:00+00:00,-0.0073281932557646146
2022-07-20 00:00:00+00:00,0.00554498400958936
2022-07-21 00:00:00+00:00,-0.007493872649492528
2022-07-22 00:00:00+00:00,0.005754779263131171
2022-07-23 00:00:00+00:00,-0.0002846321622943515
2022-07-24 00:00:00+00:00,-0.009653219053035511
2022-07-25 00:00:00+00:00,0.01907491867539224
2022-07-26 00:00:00+00:00,0.010757836175739888
2022-07-27 00:00:00+00:00,-0.0321356200714048
2022-07-28 00:00:00+00:00,-0.018420666212875636
2022-07-29 00:00:00+00:00,0.0007092651485942625
2022-07-30 00:00:00+00:00,-0.004339550717514462
2022-07-31 00:00:00+00:00,-0.004442371123933642
2022-08-01 00:00:00+00:00,-0.01638705202056623
2022-08-02 00:00:00+00:00,0.005465838469817186
2022-08-03 00:00:00+00:00,-0.007468159144253361
2022-08-04 00:00:00+00:00,-0.007614150599503544
2022-08-05 00:00:00+00:00,0.03558231742674245
2022-08-06 00:00:00+00:00,-0.0006659220102332997
2022-08-07 00:00:00+00:00,-0.0027434925051613712
2022-08-08 00:00:00+00:00,0.021269886400263394
2022-08-09 00:00:00+00:00,-0.02114948428429475
2022-08-10 00:00:00+00:00,0.04278490782523292
2022-08-11 00:00:00+00:00,0.006135269029635015
2022-08-12 00:00:00+00:00,0.016133176408571037
2022-08-13 00:00:00+00:00,0.012708310249922139
2022-08-14 00:00:00+00:00,-0.012413870154351359
2022-08-15 00:00:00+00:00,-0.01023084184424139
2022-08-16 00:00:00+00:00,-0.006353104666188325
2022-08-17 00:00:00+00:00,-0.011944876585212483
2022-08-18 00:00:00+00:00,0.010451625351229676
2022-08-19 00:00:00+00:00,-0.06846842897254846
2022-08-20 00:00:00+00:00,-0.014045226567341751
2022-08-21 00:00:00+00:00,0.013670061761574148
2022-08-22 00:00:00+00:00,-0.009300185723702503
2022-08-23 00:00:00+00:00,0.019909192067244952
2022-08-24 00:00:00+00:00,0.0020373719436170834
2022-08-25 00:00:00+00:00,0.0101479808762579
2022-08-26 00:00:00+00:00,-0.042566332207283564
2022-08-27 00:00:00+00:00,-0.019516280724779178
2022-08-28 00:00:00+00:00,-0.0059440071079089885
2022-08-29 00:00:00+00:00,0.024034170527154064
2022-08-30 00:00:00+00:00,0.0016588949065743375
2022-08-31 00:00:00+00:00,0.007074070244696307
2022-09-01 00:00:00+00:00,0.005522259445784217
2022-09-02 00:00:00+00:00,-0.0019118220581920697
2022-09-03 00:00:00+00:00,-0.007469670544969054
2022-09-04 00:00:00+00:00,0.003600355175244818
2022-09-05 00:00:00+00:00,0.01192936793654198
2022-09-06 00:00:00+00:00,0.01467912159809659
2022-09-07 00:00:00+00:00,0.03019212649853764
2022-09-08 00:00:00+00:00,-0.0011098932248113647
2022-09-09 00:00:00+00:00,0.027431511215495696
2022-09-10 00:00:00+00:00,0.019693361980058777
2022-09-11 00:00:00+00:00,-0.01105486351350593
2022-09-12 00:00:00+00:00,-0.011434637236274692
2022-09-13 00:00:00+00:00,-0.03588795860895799
2022-09-14 00:00:00+00:00,0.01778050824248001
2022-09-15 00:00:00+00:00,0.0461354481866556
2022-09-16 00:00:00+00:00,0.012459893250167164
2022-09-17 00:00:00+00:00,-0.009291950797940984
2022-09-18 00:00:00+00:00,0.0361329977083793
2022-09-19 00:00:00+00:00,-0.012613621300752276
2022-09-20 00:00:00+00:00,0.015349099157885515
2022-09-21 00:00:00+00:00,0.024375846031982062
2022-09-22 00:00:00+00:00,-0.02206107007204461
2022-09-23 00:00:00+00:00,-0.0017066952481800124
2022-09-24 00:00:00+00:00,0.004282536375534329
2022-09-25 00:00:00+00:00,0.006447829928288629
2022-09-26 00:00:00+00:00,-0.009990093964453495
2022-09-27 00:00:00+00:00,-0.0007272261927449009
2022-09-28 00:00:00+00:00,-0.0023449262426958883
2022-09-29 00:00:00+00:00,0.002564763222776989
2022-09-30 00:00:00+00:00,0.0019796492031911583
2022-10-01 00:00:00+00:00,0.0027609867840996394
2022-10-02 00:00:00+00:00,0.006362095012216518
2022-10-03 00:00:00+00:00,-0.007126661261710465
2022-10-04 00:00:00+00:00,-0.011954138929329616
2022-10-05 00:00:00+00:00,0.0009981264453355898
2022-10-06 00:00:00+00:00,0.0013198458148413472
2022-10-07 00:00:00+00:00,0.004887028336294286
2022-10-08 00:00:00+00:00,0.00618710592416849
2022-10-09 00:00:00+00:00,-0.0013383903042556433
2022-10-10 00:00:00+00:00,0.006810358809344885
2022-10-11 00:00:00+00:00,0.0030894455603671656
2022-10-12 00:00:00+00:00,-0.0036614357783402163
2022-10-13 00:00:00+00:00,0.00046702140257037783
2022-10-14 00:00:00+00:00,-0.0007712635486677444
2022-10-15 00:00:00+00:00,0.006841979044044821
2022-10-16 00:00:00+00:00,-0.010349757455301756
2022-10-17 00:00:00+00:00,-0.00621753896412558
2022-10-18 00:00:00+00:00,0.005263917149133768
2022-10-19 00:00:00+00:00,0.0073093831935096
2022-10-20 00:00:00+00:00,0.0009517065939341762
2022-10-21 00:00:00+00:00,-0.005051058701272981
2022-10-22 00:00:00+00:00,-0.003758036712873225
2022-10-23 00:00:00+00:00,-0.013945041377142031
2022-10-24 00:00:00+00:00,0.005469452172423006
2022-10-25 00:00:00+00:00,-0.031248032785042512
2022-10-26 00:00:00+00:00,-0.0318987038653048
2022-10-27 00:00:00+00:00,0.015356147507308071
2022-10-28 00:00:00+00:00,-0.01212732184517995
2022-10-29 00:00:00+00:00,-0.015346445500402095
2022-10-30 00:00:00+00:00,0.007248734160200332
2022-10-31 00:00:00+00:00,0.0064640321696218805
2022-11-01 00:00:00+00:00,-0.0038435155715957903
2022-11-02 00:00:00+00:00,-0.02200727962006266
2022-11-03 00:00:00+00:00,-0.002950932061759226
2022-11-04 00:00:00+00:00,0.03790582112713281
2022-11-05 00:00:00+00:00,-0.00540780540975716
2022-11-06 00:00:00+00:00,-0.009909743869640608
2022-11-07 00:00:00+00:00,-0.013498971818088346
2022-11-08 00:00:00+00:00,-0.07795215228784325
2022-11-09 00:00:00+00:00,-0.0699679481105715
2022-11-10 00:00:00+00:00,0.07853837433211774
2022-11-11 00:00:00+00:00,-0.0023126369082997478
2022-11-12 00:00:00+00:00,0.007541264267101777
2022-11-13 00:00:00+00:00,0.012129857834209501
2022-11-14 00:00:00+00:00,0.0033569792504819507
2022-11-15 00:00:00+00:00,-0.009740678426132576
2022-11-16 00:00:00+00:00,0.011170556048733404
2022-11-17 00:00:00+00:00,0.0033969322686107084
2022-11-18 00:00:00+00:00,-0.0014244499214944861
2022-11-19 00:00:00+00:00,-0.0051392176069053885
2022-11-20 00:00:00+00:00,0.030354688730283463
2022-11-21 00:00:00+00:00,0.012575715219919958
2022-11-22 00:00:00+00:00,-0.010575516635730864
2022-11-23 00:00:00+00:00,-0.013323663390725327
2022-11-24 00:00:00+00:00,-0.01068920108394722
2022-11-25 00:00:00+00:00,0.0016064876471684197
2022-11-26 00:00:00+00:00,-0.0007738961646202025
2022-11-27 00:00:00+00:00,-0.005671625741153319
2022-11-28 00:00:00+00:00,0.01687460282965514
2022-11-29 00:00:00+00:00,-0.01909105666696942
2022-11-30 00:00:00+00:00,-0.02804260229645461
2022-12-01 00:00:00+00:00,0.008160368198491197
2022-12-02 00:00:00+00:00,0.005330667615300433
2022-12-03 00:00:00+00:00,0.021952470734788454
2022-12-04 00:00:00+00:00,0.014017521210725192
2022-12-05 00:00:00+00:00,0.008796521618261277
2022-12-06 00:00:00+00:00,0.0024738644089736805
2022-12-07 00:00:00+00:00,0.008804828371748341
2022-12-08 00:00:00+00:00,-0.02079774699208148
2022-12-09 00:00:00+00:00,0.00807421655981333
2022-12-10 00:00:00+00:00,-0.0018456878638503094
2022-12-11 00:00:00+00:00,0.0026684551140006008
2022-12-12 00:00:00+00:00,-0.00392416013995911
2022-12-13 00:00:00+00:00,-0.01878637206082434
2022-12-14 00:00:00+00:00,0.003457933876652941
2022-12-15 00:00:00+00:00,0.019474713371941954
2022-12-16 00:00:00+00:00,0.03303372955456707
2022-12-17 00:00:00+00:00,-0.0027533004994046983
2022-12-18 00:00:00+00:00,-0.00047271022192529877
2022-12-19 00:00:00+00:00,0.009349638385836245
2022-12-20 00:00:00+00:00,-0.019615136049785487
2022-12-21 00:00:00+00:00,0.0023183709759788673
2022-12-22 00:00:00+00:00,-0.002183798089387845
2022-12-23 00:00:00+00:00,-0.0009750624465943991
2022-12-24 00:00:00+00:00,0.0001068591301560673
2022-12-25 00:00:00+00:00,0.0003963530109734048
2022-12-26 00:00:00+00:00,-0.00038066237056333385
2022-12-27 00:00:00+00:00,0.002811242395269753
2022-12-28 00:00:00+00:00,0.009708735093778786
2022-12-29 00:00:00+00:00,0.0006732468943335679
2022-12-30 00:00:00+00:00,0.0014927391251871036
2022-12-31 00:00:00+00:00,0.0008897153668390168
2023-01-01 00:00:00+00:00,-0.0016704046337008283
2023-01-02 00:00:00+00:00,-0.005542924899737178
2023-01-03 00:00:00+00:00,0.0009330944614065473
2023-01-04 00:00:00+00:00,-0.01684077590888844
2023-01-05 00:00:00+00:00,0.0012141594566659197
2023-01-06 00:00:00+00:00,0.005939815818327254
2023-01-07 00:00:00+00:00,-0.0026860491578123424
2023-01-08 00:00:00+00:00,0.0025891691370798497
2023-01-09 00:00:00+00:00,0.02056880109803072
2023-01-10 00:00:00+00:00,0.004757601482182627
2023-01-11 00:00:00+00:00,0.0056030036142622475
2023-01-12 00:00:00+00:00,0.028159480445216323
2023-01-13 00:00:00+00:00,0.011359465940772084
2023-01-14 00:00:00+00:00,0.03595511904018478
2023-01-15 00:00:00+00:00,0.0020522955549531208
2023-01-16 00:00:00+00:00,0.007264660033001524
2023-01-17 00:00:00+00:00,-0.0019778877005435236
2023-01-18 00:00:00+00:00,-0.015400886995208918
2023-01-19 00:00:00+00:00,0.006966875348685564
2023-01-20 00:00:00+00:00,0.03615581670935608
2023-01-21 00:00:00+00:00,-0.00882445789153341
2023-01-22 00:00:00+00:00,0.0004841955120238328
2023-01-23 00:00:00+00:00,-0.0007529576759660594
2023-01-24 00:00:00+00:00,-0.0234086843207012
2023-01-25 00:00:00+00:00,0.008326958751349922
2023-01-26 00:00:00+00:00,0.00539217600483477
2023-01-27 00:00:00+00:00,-0.003135848570056776
2023-01-28 00:00:00+00:00,-0.010216164458865529
2023-01-29 00:00:00+00:00,0.02830656086800265
2023-01-30 00:00:00+00:00,-0.027868220553647793
2023-01-31 00:00:00+00:00,0.009162737086084505
2023-02-01 00:00:00+00:00,0.016753992641229898
2023-02-02 00:00:00+00:00,0.00610633774870184
2023-02-03 00:00:00+00:00,0.0036390193774045176
2023-02-04 00:00:00+00:00,0.00439820351008513
2023-02-05 00:00:00+00:00,-0.01610366059200552
2023-02-06 00:00:00+00:00,-0.000585507994472767
2023-02-07 00:00:00+00:00,0.010928494217907092
2023-02-08 00:00:00+00:00,-0.005004984771869503
2023-02-09 00:00:00+00:00,-0.039385525989329984
2023-02-10 00:00:00+00:00,-0.010715189194912988
2023-02-11 00:00:00+00:00,0.009966097413380393
2023-02-12 00:00:00+00:00,-0.008354279859030589
2023-02-13 00:00:00+00:00,-0.008010232973478248
2023-02-14 00:00:00+00:00,0.02294280994999842
2023-02-15 00:00:00+00:00,0.04029543800389068
2023-02-16 00:00:00+00:00,-0.006840405936200167
2023-02-17 00:00:00+00:00,0.017887360308498357
2023-02-18 00:00:00+00:00,-0.0032326666799040726
2023-02-19 00:00:00+00:00,-0.0015533539979258881
2023-02-20 00:00:00+00:00,0.0023309787798200254
2023-02-21 00:00:00+00:00,-0.013983429769945044
2023-02-22 00:00:00+00:00,-0.006682600558528429
2023-02-23 00:00:00+00:00,0.00412895868391594
2023-02-24 00:00:00+00:00,-0.01460953518864494
2023-02-25 00:00:00+00:00,-0.005027425722831769
2023-02-26 00:00:00+00:00,0.01501608068501814
2023-02-27 00:00:00+00:00,-0.001178801914876515
2023-02-28 00:00:00+00:00,-0.006515066804377856
2023-03-01 00:00:00+00:00,0.015333263944023345
2023-03-02 00:00:00+00:00,-0.0028768404418964
2023-03-03 00:00:00+00:00,-0.028325561177574454
2023-03-04 00:00:00+00:00,-0.0020106462800174585
2023-03-05 00:00:00+00:00,0.0011597696855696338
2023-03-06 00:00:00+00:00,0.0014292608183279487
2023-03-07 00:00:00+00:00,0.002012018829853801
2023-03-08 00:00:00+00:00,0.0025928953871725557
2023-03-09 00:00:00+00:00,-0.029234181349119814
2023-03-10 00:00:00+00:00,0.0053700385969410735
2023-03-11 00:00:00+00:00,-0.012259129313550887
2023-03-12 00:00:00+00:00,-0.03678815959856507
2023-03-13 00:00:00+00:00,-0.04220187652596474
2023-03-14 00:00:00+00:00,-0.008413189341433092
2023-03-15 00:00:00+00:00,-0.014961662123850972
2023-03-16 00:00:00+00:00,0.0070182751889795725
2023-03-17 00:00:00+00:00,0.02948243849560206
2023-03-18 00:00:00+00:00,-0.0011589119441578477
2023-03-19 00:00:00+00:00,0.010067987661108724
2023-03-20 00:00:00+00:00,-0.01643906647225646
2023-03-21 00:00:00+00:00,0.013253405945146346
2023-03-22 00:00:00+00:00,-0.01925304756662971
2023-03-23 00:00:00+00:00,0.02383315148169518
2023-03-24 00:00:00+00:00,-0.018885281887535132
2023-03-25 00:00:00+00:00,-0.0014907857795281032
2023-03-26 00:00:00+00:00,0.01108239713934811
2023-03-27 00:00:00+00:00,-0.019158037286992946
2023-03-28 00:00:00+00:00,0.017853528800705787
2023-03-29 00:00:00+00:00,0.005522500843971878
2023-03-30 00:00:00+00:00,-0.0016801278503244532
2023-03-31 00:00:00+00:00,0.011810803218681443
2023-04-01 00:00:00+00:00,-0.0009844862649381891
2023-04-02 00:00:00+00:00,-0.00847934885578805
2023-04-03 00:00:00+00:00,0.0036125922044991654
2023-04-04 00:00:00+00:00,0.017200519697355476
2023-04-05 00:00:00+00:00,0.0117892703985496
2023-04-06 00:00:00+00:00,-0.011258020493275733
2023-04-07 00:00:00+00:00,-0.00044137030790192266
2023-04-08 00:00:00+00:00,-0.004768434887271744
2023-04-09 00:00:00+00:00,0.004145509404755776
2023-04-10 00:00:00+00:00,0.01063539487966425
2023-04-11 00:00:00+00:00,-0.002763790413720657
2023-04-12 00:00:00+00:00,0.005211345867693895
2023-04-13 00:00:00+00:00,0.02620403480597644
2023-04-14 00:00:00+00:00,0.026026658537983804
2023-04-15 00:00:00+00:00,-0.002561924439154706
2023-04-16 00:00:00+00:00,0.007922154808660986
2023-04-17 00:00:00+00:00,-0.01236568499868096
2023-04-18 00:00:00+00:00,0.0031865748335908606
2023-04-19 00:00:00+00:00,-0.033727239461423864
2023-04-20 00:00:00+00:00,-0.006182679370311583
2023-04-21 00:00:00+00:00,-0.026974837708310218
2023-04-22 00:00:00+00:00,0.008911522143618456
2023-04-23 00:00:00+00:00,-0.004168327807102745
2023-04-24 00:00:00+00:00,-0.0065955418318758285
2023-04-25 00:00:00+00:00,0.00800972158962554
2023-04-26 00:00:00+00:00,-0.0008900479047007082
2023-04-27 00:00:00+00:00,0.011289890616570375
2023-04-28 00:00:00+00:00,-0.003243269716727837
2023-04-29 00:00:00+00:00,0.0026543480838820965
2023-04-30 00:00:00+00:00,-0.0032802082803244925
2023-05-01 00:00:00+00:00,-0.018450243250394682
2023-05-02 00:00:00+00:00,0.013485008570213841
2023-05-03 00:00:00+00:00,0.009143223912461362
2023-05-04 00:00:00+00:00,-0.010090373231963157
2023-05-05 00:00:00+00:00,0.03281917430424053
2023-05-06 00:00:00+00:00,-0.02545246209570129
2023-05-07 00:00:00+00:00,0.0033994837402928635
2023-05-08 00:00:00+00:00,-0.01684643092238025
2023-05-09 00:00:00+00:00,-0.0010270946074665277
2023-05-10 00:00:00+00:00,-0.0005195971749454298
2023-05-11 00:00:00+00:00,-0.014941996145947156
2023-05-12 00:00:00+00:00,0.0036838572523643087
2023-05-13 00:00:00+00:00,-0.00018577265006380905
2023-05-14 00:00:00+00:00,-0.0005890115860615053
2023-05-15 00:00:00+00:00,0.00656344304303369
2023-05-16 00:00:00+00:00,0.00017233029410856915
2023-05-17 00:00:00+00:00,-0.001001640736744469
2023-05-18 00:00:00+00:00,-0.0033792915000537826
2023-05-19 00:00:00+00:00,0.0009199161415553991
2023-05-20 00:00:00+00:00,-0.0023703812802021718
2023-05-21 00:00:00+00:00,0.003704114578571671
2023-05-22 00:00:00+00:00,0.003065822761926462
2023-05-23 00:00:00+00:00,-0.01096222185661222
2023-05-24 00:00:00+00:00,0.015337397735626812
2023-05-25 00:00:00+00:00,-0.0021386895133229666
2023-05-26 00:00:00+00:00,-0.005063155863756275
2023-05-27 00:00:00+00:00,-0.0009632219989287316
2023-05-28 00:00:00+00:00,-0.02132448454495839
2023-05-29 00:00:00+00:00,0.004353999801810282
2023-05-30 00:00:00+00:00,-0.003266190535492264
2023-05-31 00:00:00+00:00,-0.007889304084983784
2023-06-01 00:00:00+00:00,0.0022292022294170266
2023-06-02 00:00:00+00:00,-0.010116668624706948
2023-06-03 00:00:00+00:00,0.004064100105653834
2023-06-04 00:00:00+00:00,-0.0026859259278073644
2023-06-05 00:00:00+00:00,0.02535861580191967
2023-06-06 00:00:00+00:00,-0.019790009286665522
2023-06-07 00:00:00+00:00,0.014200207143399535
2023-06-08 00:00:00+00:00,-0.005084571323568432
2023-06-09 00:00:00+00:00,0.0029551826195932662
2023-06-10 00:00:00+00:00,0.022352005850943213
2023-06-11 00:00:00+00:00,2.136217617176861e-05
2023-06-12 00:00:00+00:00,0.0028591481426214482
2023-06-13 00:00:00+00:00,0.002228159140182484
2023-06-14 00:00:00+00:00,0.021800313125416526
2023-06-15 00:00:00+00:00,-0.0038127933685991877
2023-06-16 00:00:00+00:00,-0.013924190071320175
2023-06-17 00:00:00+00:00,-0.0025826564201191227
2023-06-18 00:00:00+00:00,0.0021119356685870283
2023-06-19 00:00:00+00:00,-0.0028160879647709525
2023-06-20 00:00:00+00:00,-0.013212702698934153
2023-06-21 00:00:00+00:00,-0.027971266512961557
2023-06-22 00:00:00+00:00,0.0062351680958834255
2023-06-23 00:00:00+00:00,0.0037997976029526814
2023-06-24 00:00:00+00:00,0.004647621368940813
2023-06-25 00:00:00+00:00,-0.006442806032224024
2023-06-26 00:00:00+00:00,-0.01089245869610067
2023-06-27 00:00:00+00:00,0.007106913511040203
2023-06-28 00:00:00+00:00,-0.01558730888591564
2023-06-29 00:00:00+00:00,0.0064282341534174225
2023-06-30 00:00:00+00:00,0.022150938430652634
2023-07-01 00:00:00+00:00,-0.0033626916865052703
2023-07-02 00:00:00+00:00,0.005103679985891008
2023-07-03 00:00:00+00:00,0.0030955572345476856
2023-07-04 00:00:00+00:00,-0.0036960947083536366
2023-07-05 00:00:00+00:00,-0.008748335474703883
2023-07-06 00:00:00+00:00,-0.0107153532550196
2023-07-07 00:00:00+00:00,-0.0002808160779721458
2023-07-08 00:00:00+00:00,-0.0018549857591096952
2023-07-09 00:00:00+00:00,0.001522990737176766
2023-07-10 00:00:00+00:00,0.0025202133834294482
2023-07-11 00:00:00+00:00,0.0006116311240911276
2023-07-12 00:00:00+00:00,-0.0022268383724834973
2023-07-13 00:00:00+00:00,0.03202902519140394
2023-07-14 00:00:00+00:00,-0.017048340094015235
2023-07-15 00:00:00+00:00,0.0005322273682453194
2023-07-16 00:00:00+00:00,0.0011900630759513753
2023-07-17 00:00:00+00:00,-0.006198953786039629
2023-07-18 00:00:00+00:00,-0.0023789679610307646
2023-07-19 00:00:00+00:00,-0.003617956941333822
2023-07-20 00:00:00+00:00,0.001588240221409798
2023-07-21 00:00:00+00:00,-0.0003805833081613752
2023-07-22 00:00:00+00:00,0.0008943678105082231
2023-07-23 00:00:00+00:00,0.00020826466640389008
2023-07-24 00:00:00+00:00,0.009425649857402796
2023-07-25 00:00:00+00:00,0.001404699384245811
2023-07-26 00:00:00+00:00,-0.005129198063903773
2023-07-27 00:00:00+00:00,-0.004587881274268346
2023-07-28 00:00:00+00:00,0.005106876323630605
2023-07-29 00:00:00+00:00,0.0008934314081840977
2023-07-30 00:00:00+00:00,-0.006452511382251558
2023-07-31 00:00:00+00:00,0.00011673217597985008
2023-08-01 00:00:00+00:00,-0.001330427500563336
2023-08-02 00:00:00+00:00,-0.0025233797006176673
2023-08-03 00:00:00+00:00,-0.0014516561130647476
2023-08-04 00:00:00+00:00,-0.002632591142041618
2023-08-05 00:00:00+00:00,0.002520025299519224
2023-08-06 00:00:00+00:00,-0.0023497899703831537
2023-08-07 00:00:00+00:00,-0.0007758683989040893
2023-08-08 00:00:00+00:00,0.007935015879269924
2023-08-09 00:00:00+00:00,-0.0005949563606055808
2023-08-10 00:00:00+00:00,0.0004471045354290659
2023-08-11 00:00:00+00:00,0.0013855009910379579
2023-08-12 00:00:00+00:00,-0.0008087642640687287
2023-08-13 00:00:00+00:00,0.0029652133936877156
2023-08-14 00:00:00+00:00,-0.0015972979701471823
2023-08-15 00:00:00+00:00,0.004730410263895646
2023-08-16 00:00:00+00:00,0.004420637277537276
2023-08-17 00:00:00+00:00,-0.03040502136992418
2023-08-18 00:00:00+00:00,0.0012948516286359624
2023-08-19 00:00:00+00:00,-0.0013716589955860004
2023-08-20 00:00:00+00:00,-0.005201952519331421
2023-08-21 00:00:00+00:00,0.004839876071720095
2023-08-22 00:00:00+00:00,0.013991862689284096
2023-08-23 00:00:00+00:00,-0.01639733930187981
2023-08-24 00:00:00+00:00,0.006361481097852728
2023-08-25 00:00:00+00:00,0.00011438081231651687
2023-08-26 00:00:00+00:00,0.0016065111231664542
2023-08-27 00:00:00+00:00,-0.0025537312301239234
2023-08-28 00:00:00+00:00,0.00190234395043265
2023-08-29 00:00:00+00:00,-0.02330352096254218
2023-08-30 00:00:00+00:00,0.008741724291761566
2023-08-31 00:00:00+00:00,0.015458390700428426
2023-09-01 00:00:00+00:00,0.006773714501496109
2023-09-02 00:00:00+00:00,-0.0029372722206727486
2023-09-03 00:00:00+00:00,0.0003083067718292476
2023-09-04 00:00:00+00:00,0.0033095191295902104
2023-09-05 00:00:00+00:00,-0.00222141455154079
2023-09-06 00:00:00+00:00,0.00015168145884159046
2023-09-07 00:00:00+00:00,-0.0054294844580883295
2023-09-08 00:00:00+00:00,0.004270525776222112
2023-09-09 00:00:00+00:00,0.00017102188796447315
2023-09-10 00:00:00+00:00,0.0048153727320867645
2023-09-11 00:00:00+00:00,0.020892806248404616
2023-09-12 00:00:00+00:00,-0.014047341081388831
2023-09-13 00:00:00+00:00,-0.002877623725715428
2023-09-14 00:00:00+00:00,-0.006660849242825506
2023-09-15 00:00:00+00:00,-0.005822443887344764
2023-09-16 00:00:00+00:00,0.004097217990941537
2023-09-17 00:00:00+00:00,0.004492555847446678
2023-09-18 00:00:00+00:00,-0.0061630439604500875
2023-09-19 00:00:00+00:00,3.4456607002519846e-05
2023-09-20 00:00:00+00:00,0.005562643609732021
2023-09-21 00:00:00+00:00,0.010915281876707983
2023-09-22 00:00:00+00:00,-0.002577822993523604
2023-09-23 00:00:00+00:00,0.001258280860437111
2023-09-24 00:00:00+00:00,0.0004140962763741207
2023-09-25 00:00:00+00:00,0.0007291688093895576
2023-09-26 00:00:00+00:00,-0.0001682030863747741
2023-09-27 00:00:00+00:00,-0.0029764051054144147
2023-09-28 00:00:00+00:00,-0.015027477719871007
2023-09-29 00:00:00+00:00,-0.004915531334763634
2023-09-30 00:00:00+00:00,-0.002279287474338143
2023-10-01 00:00:00+00:00,-0.017755570904841145
2023-10-02 00:00:00+00:00,0.02230673459942567
2023-10-03 00:00:00+00:00,0.0010839613991111552
2023-10-04 00:00:00+00:00,0.0027131630344945368
2023-10-05 00:00:00+00:00,0.009620656833218222
2023-10-06 00:00:00+00:00,-0.008325142875590053
2023-10-07 00:00:00+00:00,0.0029191206988645746
2023-10-08 00:00:00+00:00,0.0013684784404490724
2023-10-09 00:00:00+00:00,0.015951316067570387
2023-10-10 00:00:00+00:00,0.002589725217698735
2023-10-11 00:00:00+00:00,0.0007809583917417484
2023-10-12 00:00:00+00:00,0.007458229464523569
2023-10-13 00:00:00+00:00,-0.002644913350714484
2023-10-14 00:00:00+00:00,-0.002054099748476479
2023-10-15 00:00:00+00:00,0.000512663456501361
2023-10-16 00:00:00+00:00,-0.013333738934648176
2023-10-17 00:00:00+00:00,0.011545425425838696
2023-10-18 00:00:00+00:00,-0.0005676427026103381
2023-10-19 00:00:00+00:00,0.0001357235010888136
2023-10-20 00:00:00+00:00,-0.012522199576916138
2023-10-21 00:00:00+00:00,-0.006443720135995479
2023-10-22 00:00:00+00:00,-0.010466874016945238
2023-10-23 00:00:00+00:00,-0.03540638362808024
2023-10-24 00:00:00+00:00,0.012845966237899242
2023-10-25 00:00:00+00:00,-0.0004046305821594487
2023-10-26 00:00:00+00:00,0.004061647313404304
2023-10-27 00:00:00+00:00,-0.008377427493909795
2023-10-28 00:00:00+00:00,-0.00022942109046886205
2023-10-29 00:00:00+00:00,0.00788439735666957
2023-10-30 00:00:00+00:00,0.0010769806545312122
2023-10-31 00:00:00+00:00,-0.00027018254395894115
2023-11-01 00:00:00+00:00,0.009507106867169934
2023-11-02 00:00:00+00:00,-0.01372171033660552
2023-11-03 00:00:00+00:00,0.009680277806572768
2023-11-04 00:00:00+00:00,0.007388504704526344
2023-11-05 00:00:00+00:00,0.007534771191910705
2023-11-06 00:00:00+00:00,0.004684258404544339
2023-11-07 00:00:00+00:00,-0.006643241666759336
2023-11-08 00:00:00+00:00,0.002982985446649433
2023-11-09 00:00:00+00:00,0.05542321183162113
2023-11-10 00:00:00+00:00,-0.003921312478475492
2023-11-11 00:00:00+00:00,-0.009741528410131206
2023-11-12 00:00:00+00:00,0.003998461679148635
2023-11-13 00:00:00+00:00,-0.0011525733909522051
2023-11-14 00:00:00+00:00,-0.0191640353663195
2023-11-15 00:00:00+00:00,0.017571000956889904
2023-11-16 00:00:00+00:00,-0.022604039277929977
2023-11-17 00:00:00+00:00,-0.0015024069193778633
2023-11-18 00:00:00+00:00,-0.0016361888680453962
2023-11-19 00:00:00+00:00,0.006176482976154585
2023-11-20 00:00:00+00:00,0.011497041179935552
2023-11-21 00:00:00+00:00,-0.02191811943868227
2023-11-22 00:00:00+00:00,0.03304436942357891
2023-11-23 00:00:00+00:00,7.915162112359653e-05
2023-11-24 00:00:00+00:00,0.0018730519792165001
2023-11-25 00:00:00+00:00,0.00214651244827313
2023-11-26 00:00:00+00:00,-0.0018628779722179578
2023-11-27 00:00:00+00:00,-0.014886843674182582
2023-11-28 00:00:00+00:00,0.007506032160119913
2023-11-29 00:00:00+00:00,-0.005586807145157913
2023-11-30 00:00:00+00:00,0.0036532562302693528
2023-12-01 00:00:00+00:00,0.010969044497116442
2023-12-02 00:00:00+00:00,0.018947972221318388
2023-12-03 00:00:00+00:00,0.011940289592593967
2023-12-04 00:00:00+00:00,0.005504099663905526
2023-12-05 00:00:00+00:00,0.013448958806334455
2023-12-06 00:00:00+00:00,-0.012397375115537512
2023-12-07 00:00:00+00:00,0.029483280231537234
2023-12-08 00:00:00+00:00,0.003189410263739312
2023-12-09 00:00:00+00:00,-0.0031309545800245475
2023-12-10 00:00:00+00:00,0.0016988376797255622
2023-12-11 00:00:00+00:00,-0.03401154761544756
2023-12-12 00:00:00+00:00,-0.008942660429122395
2023-12-13 00:00:00+00:00,0.018185176766557953
2023-12-14 00:00:00+00:00,0.013335704287628092
2023-12-15 00:00:00+00:00,-0.02086280813814123
2023-12-16 00:00:00+00:00,-0.0006096676614943952
2023-12-17 00:00:00+00:00,-0.002737067360823464
2023-12-18 00:00:00+00:00,-0.001718369738558101
2023-12-19 00:00:00+00:00,-0.009119181826072742
2023-12-20 00:00:00+00:00,0.003597305806777751
2023-12-21 00:00:00+00:00,0.0129551981877436
2023-12-22 00:00:00+00:00,0.0162834976739461
2023-12-23 00:00:00+00:00,-0.004514724895360422
2023-12-24 00:00:00+00:00,-0.009394268007522855
2023-12-25 00:00:00+00:00,0.006062535059467411
2023-12-26 00:00:00+00:00,-0.014826139990178677
2023-12-27 00:00:00+00:00,0.033796957758480684
2023-12-28 00:00:00+00:00,-0.0024769284412246018
2023-12-29 00:00:00+00:00,-0.01958401118827524
2023-12-30 00:00:00+00:00,0.0011470556074628657
2023-12-31 00:00:00+00:00,-0.003930276652561626
2024-01-01 00:00:00+00:00,0.014732001832900243
2024-01-02 00:00:00+00:00,0.0050122003014707595
2024-01-03 00:00:00+00:00,-0.03849629194216109
2024-01-04 00:00:00+00:00,0.016390420900219027
2024-01-05 00:00:00+00:00,-0.0058840352460086676
2024-01-06 00:00:00+00:00,-0.0028790742558509885
2024-01-07 00:00:00+00:00,-0.005579910978765645
2024-01-08 00:00:00+00:00,0.030912263261488437
2024-01-09 00:00:00+00:00,0.0006686939994526853
2024-01-10 00:00:00+00:00,0.05083858420573062
2024-01-11 00:00:00+00:00,0.01603608695461123
2024-01-12 00:00:00+00:00,-0.027147294568398816
2024-01-13 00:00:00+00:00,0.01852346832078955
2024-01-14 00:00:00+00:00,-0.01626648034715672
2024-01-15 00:00:00+00:00,0.001015146347785656
2024-01-16 00:00:00+00:00,0.01851461215195993
2024-01-17 00:00:00+00:00,-0.01520424793567643
2024-01-18 00:00:00+00:00,-0.013987772285772415
2024-01-19 00:00:00+00:00,0.0047816179210133924
2024-01-20 00:00:00+00:00,-0.004819446491378221
2024-01-21 00:00:00+00:00,-0.0024717960929759863
2024-01-22 00:00:00+00:00,-0.034335279339146596
2024-01-23 00:00:00+00:00,-0.02370538960598978
2024-01-24 00:00:00+00:00,-0.0015019131605176206
2024-01-25 00:00:00+00:00,-0.00019053377859867826
2024-01-26 00:00:00+00:00,-0.012262188180004796
2024-01-27 00:00:00+00:00,0.00048674578604912533
2024-01-28 00:00:00+00:00,0.003914247152059014
2024-01-29 00:00:00+00:00,-0.013888758534302492
2024-01-30 00:00:00+00:00,0.008109629419563724
2024-01-31 00:00:00+00:00,-0.017080189117089084
2024-02-01 00:00:00+00:00,0.002475731662944458
2024-02-02 00:00:00+00:00,-0.00021798400297867726
2024-02-03 00:00:00+00:00,-0.0030329807970550515
2024-02-04 00:00:00+00:00,-0.002299409306403155
2024-02-05 00:00:00+00:00,0.0012692492547932144
2024-02-06 00:00:00+00:00,0.01866770928111272
2024-02-07 00:00:00+00:00,0.009262578861579662
2024-02-08 00:00:00+00:00,-0.00040498869354654854
2024-02-09 00:00:00+00:00,0.014798307366401309
2024-02-10 00:00:00+00:00,-2.1459430151860026e-05
2024-02-11 00:00:00+00:00,0.0007087732013564274
2024-02-12 00:00:00+00:00,0.03229381876741666
2024-02-13 00:00:00+00:00,-0.0039422329385301325
2024-02-14 00:00:00+00:00,0.027330067154355042
2024-02-15 00:00:00+00:00,0.00801931553177715
2024-02-16 00:00:00+00:00,-0.004951731501150691
2024-02-17 00:00:00+00:00,-0.0008945223236739297
2024-02-18 00:00:00+00:00,0.01859655148580086
2024-02-19 00:00:00+00:00,0.015475500230879957
2024-02-20 00:00:00+00:00,0.005946191738172679
2024-02-21 00:00:00+00:00,-0.012135734786284269
2024-02-22 00:00:00+00:00,0.010311933750176472
2024-02-23 00:00:00+00:00,-0.012523451370788252
2024-02-24 00:00:00+00:00,0.01252058102201925
2024-02-25 00:00:00+00:00,0.021573387112243436
2024-02-26 00:00:00+00:00,0.01443086812356964
2024-02-27 00:00:00+00:00,0.010769477444096065
2024-02-28 00:00:00+00:00,0.01605159641895204
2024-02-29 00:00:00+00:00,-0.004488713622928464
2024-03-01 00:00:00+00:00,0.01892118945707999
2024-03-02 00:00:00+00:00,-0.006223002951912582
2024-03-03 00:00:00+00:00,0.01162901582064313
2024-03-04 00:00:00+00:00,0.022673185413509822
2024-03-05 00:00:00+00:00,-0.01885669688990499
2024-03-06 00:00:00+00:00,0.0526460391273571
2024-03-07 00:00:00+00:00,0.006427463327404848
2024-03-08 00:00:00+00:00,0.002198791512997955
2024-03-09 00:00:00+00:00,0.0032672379674811847
2024-03-10 00:00:00+00:00,-0.013327410342999113
2024-03-11 00:00:00+00:00,0.03964168869966156
2024-03-12 00:00:00+00:00,-0.020027016538954223
2024-03-13 00:00:00+00:00,0.004452439467744762
2024-03-14 00:00:00+00:00,-0.017797604324417238
2024-03-15 00:00:00+00:00,-0.0249318948966758
2024-03-16 00:00:00+00:00,-0.029445165619753744
2024-03-17 00:00:00+00:00,0.014756080070173816
2024-03-18 00:00:00+00:00,-0.02130736755838769
2024-03-19 00:00:00+00:00,-0.054636877832619724
2024-03-20 00:00:00+00:00,0.056890518782336086
2024-03-21 00:00:00+00:00,-0.00692301876418655
2024-03-22 00:00:00+00:00,-0.0349172380866154
2024-03-23 00:00:00+00:00,0.01632674250991073
2024-03-24 00:00:00+00:00,0.01108941589823309
2024-03-25 00:00:00+00:00,0.030119272760587235
2024-03-26 00:00:00+00:00,-0.0018324908235473059
2024-03-27 00:00:00+00:00,-0.01587013598372433
2024-03-28 00:00:00+00:00,0.008324623991074809
2024-03-29 00:00:00+00:00,-0.008446638556843022
2024-03-30 00:00:00+00:00,-0.0033615046736696907
2024-03-31 00:00:00+00:00,0.02082731673958005
2024-04-01 00:00:00+00:00,-0.02257560658607305
2024-04-02 00:00:00+00:00,-0.03651795113448486
2024-04-03 00:00:00+00:00,0.0035870445232544235
2024-04-04 00:00:00+00:00,-0.0012699175455944678
2024-04-05 00:00:00+00:00,0.0002782344942977577
2024-04-06 00:00:00+00:00,0.011167914386694289
2024-04-07 00:00:00+00:00,0.007588813367730873
2024-04-08 00:00:00+00:00,0.05360943603233648
2024-04-09 00:00:00+00:00,-0.03484715283642936
2024-04-10 00:00:00+00:00,0.0030465681385738463
2024-04-11 00:00:00+00:00,-0.005919380961806553
2024-04-12 00:00:00+00:00,-0.0509223386256763
2024-04-13 00:00:00+00:00,-0.03783486717569695
2024-04-14 00:00:00+00:00,0.026491715677545047
2024-04-15 00:00:00+00:00,0.0032441122410955536
2024-04-16 00:00:00+00:00,0.0052880697900139495
2024-04-17 00:00:00+00:00,0.013314322631183817
2024-04-18 00:00:00+00:00,-0.009436022449947457
2024-04-19 00:00:00+00:00,0.0001713871638477915
2024-04-20 00:00:00+00:00,-0.01107790823416932
2024-04-21 00:00:00+00:00,-0.0021215785395376496
2024-04-22 00:00:00+00:00,-0.010052890489803734
2024-04-23 00:00:00+00:00,0.000577376801717211
2024-04-24 00:00:00+00:00,0.013468379568315703
2024-04-25 00:00:00+00:00,-0.004414120707321834
2024-04-26 00:00:00+00:00,0.004502967271488467
2024-04-27 00:00:00+00:00,-0.017769992583221095
2024-04-28 00:00:00+00:00,-0.007106557990232409
2024-04-29 00:00:00+00:00,0.01231070282404012
2024-04-30 00:00:00+00:00,0.03280453094885627
2024-05-01 00:00:00+00:00,0.0062480368437713985
2024-05-02 00:00:00+00:00,-0.004155643313804025
2024-05-03 00:00:00+00:00,-0.01675576192515027
2024-05-04 00:00:00+00:00,-9.325643339030965e-05
2024-05-05 00:00:00+00:00,-0.0036633835083771382
2024-05-06 00:00:00+00:00,0.00798464836477386
2024-05-07 00:00:00+00:00,0.007029057377580417
2024-05-08 00:00:00+00:00,0.010543651199208304
2024-05-09 00:00:00+00:00,-0.012895593521578763
2024-05-10 00:00:00+00:00,0.02325311339256131
2024-05-11 00:00:00+00:00,-0.0015526441356952247
2024-05-12 00:00:00+00:00,-0.0021768448286814124
2024-05-13 00:00:00+00:00,-0.001248572684325211
2024-05-14 00:00:00+00:00,0.007818987264981647
2024-05-15 00:00:00+00:00,-0.01854930659034404
2024-05-16 00:00:00+00:00,0.011489703874882018
2024-05-17 00:00:00+00:00,-0.02296439232759606
2024-05-18 00:00:00+00:00,-0.004131857416362572
2024-05-19 00:00:00+00:00,0.006513252003213177
2024-05-20 00:00:00+00:00,-0.08362606089649594
2024-05-21 00:00:00+00:00,-0.033998139604363264
2024-05-22 00:00:00+00:00,-0.00260450634619136
2024-05-23 00:00:00+00:00,0.008409925503673366
2024-05-24 00:00:00+00:00,-0.009822925123447845
2024-05-25 00:00:00+00:00,-0.0001210011466623584
2024-05-26 00:00:00+00:00,0.013282413393228554
2024-05-27 00:00:00+00:00,0.006329352130390431
2024-05-28 00:00:00+00:00,-0.003341334287774167
2024-05-29 00:00:00+00:00,-0.011111460640325088
2024-05-30 00:00:00+00:00,-0.004506269914255623
2024-05-31 00:00:00+00:00,0.002895779410107213
2024-06-01 00:00:00+00:00,0.006547337211688653
2024-06-02 00:00:00+00:00,-0.005400680052933593
2024-06-03 00:00:00+00:00,-0.0006485256101306236
2024-06-04 00:00:00+00:00,0.0046756684074431565
2024-06-05 00:00:00+00:00,0.004487056999572747
2024-06-06 00:00:00+00:00,-0.00527856054118836
2024-06-07 00:00:00+00:00,-0.015790533522484718
2024-06-08 00:00:00+00:00,-0.002591732492442489
2024-06-09 00:00:00+00:00,0.003965686968024018
2024-06-10 00:00:00+00:00,-0.004467210443044878
2024-06-11 00:00:00+00:00,-0.02366719593188038
2024-06-12 00:00:00+00:00,0.009558066637600504
2024-06-13 00:00:00+00:00,-0.012472362060085618
2024-06-14 00:00:00+00:00,0.00019507603961987918
2024-06-15 00:00:00+00:00,0.011686389796055519
2024-06-16 00:00:00+00:00,0.0077490101550476975
2024-06-17 00:00:00+00:00,-0.014371985907240203
2024-06-18 00:00:00+00:00,-0.0060897505064329005
2024-06-19 00:00:00+00:00,0.010487999232050571
2024-06-20 00:00:00+00:00,-0.005273088733455
2024-06-21 00:00:00+00:00,0.0005300873484022084
2024-06-22 00:00:00+00:00,-0.002962321511474686
2024-06-23 00:00:00+00:00,-0.010605344587482524
2024-06-24 00:00:00+00:00,-0.01299738941535833
2024-06-25 00:00:00+00:00,0.009723920187739932
2024-06-26 00:00:00+00:00,-0.003239839341960038
2024-06-27 00:00:00+00:00,0.009866465405372837
2024-06-28 00:00:00+00:00,-0.01089293471721997
2024-06-29 00:00:00+00:00,0.00014898155420461912
2024-06-30 00:00:00+00:00,0.01013305023728317
2024-07-01 00:00:00+00:00,-0.0010738537724371833
2024-07-02 00:00:00+00:00,-0.0027832808489733907
2024-07-03 00:00:00+00:00,-0.017178190963393458
2024-07-04 00:00:00+00:00,-0.02473181515932521
2024-07-05 00:00:00+00:00,-0.022077530633991316
2024-07-06 00:00:00+00:00,-0.013774753237979054
2024-07-07 00:00:00+00:00,0.021447268373802286
2024-07-08 00:00:00+00:00,-0.014163843074687765
2024-07-09 00:00:00+00:00,-0.005822212940654992
2024-07-10 00:00:00+00:00,-0.006867558386571493
2024-07-11 00:00:00+00:00,-0.00025960513901512883
2024-07-12 00:00:00+00:00,-0.003974423997905263
2024-07-13 00:00:00+00:00,-0.010921559812575476
2024-07-14 00:00:00+00:00,-0.009122098229401243
2024-07-15 00:00:00+00:00,-0.03926119449638177
2024-07-16 00:00:00+00:00,0.008151158670171466
2024-07-17 00:00:00+00:00,0.006097586823312406
2024-07-18 00:00:00+00:00,-0.006667788563324728
2024-07-19 00:00:00+00:00,-0.013366857052268366
2024-07-20 00:00:00+00:00,-0.0008904148652484345
2024-07-21 00:00:00+00:00,-0.003490209405956124
2024-07-22 00:00:00+00:00,0.01573171301121956
2024-07-23 00:00:00+00:00,-0.006074335847913392
2024-07-24 00:00:00+00:00,0.02795666633916838
2024-07-25 00:00:00+00:00,0.028926298715390875
2024-07-26 00:00:00+00:00,-0.019425255735628255
2024-07-27 00:00:00+00:00,0.0007427168444491539
2024-07-28 00:00:00+00:00,0.0028642408294596855
2024-07-29 00:00:00+00:00,-0.011913777180080687
2024-07-30 00:00:00+00:00,0.009060814843216303
2024-07-31 00:00:00+00:00,0.0063703234347953774
2024-08-01 00:00:00+00:00,0.006053771562269494
2024-08-02 00:00:00+00:00,0.039736368708548575
2024-08-03 00:00:00+00:00,0.011555743732475587
2024-08-04 00:00:00+00:00,0.030679342658753272
2024-08-05 00:00:00+00:00,0.04270657566614777
2024-08-06 00:00:00+00:00,-0.0035256739908320345
2024-08-07 00:00:00+00:00,0.018179762400973187
2024-08-08 00:00:00+00:00,-0.052722141414702994
2024-08-09 00:00:00+00:00,0.01737925680108554
2024-08-10 00:00:00+00:00,-0.0012494590243858905
2024-08-11 00:00:00+00:00,0.00598407851899907
2024-08-12 00:00:00+00:00,-0.019876832909213715
2024-08-13 00:00:00+00:00,-0.0027688426202354677
2024-08-14 00:00:00+00:00,0.0069018315753410775
2024-08-15 00:00:00+00:00,0.014821717587387928
2024-08-16 00:00:00+00:00,-0.0029986027595556575
2024-08-17 00:00:00+00:00,-0.0020479704475382388
2024-08-18 00:00:00+00:00,-0.005835521614550587
2024-08-19 00:00:00+00:00,0.0036476080948399936
2024-08-20 00:00:00+00:00,0.005583132443085725
2024-08-21 00:00:00+00:00,-0.006754919199389309
2024-08-22 00:00:00+00:00,0.00101551415892831
2024-08-23 00:00:00+00:00,-0.02109066909874624
2024-08-24 00:00:00+00:00,0.0012966756188941275
2024-08-25 00:00:00+00:00,-0.0030443257557367653
2024-08-26 00:00:00+00:00,0.013545155291097455
2024-08-27 00:00:00+00:00,0.03584927305327179
2024-08-28 00:00:00+00:00,-0.011046883725387313
2024-08-29 00:00:00+00:00,0.0012314841480218774
2024-08-30 00:00:00+00:00,-0.00032131528575107815
2024-08-31 00:00:00+00:00,0.001573001329335355
2024-09-01 00:00:00+00:00,0.017055023192460883
2024-09-02 00:00:00+00:00,-0.0209357349200171
2024-09-03 00:00:00+00:00,0.014161042172256888
2024-09-04 00:00:00+00:00,-0.0013068255713996058
2024-09-05 00:00:00+00:00,0.01388864694033809
2024-09-06 00:00:00+00:00,0.02438431756175552
2024-09-07 00:00:00+00:00,-0.008064956291676362
2024-09-08 00:00:00+00:00,-0.004227692731911481
2024-09-09 00:00:00+00:00,-0.009469288610321036
2024-09-10 00:00:00+00:00,-0.005002118658861465
2024-09-11 00:00:00+00:00,0.007644671868505704
2024-09-12 00:00:00+00:00,-0.0031426829398494283
2024-09-13 00:00:00+00:00,-0.012750258765456324
2024-09-14 00:00:00+00:00,0.00449554991434753
2024-09-15 00:00:00+00:00,0.010695117200548498
2024-09-16 00:00:00+00:00,0.009231909257722881
2024-09-17 00:00:00+00:00,-0.007876706006531564
2024-09-18 00:00:00+00:00,-0.000272484671708928
2024-09-19 00:00:00+00:00,-0.019708796214022994
2024-09-20 00:00:00+00:00,-0.011825735231357548
2024-09-21 00:00:00+00:00,-0.003820854955618791
2024-09-22 00:00:00+00:00,-0.0020547661884726676
2024-09-23 00:00:00+00:00,-0.008789969857572855
2024-09-24 00:00:00+00:00,0.00283040689350722
2024-09-25 00:00:00+00:00,-0.017568754870178283
2024-09-26 00:00:00+00:00,0.01232334067954799
2024-09-27 00:00:00+00:00,-0.015531202491865126
2024-09-28 00:00:00+00:00,-0.002321762687087059
2024-09-29 00:00:00+00:00,-0.003620595436517049
2024-09-30 00:00:00+00:00,-0.00990692617109945
2024-10-01 00:00:00+00:00,0.027677253361190868
2024-10-02 00:00:00+00:00,0.01353618005691315
2024-10-03 00:00:00+00:00,0.005539648626602389
2024-10-04 00:00:00+00:00,-0.012520066439990818
2024-10-05 00:00:00+00:00,0.0005920404455330708
2024-10-06 00:00:00+00:00,-0.002382981443128318
2024-10-07 00:00:00+00:00,0.0029129217848760103
2024-10-08 00:00:00+00:00,-0.004576490484992757
2024-10-09 00:00:00+00:00,0.012740070268459247
2024-10-10 00:00:00+00:00,-0.0007107965631831803
2024-10-11 00:00:00+00:00,-0.011137430976686846
2024-10-12 00:00:00+00:00,-0.008733377798438635
2024-10-13 00:00:00+00:00,0.003855454987017559
2024-10-14 00:00:00+00:00,-0.034048268354658684
2024-10-15 00:00:00+00:00,0.010837321363358576
2024-10-16 00:00:00+00:00,-0.0003908759686405139
2024-10-17 00:00:00+00:00,-0.0018803797907999131
2024-10-18 00:00:00+00:00,0.004294626978236682
2024-10-19 00:00:00+00:00,0.002680978713285098
2024-10-20 00:00:00+00:00,0.01828362295716368
2024-10-21 00:00:00+00:00,-0.013292669180388295
2024-10-22 00:00:00+00:00,-0.008040491986417764
2024-10-23 00:00:00+00:00,-0.023956155972080673
2024-10-24 00:00:00+00:00,0.004271092026106649
2024-10-25 00:00:00+00:00,-0.013652918247851642
2024-10-26 00:00:00+00:00,0.004387264148573822
2024-10-27 00:00:00+00:00,0.00520349605204129
2024-10-28 00:00:00+00:00,0.010560069934214766
2024-10-29 00:00:00+00:00,0.01305000375846821
2024-10-30 00:00:00+00:00,0.004306992161511536
2024-10-31 00:00:00+00:00,-0.026407081931052456
2024-11-01 00:00:00+00:00,-0.0017974030337266633
2024-11-02 00:00:00+00:00,-0.004461579593294518
2024-11-03 00:00:00+00:00,-0.0062462726059744345
2024-11-04 00:00:00+00:00,-0.010916939686225202
2024-11-05 00:00:00+00:00,0.005503568069803677
2024-11-06 00:00:00+00:00,0.0598853952091849
2024-11-07 00:00:00+00:00,0.027105881244211094
2024-11-08 00:00:00+00:00,0.013909657018705168
2024-11-09 00:00:00+00:00,0.03144078684292717
2024-11-10 00:00:00+00:00,0.008670206553625492
2024-11-11 00:00:00+00:00,0.02686427263566693
2024-11-12 00:00:00+00:00,-0.009622826253217087
2024-11-13 00:00:00+00:00,-0.018827532311158524
2024-11-14 00:00:00+00:00,-0.01612993583427269
2024-11-15 00:00:00+00:00,0.002102933385569994
2024-11-16 00:00:00+00:00,0.005434606641049555
2024-11-17 00:00:00+00:00,-0.011543665628955035
2024-11-18 00:00:00+00:00,0.01400619371416334
2024-11-19 00:00:00+00:00,-0.010339433678742793
2024-11-20 00:00:00+00:00,-0.003570647603150068
2024-11-21 00:00:00+00:00,0.05253340749612345
2024-11-22 00:00:00+00:00,-0.011260717265536457
2024-11-23 00:00:00+00:00,0.016201139864659986
2024-11-24 00:00:00+00:00,-0.008243049923016388
2024-11-25 00:00:00+00:00,0.015198808276133624
2024-11-26 00:00:00+00:00,-0.021290628486207885
2024-11-27 00:00:00+00:00,0.05738702682534513
2024-11-28 00:00:00+00:00,-0.011985759486989211
2024-11-29 00:00:00+00:00,0.0003353805423411682
2024-11-30 00:00:00+00:00,0.017941188176380685
2024-12-01 00:00:00+00:00,0.0020296073399577175
2024-12-02 00:00:00+00:00,-0.01766205042360558
2024-12-03 00:00:00+00:00,0.002431073257662675
2024-12-04 00:00:00+00:00,0.03345531594107354
2024-12-05 00:00:00+00:00,-0.00668385956654638
2024-12-06 00:00:00+00:00,0.03444403832966447
2024-12-07 00:00:00+00:00,-0.005091367524797663
2024-12-08 00:00:00+00:00,0.0020862008066120374
2024-12-09 00:00:00+00:00,-0.04573428206623875
2024-12-10 00:00:00+00:00,-0.013299393574021656
2024-12-11 00:00:00+00:00,0.03247676680919387
2024-12-12 00:00:00+00:00,0.0071608430710372595
2024-12-13 00:00:00+00:00,0.0019602225915642535
2024-12-14 00:00:00+00:00,-0.005436083712898165
2024-12-15 00:00:00+00:00,0.003917356905202007
2024-12-16 00:00:00+00:00,0.022108264438295278
2024-12-17 00:00:00+00:00,-0.022891691632139444
2024-12-18 00:00:00+00:00,-0.03181131187005759
2024-12-19 00:00:00+00:00,-0.035519923551853516
2024-12-20 00:00:00+00:00,0.0017379584120631453
2024-12-21 00:00:00+00:00,-0.02362600609352472
2024-12-22 00:00:00+00:00,-0.007382079275799813
2024-12-23 00:00:00+00:00,0.029285730644689423
2024-12-24 00:00:00+00:00,0.005384746636846183
2024-12-25 00:00:00+00:00,-0.0029049191759764614
2024-12-26 00:00:00+00:00,-0.022610229446562324
2024-12-27 00:00:00+00:00,-0.003556517517237734
2024-12-28 00:00:00+00:00,0.015183376539165128
2024-12-29 00:00:00+00:00,-0.011804785197507495
2024-12-30 00:00:00+00:00,0.002953181964749474
2024-12-31 00:00:00+00:00,0.0024270634493057663
