date,SPY
1985-01-31,
1985-02-28,
1985-03-31,
1985-04-30,
1985-05-31,
1985-06-30,
1985-07-31,
1985-08-31,
1985-09-30,
1985-10-31,
1985-11-30,
1985-12-31,
1986-01-31,
1986-02-28,
1986-03-31,
1986-04-30,
1986-05-31,
1986-06-30,
1986-07-31,
1986-08-31,
1986-09-30,
1986-10-31,
1986-11-30,
1986-12-31,
1987-01-31,
1987-02-28,
1987-03-31,
1987-04-30,
1987-05-31,
1987-06-30,
1987-07-31,
1987-08-31,
1987-09-30,
1987-10-31,
1987-11-30,
1987-12-31,
1988-01-31,
1988-02-29,
1988-03-31,
1988-04-30,
1988-05-31,
1988-06-30,
1988-07-31,
1988-08-31,
1988-09-30,
1988-10-31,
1988-11-30,
1988-12-31,
1989-01-31,
1989-02-28,
1989-03-31,
1989-04-30,
1989-05-31,
1989-06-30,
1989-07-31,
1989-08-31,
1989-09-30,
1989-10-31,
1989-11-30,
1989-12-31,
1990-01-31,
1990-02-28,
1990-03-31,
1990-04-30,
1990-05-31,
1990-06-30,
1990-07-31,
1990-08-31,
1990-09-30,
1990-10-31,
1990-11-30,
1990-12-31,
1991-01-31,
1991-02-28,
1991-03-31,
1991-04-30,
1991-05-31,
1991-06-30,
1991-07-31,
1991-08-31,
1991-09-30,
1991-10-31,
1991-11-30,
1991-12-31,
1992-01-31,
1992-02-29,
1992-03-31,
1992-04-30,
1992-05-31,
1992-06-30,
1992-07-31,
1992-08-31,
1992-09-30,
1992-10-31,
1992-11-30,
1992-12-31,
1993-01-31,0.0135035821874665
1993-02-28,0.020227512891926702
1993-03-31,-0.025551140467143352
1993-04-30,0.02905284103573691
1993-05-31,0.0015412571533961472
1993-06-30,-0.00484588991010948
1993-07-31,0.033402252148870826
1993-08-31,-0.005286996753765205
1993-09-30,0.019757089997245014
1993-10-31,-0.004009726350259646
1993-11-30,0.006198554902270503
1993-12-31,0.03353543865473618
1994-01-31,-0.027903396552093174
1994-02-28,-0.0687546029678221
1994-03-31,0.04037717051592793
1994-04-30,0.013511805290403966
1994-05-31,-0.01575739281889188
1994-06-30,0.027970572991471876
1994-07-31,0.03401392667840142
1994-08-31,-0.021384181531687196
1994-09-30,0.02333584238165698
1994-10-31,-0.03469930227385676
1994-11-30,0.009347922069525394
1994-12-31,0.03179334638410314
1995-01-31,0.03843744004117733
1995-02-28,0.028572763431545578
1995-03-31,0.02900951221090642
1995-04-30,0.03607171873878934
1995-05-31,0.025888576997603607
1995-06-30,0.03241269042413153
1995-07-31,0.002780055541055093
1995-08-31,0.042668459268571324
1995-09-30,-0.003471947774908779
1995-10-31,0.0463811765679738
1995-11-30,0.012979473801604247
1995-12-31,0.0358762018054426
1996-01-31,0.016211877529103136
1996-02-29,0.010033603685038361
1996-03-31,0.005768181652198612
1996-04-30,0.023183673798417237
1996-05-31,0.011168341062954168
1996-06-30,-0.046446390504209845
1996-07-31,0.004872509043537754
1996-08-31,0.07116129679424565
1996-09-30,0.033207342044069055
1996-10-31,0.06955623643815856
1996-11-30,-0.015035938957424055
1996-12-31,0.05840536159684229
1997-01-31,0.0003958163254984548
1997-02-28,-0.04078160688603749
1997-03-31,0.06602966392623988
1997-04-30,0.06388894801677103
1997-05-31,0.04101921542756193
1997-06-30,0.07909607041875732
1997-07-31,-0.05039259404145169
1997-08-31,0.054165159252209216
1997-09-30,-0.02165308351902895
1997-10-31,0.0325290829510716
1997-11-30,0.015386381229242518
1997-12-31,0.02665353518638125
1998-01-31,0.05348722028168029
1998-02-28,0.05111608556566094
1998-03-31,0.013031476393966956
1998-04-30,-0.0248880508677638
1998-05-31,0.05007599856294265
1998-06-30,-0.0199998493477892
1998-07-31,-0.14062194512028425
1998-08-31,0.044988143732739516
1998-09-30,0.10777927400237708
1998-10-31,0.047941108748552175
1998-11-30,0.06596096894910053
1998-12-31,0.04305881914963994
1999-01-31,-0.03909570298257914
1999-02-28,0.05131677424191561
1999-03-31,0.02891577176409954
1999-04-30,-0.024824702486849315
1999-05-31,0.05601225772255414
1999-06-30,-0.03102278682141779
1999-07-31,0.0014129283849544372
1999-08-31,-0.034899219785275215
1999-09-30,0.06692694093573448
1999-10-31,0.02060417102362022
1999-11-30,0.06676300383594347
1999-12-31,-0.05733535242319343
2000-01-31,-0.0152062153836372
2000-02-29,0.09359832340448393
2000-03-31,-0.023730426562949436
2000-04-30,-0.01961614854777005
2000-05-31,0.014564743956877235
2000-06-30,-0.012462466987066323
2000-07-31,0.06701508896632324
2000-08-31,-0.05615622307690038
2000-09-30,-0.014078171872432876
2000-10-31,-0.06370831363089469
2000-11-30,-0.005873840286384713
2000-12-31,0.0386365616748241
2001-01-31,-0.09518669066754637
2001-02-28,-0.05995393412572214
2001-03-31,0.07540861386064068
2001-04-30,0.009034452410666471
2001-05-31,-0.02416960415774394
2001-06-30,-0.006760148236642394
2001-07-31,-0.06657375558203582
2001-08-31,-0.08397036858850204
2001-09-30,0.025985341551747476
2001-10-31,0.0661365083359069
2001-11-30,0.01632808839069133
2001-12-31,-0.017548914695921902
2002-01-31,-0.012114063380387452
2002-02-28,0.025395566233527234
2002-03-31,-0.054802286633669706
2002-04-30,-0.00814963635310606
2002-05-31,-0.07061839198954745
2002-06-30,-0.08368560913811374
2002-07-31,-0.0016508550288832913
2002-08-31,-0.08740689023609272
2002-09-30,0.07181916160156221
2002-10-31,0.08058733778952254
2002-11-30,-0.0647685886122793
2002-12-31,-0.030501314490406828
2003-01-31,-0.010216247105444665
2003-02-28,0.00391956429898821
2003-03-31,0.07823954770336905
2003-04-30,0.06103167247981456
2003-05-31,0.0007341292036429081
2003-06-30,0.019947461393721166
2003-07-31,0.02470005114923013
2003-08-31,-0.009986721934954756
2003-09-30,0.054967879666009134
2003-10-31,0.010401649914830058
2003-11-30,0.050703107455151164
2003-12-31,0.01753989947502088
2004-01-31,0.015215171115684045
2004-02-29,-0.017012154976201677
2004-03-31,-0.01503561330614811
2004-04-30,0.009787793064709227
2004-05-31,0.019622307419805862
2004-06-30,-0.03553567933472723
2004-07-31,0.006897146337677018
2004-08-31,0.016015942169023356
2004-09-30,0.011580813921643118
2004-10-31,0.04359068906154229
2004-11-30,0.03363412692318768
2004-12-31,-0.027229493059134358
2005-01-31,0.021733663332324182
2005-02-28,-0.014269620123447124
2005-03-31,-0.021579557246983128
2005-04-30,0.029723453587880533
2005-05-31,0.0034452415720982454
2005-06-30,0.03666802203959585
2005-07-31,-0.01057852486774491
2005-08-31,0.007860228978683548
2005-09-30,-0.01935633256178637
2005-10-31,0.0451153466338301
2005-11-30,-0.001322101322414837
2005-12-31,0.021007923857041977
2006-01-31,0.0061023112018669945
2006-02-28,0.01545611492926513
2006-03-31,0.01076370505801516
2006-04-30,-0.03110928456581452
2006-05-31,0.004817720926965308
2006-06-30,-0.00070624862807811
2006-07-31,0.029841916120638246
2006-08-31,0.022782025960417007
2006-09-30,0.03504507713012006
2006-10-31,0.01671291516201423
2006-11-30,0.01787637947451004
2006-12-31,0.013357241928380281
2007-01-31,-0.03336817812661419
2007-02-28,0.024286606548207912
2007-03-31,0.04403537256205303
2007-04-30,0.03678720853583228
2007-05-31,-0.015337715029656085
2007-06-30,-0.03771428375269803
2007-07-31,0.01563563832656989
2007-08-31,0.03983418270414241
2007-09-30,0.004521910207889945
2007-10-31,-0.033270184671813974
2007-11-30,-0.0059514120533579185
2007-12-31,-0.05862283440405791
2008-01-31,-0.034797392555996454
2008-02-29,0.008497518637003987
2008-03-31,0.03570179432765741
2008-04-30,0.010477446033943849
2008-05-31,-0.0906597019670905
2008-06-30,0.004742954137223032
2008-07-31,0.022891638521836954
2008-08-31,-0.10838214855635309
2008-09-30,-0.1604051873235235
2008-10-31,-0.09578420545418298
2008-11-30,0.04187443907070576
2008-12-31,-0.09807520914926626
2009-01-31,-0.11094785261056606
2009-02-28,0.090629914503501
2009-03-31,0.11345960513858144
2009-04-30,0.07124974258187833
2009-05-31,-0.00862847200256911
2009-06-30,0.08133006359446049
2009-07-31,0.02103159840688873
2009-08-31,0.015113810995878607
2009-09-30,0.010971053449501111
2009-10-31,0.06520749542812965
2009-11-30,0.018527325802942585
2009-12-31,-0.03755415026583142
2010-01-31,0.028201782912459006
2010-02-28,0.0637178218867609
2010-03-31,0.013412949521625528
2010-04-30,-0.09239418110425479
2010-05-31,-0.04346101400799296
2010-06-30,0.08570091761220855
2010-07-31,-0.046968663140119826
2010-08-31,0.08316103074272196
2010-09-30,0.035481613354972685
2010-10-31,0.009489584704387655
2010-11-30,0.05970144429546709
2010-12-31,0.021703521582573826
2011-01-31,0.031747483903797
2011-02-28,0.0031437679308645716
2011-03-31,0.027433890221119084
2011-04-30,-0.018676907768394813
2011-05-31,-0.013125712645240317
2011-06-30,-0.009463417653559403
2011-07-31,-0.06534631280926972
2011-08-31,-0.07537916828037583
2011-09-30,0.08480754662029155
2011-10-31,0.023109552921089627
2011-11-30,0.029798613210010094
2011-12-31,0.03545707945687693
2012-01-31,0.03794689397788087
2012-02-29,0.028739548703303974
2012-03-31,-0.006043468728247792
2012-04-30,-0.07425467839950417
2012-05-31,0.06009926984301939
2012-06-30,0.016266132339926687
2012-07-31,0.016871256231266507
2012-08-31,0.030147010796300444
2012-09-30,-0.019859005481678738
2012-10-31,0.008118471199218824
2012-11-30,0.023382442689884986
2012-12-31,0.03817790758645834
2013-01-31,0.002920721038637941
2013-02-28,0.0410095957214105
2013-03-31,0.01749803007775208
2013-04-30,0.028243185634684753
2013-05-31,-0.010477451473485111
2013-06-30,0.054136015294681705
2013-07-31,-0.028001560008639848
2013-08-31,0.022571871633893847
2013-09-30,0.04686501117916819
2013-10-31,0.028804102093476613
2013-11-30,0.021475561250855035
2013-12-31,-0.03266612434389582
2014-01-31,0.03753428764189426
2014-02-28,0.02056650152245698
2014-03-31,0.003197957586993372
2014-04-30,0.025130165577685215
2014-05-31,0.02171479176555824
2014-06-30,-0.018552441403538733
2014-07-31,0.04367495076332273
2014-08-31,-0.016671090878615957
2014-09-30,0.026537539500745222
2014-10-31,0.02218739421887883
2014-11-30,0.0054211766571143905
2014-12-31,-0.030671305448189967
2015-01-31,0.05363668657026044
2015-02-28,-0.01645781123442147
2015-03-31,0.014584002853663902
2015-04-30,0.012129721155200723
2015-05-31,-0.015096017386232674
2015-06-30,0.013141969683083454
2015-07-31,-0.08239091288033629
2015-08-31,-0.00021193235985128567
2015-09-30,0.08454820570806132
2015-10-31,0.005376139312379902
2015-11-30,-0.037038180810124
2015-12-31,-0.03970267868767663
2016-01-31,0.012881347199418247
2016-02-29,0.05329725484670189
2016-03-31,0.012576713279724094
2016-04-30,0.01063218290482637
2016-05-31,0.00693265458343606
2016-06-30,0.036805400340078176
2016-07-31,0.0008292649982244438
2016-08-31,-0.00211509501924545
2016-09-30,-0.013390836153957753
2016-10-31,0.036631727069104114
2016-11-30,0.025534643357879805
2016-12-31,0.011065096843051458
2017-01-31,0.04772988581164106
2017-02-28,-0.006561071096739091
2017-03-31,0.012213814676390156
2017-04-30,0.013784193358036712
2017-05-31,0.008655970909953181
2017-06-30,0.01885729910555045
2017-07-31,0.0018587150728126556
2017-08-31,0.019432593661007136
2017-09-30,0.02604437695369155
2017-10-31,0.026042729957870048
