entry_time,side,entry_equity,pnl,exit_time,reason,ret
2021-01-01 04:00:00+00:00,1,10000.0,904.0867062522574,2021-01-27 08:00:00+00:00,signal,0.09040867062522574
2021-01-27 08:00:00+00:00,-1,10904.086706252265,-697.2374408453255,2021-02-03 08:00:00+00:00,signal,-0.0639427638121713
2021-02-03 08:00:00+00:00,1,10206.849265406938,-20.02612087822664,2021-02-03 12:00:00+00:00,signal,-0.0019620276892007393
2021-02-03 12:00:00+00:00,-1,10186.823144528711,-165.87361046903638,2021-02-06 04:00:00+00:00,signal,-0.016283154042791664
2021-02-06 04:00:00+00:00,1,10020.949534059684,-1509.3139865059295,2021-02-26 08:00:00+00:00,signal,-0.15061586543031683
2021-02-26 08:00:00+00:00,-1,8511.635547553788,-443.91343695591064,2021-03-02 12:00:00+00:00,signal,-0.052153717634619554
2021-03-02 12:00:00+00:00,1,8067.722110597871,-66.215448825468,2021-03-02 20:00:00+00:00,signal,-0.008207452849483559
2021-03-02 20:00:00+00:00,-1,8001.506661772402,-53.52048344336814,2021-03-03 00:00:00+00:00,signal,-0.006688800710379325
2021-03-03 00:00:00+00:00,1,7947.986178329034,-9.513908802059415,2021-03-04 04:00:00+00:00,signal,-0.0011970213068563233
2021-03-04 04:00:00+00:00,-1,7938.472269526974,-16.338931652140364,2021-03-04 08:00:00+00:00,signal,-0.0020581959723988486
2021-03-04 08:00:00+00:00,1,7922.133337874832,-12.897891275238166,2021-03-04 12:00:00+00:00,signal,-0.0016280830838298053
2021-03-04 12:00:00+00:00,-1,7909.235446599594,-157.3079319291798,2021-03-09 08:00:00+00:00,signal,-0.019889145163431817
2021-03-09 08:00:00+00:00,1,7751.92751467041,-5.980310137314948,2021-03-09 20:00:00+00:00,signal,-0.0007714610496547211
2021-03-09 20:00:00+00:00,-1,7745.947204533095,-95.81343518838584,2021-03-10 20:00:00+00:00,signal,-0.012369492414344594
2021-03-10 20:00:00+00:00,1,7650.1337693447085,-34.42086094648233,2021-03-11 00:00:00+00:00,signal,-0.004499380270239475
2021-03-11 00:00:00+00:00,-1,7615.712908398227,20.11635082736664,2021-03-12 12:00:00+00:00,signal,0.0026414271479671112
2021-03-12 12:00:00+00:00,1,7635.829259225597,-17.451340764119195,2021-03-12 16:00:00+00:00,signal,-0.002285454555316898
2021-03-12 16:00:00+00:00,-1,7618.377918461476,-20.325797137517128,2021-03-13 00:00:00+00:00,signal,-0.0026679953862963394
2021-03-13 00:00:00+00:00,1,7598.05212132396,-340.9198420455694,2021-03-15 08:00:00+00:00,signal,-0.04486937396609542
2021-03-15 08:00:00+00:00,-1,7257.13227927839,-122.8265634385409,2021-03-20 20:00:00+00:00,signal,-0.016924944828310903
2021-03-20 20:00:00+00:00,1,7134.305715839844,-53.976196821001096,2021-03-21 12:00:00+00:00,signal,-0.007565725239550807
2021-03-21 12:00:00+00:00,-1,7080.329519018844,-113.70736058095632,2021-03-23 04:00:00+00:00,signal,-0.016059614213649383
2021-03-23 04:00:00+00:00,1,6966.622158437888,-21.626402573529877,2021-03-23 08:00:00+00:00,signal,-0.0031042881444827953
2021-03-23 08:00:00+00:00,-1,6944.995755864358,-8.597362394830334,2021-03-23 16:00:00+00:00,signal,-0.0012379219076657775
2021-03-23 16:00:00+00:00,1,6936.398393469526,-16.489236958328597,2021-03-23 20:00:00+00:00,signal,-0.002377204425549269
2021-03-23 20:00:00+00:00,-1,6919.909156511198,-658.7014076904114,2021-03-31 16:00:00+00:00,signal,-0.09518931430922255
2021-03-31 16:00:00+00:00,1,6261.207748820792,2844.6304752764872,2021-05-19 16:00:00+00:00,signal,0.45432616028628536
2021-05-19 16:00:00+00:00,-1,9105.838224097286,1816.4082237627558,2021-07-26 04:00:00+00:00,signal,0.19947732202795934
2021-07-26 04:00:00+00:00,1,10922.246447860085,-470.00510391936007,2021-07-27 04:00:00+00:00,signal,-0.04303190796536593
2021-07-27 04:00:00+00:00,-1,10452.241343940726,-51.25838719235609,2021-07-27 12:00:00+00:00,signal,-0.0049040569869802245
2021-07-27 12:00:00+00:00,1,10400.982956748368,1505.8907614673171,2021-09-10 12:00:00+00:00,signal,0.14478350437929183
2021-09-10 12:00:00+00:00,-1,11906.873718215711,45.687108987794986,2021-09-10 20:00:00+00:00,signal,0.0038370364941303307
2021-09-10 20:00:00+00:00,1,11952.560827203506,-24.575735965222883,2021-09-11 00:00:00+00:00,signal,-0.0020561063290545725
2021-09-11 00:00:00+00:00,-1,11927.985091238283,-122.03051132091942,2021-09-12 12:00:00+00:00,signal,-0.010230605620940714
2021-09-12 12:00:00+00:00,1,11805.954579917365,-217.170591654835,2021-09-13 16:00:00+00:00,signal,-0.018395004841392087
2021-09-13 16:00:00+00:00,-1,11588.783988262523,-464.3808845205417,2021-10-07 00:00:00+00:00,signal,-0.040071579985517115
2021-10-07 00:00:00+00:00,1,11124.40310374197,-43.06945380158734,2021-10-07 04:00:00+00:00,signal,-0.003871619303969654
2021-10-07 04:00:00+00:00,-1,11081.333649940383,-62.05058789093277,2021-10-07 08:00:00+00:00,signal,-0.0055995595702748825
2021-10-07 08:00:00+00:00,1,11019.283062049448,-210.1272936036519,2021-10-08 08:00:00+00:00,signal,-0.01906905307908216
2021-10-08 08:00:00+00:00,-1,10809.155768445797,-13.47567820378243,2021-10-09 08:00:00+00:00,signal,-0.0012466910915578415
2021-10-09 08:00:00+00:00,1,10795.680090242013,-34.04292028783152,2021-10-10 20:00:00+00:00,signal,-0.0031533835759548117
2021-10-10 20:00:00+00:00,-1,10761.63716995417,-20.97744756091872,2021-10-11 04:00:00+00:00,signal,-0.001949280321351705
2021-10-11 04:00:00+00:00,1,10740.65972239325,-11.021065852342845,2021-10-11 12:00:00+00:00,signal,-0.0010261069745431909
2021-10-11 12:00:00+00:00,-1,10729.63865654091,-30.708213843690565,2021-10-11 16:00:00+00:00,signal,-0.0028619988824106846
2021-10-11 16:00:00+00:00,1,10698.93044269722,-37.484429707732055,2021-10-11 20:00:00+00:00,signal,-0.003503567941533618
2021-10-11 20:00:00+00:00,-1,10661.446012989485,-123.76832894216477,2021-10-14 12:00:00+00:00,signal,-0.011608962685865531
2021-10-14 12:00:00+00:00,1,10537.677684047318,-20.43726670973273,2021-10-14 20:00:00+00:00,signal,-0.001939446937219584
2021-10-14 20:00:00+00:00,-1,10517.240417337583,-6.641369078243635,2021-10-15 00:00:00+00:00,signal,-0.0006314744947063674
2021-10-15 00:00:00+00:00,1,10510.599048259342,-727.3600738848619,2021-10-27 12:00:00+00:00,signal,-0.06920253265729129
2021-10-27 12:00:00+00:00,-1,9783.238974374492,-223.4049142956062,2021-10-28 20:00:00+00:00,signal,-0.022835475539417657
2021-10-28 20:00:00+00:00,1,9559.834060078883,-21.141942734882996,2021-10-29 00:00:00+00:00,signal,-0.0022115386733719666
2021-10-29 00:00:00+00:00,-1,9538.692117344,-91.13686851537742,2021-10-29 04:00:00+00:00,signal,-0.009554440734035769
2021-10-29 04:00:00+00:00,1,9447.555248828623,-30.233083254921382,2021-10-29 08:00:00+00:00,signal,-0.003200095946374053
2021-10-29 08:00:00+00:00,-1,9417.322165573702,-39.5799759752879,2021-10-29 16:00:00+00:00,signal,-0.004202890724072058
2021-10-29 16:00:00+00:00,1,9377.742189598412,-39.439801781024,2021-10-31 00:00:00+00:00,signal,-0.004205682027041624
2021-10-31 00:00:00+00:00,-1,9338.302387817384,-27.65271666954958,2021-10-31 04:00:00+00:00,signal,-0.0029612145249895655
2021-10-31 04:00:00+00:00,1,9310.649671147836,-44.02209580821334,2021-10-31 12:00:00+00:00,signal,-0.004728144368338821
2021-10-31 12:00:00+00:00,-1,9266.627575339624,-43.50538269531584,2021-11-01 08:00:00+00:00,signal,-0.004694845275868482
2021-11-01 08:00:00+00:00,1,9223.122192644305,-25.393641778192862,2021-11-01 12:00:00+00:00,signal,-0.0027532587390466314
2021-11-01 12:00:00+00:00,-1,9197.72855086611,-35.10441723461558,2021-11-02 16:00:00+00:00,signal,-0.0038166398410735825
2021-11-02 16:00:00+00:00,1,9162.624133631483,-232.1867644719671,2021-11-04 12:00:00+00:00,signal,-0.025340640528920506
2021-11-04 12:00:00+00:00,-1,8930.437369159517,-11.54094996559782,2021-11-05 08:00:00+00:00,signal,-0.0012923163209736489
2021-11-05 08:00:00+00:00,1,8918.896419193921,-8.202226145481934,2021-11-05 12:00:00+00:00,signal,-0.0009196458575110619
2021-11-05 12:00:00+00:00,-1,8910.694193048437,24.86232440243207,2021-11-07 00:00:00+00:00,signal,0.0027901669458961
2021-11-07 00:00:00+00:00,1,8935.556517450872,-155.5499196391479,2021-11-16 16:00:00+00:00,signal,-0.017407972221468646
2021-11-16 16:00:00+00:00,-1,8780.006597811735,-626.2325498166812,2021-11-25 00:00:00+00:00,signal,-0.07132483818095978
2021-11-25 00:00:00+00:00,1,8153.774047995048,-96.80818958568898,2021-11-26 04:00:00+00:00,signal,-0.01187280748961806
2021-11-26 04:00:00+00:00,-1,8056.965858409364,4185.134355153835,2022-02-10 12:00:00+00:00,signal,0.5194429799880125
2022-02-10 12:00:00+00:00,1,12242.100213563199,-59.79383647336766,2022-02-10 20:00:00+00:00,signal,-0.00488427928462154
2022-02-10 20:00:00+00:00,-1,12182.30637708983,-206.37523029172092,2022-02-15 12:00:00+00:00,signal,-0.016940571342043433
2022-02-15 12:00:00+00:00,1,11975.931146798108,-270.5621770175274,2022-02-17 20:00:00+00:00,signal,-0.022592162037426634
2022-02-17 20:00:00+00:00,-1,11705.36896978059,-1031.6418313043785,2022-02-26 04:00:00+00:00,signal,-0.08813407197737536
2022-02-26 04:00:00+00:00,1,10673.727138476192,-103.724964079975,2022-02-26 12:00:00+00:00,signal,-0.009717782995039448
2022-02-26 12:00:00+00:00,-1,10570.002174396215,-16.48780841268505,2022-02-26 16:00:00+00:00,signal,-0.0015598680246843824
2022-02-26 16:00:00+00:00,1,10553.514365983527,-54.246069978358506,2022-02-26 20:00:00+00:00,signal,-0.005140095336697169
2022-02-26 20:00:00+00:00,-1,10499.268296005168,-11.743789014635126,2022-02-27 00:00:00+00:00,signal,-0.001118534042901207
2022-02-27 00:00:00+00:00,1,10487.524506990529,-31.27629418320545,2022-02-27 04:00:00+00:00,signal,-0.002982238006915553
2022-02-27 04:00:00+00:00,-1,10456.248212807324,-50.142099960501575,2022-02-27 12:00:00+00:00,signal,-0.004795419823630916
2022-02-27 12:00:00+00:00,1,10406.106112846826,-250.89027840616598,2022-02-27 20:00:00+00:00,signal,-0.024109909670864318
2022-02-27 20:00:00+00:00,-1,10155.215834440658,-211.60915935013415,2022-02-28 16:00:00+00:00,signal,-0.020837485170179984
2022-02-28 16:00:00+00:00,1,9943.606675090527,-177.63884320490362,2022-03-03 08:00:00+00:00,signal,-0.017864628902700075
2022-03-03 08:00:00+00:00,-1,9765.967831885622,-322.71408670295983,2022-03-09 20:00:00+00:00,signal,-0.03304476240944671
2022-03-09 20:00:00+00:00,1,9443.25374518266,-56.27471281837078,2022-03-10 00:00:00+00:00,signal,-0.005959250311057089
2022-03-10 00:00:00+00:00,-1,9386.979032364286,-614.272988579747,2022-03-19 04:00:00+00:00,signal,-0.06543883676120568
2022-03-19 04:00:00+00:00,1,8772.706043784541,-378.52919811689736,2022-04-08 20:00:00+00:00,signal,-0.04314851041715745
2022-04-08 20:00:00+00:00,-1,8394.176845667671,-10.638607453096238,2022-04-10 20:00:00+00:00,signal,-0.0012673794761170589
2022-04-10 20:00:00+00:00,1,8383.538238214573,-43.75529658318166,2022-04-11 00:00:00+00:00,signal,-0.005219192104800389
2022-04-11 00:00:00+00:00,-1,8339.78294163139,-634.8466389340286,2022-04-13 20:00:00+00:00,signal,-0.07612268129484948
2022-04-13 20:00:00+00:00,1,7704.936302697369,-136.02064552782636,2022-04-16 16:00:00+00:00,signal,-0.017653701495261916
2022-04-16 16:00:00+00:00,-1,7568.915657169545,-11.395337355961647,2022-04-17 00:00:00+00:00,signal,-0.0015055442380531193
2022-04-17 00:00:00+00:00,1,7557.520319813584,-5.346019364222412,2022-04-17 04:00:00+00:00,signal,-0.0007073774383651645
2022-04-17 04:00:00+00:00,-1,7552.174300449361,-10.338894375680306,2022-04-17 08:00:00+00:00,signal,-0.0013689957308142548
2022-04-17 08:00:00+00:00,1,7541.83540607368,-17.31264259987248,2022-04-17 20:00:00+00:00,signal,-0.002295547657527776
2022-04-17 20:00:00+00:00,-1,7524.522763473808,7249.172833948765,2022-07-18 16:00:00+00:00,signal,0.963406326463431
2022-07-18 16:00:00+00:00,1,14773.69559742254,600.8943380000488,2022-08-19 04:00:00+00:00,signal,0.0406732583623073
2022-08-19 04:00:00+00:00,-1,15374.589935422575,-1385.3358702350508,2022-08-23 20:00:00+00:00,signal,-0.09010554922465153
2022-08-23 20:00:00+00:00,1,13989.254065187533,-19.825905154058024,2022-08-24 00:00:00+00:00,signal,-0.0014172238964045326
2022-08-24 00:00:00+00:00,-1,13969.428160033476,-23.10126412881874,2022-08-24 08:00:00+00:00,signal,-0.001653701487574949
2022-08-24 08:00:00+00:00,1,13946.32689590466,-26.442609184081963,2022-08-24 12:00:00+00:00,signal,-0.00189602677331813
2022-08-24 12:00:00+00:00,-1,13919.884286720577,-2106.2460335749283,2022-09-09 12:00:00+00:00,signal,-0.15131203609100866
2022-09-09 12:00:00+00:00,1,11813.638253145657,-9.280967922850756,2022-09-09 16:00:00+00:00,signal,-0.0007856147042914135
2022-09-09 16:00:00+00:00,-1,11804.357285222804,28.273490975581023,2022-09-10 20:00:00+00:00,signal,0.0023951741117642193
2022-09-10 20:00:00+00:00,1,11832.630776198379,-46.46351597847891,2022-09-12 04:00:00+00:00,signal,-0.0039267274418755115
2022-09-12 04:00:00+00:00,-1,11786.167260219905,-23.506884978119604,2022-09-12 08:00:00+00:00,signal,-0.001994446918928335
2022-09-12 08:00:00+00:00,1,11762.660375241789,-30.939004081305637,2022-09-12 16:00:00+00:00,signal,-0.0026302726674338472
2022-09-12 16:00:00+00:00,-1,11731.721371160485,-14.733176199556217,2022-09-12 20:00:00+00:00,signal,-0.001255840957472282
2022-09-12 20:00:00+00:00,1,11716.988194960926,-437.94756134264793,2022-09-13 16:00:00+00:00,signal,-0.037377144540522295
2022-09-13 16:00:00+00:00,-1,11279.040633618286,-871.8557673450656,2022-09-24 12:00:00+00:00,signal,-0.07729875223132135
2022-09-24 12:00:00+00:00,1,10407.184866273232,-140.88129871270053,2022-09-25 00:00:00+00:00,signal,-0.01353692670236476
2022-09-25 00:00:00+00:00,-1,10266.303567560533,-530.1490171005098,2022-09-30 16:00:00+00:00,signal,-0.051639717607384485
2022-09-30 16:00:00+00:00,1,9736.154550460024,-157.67515877371503,2022-10-01 08:00:00+00:00,signal,-0.016194808531081198
2022-10-01 08:00:00+00:00,-1,9578.479391686307,-224.45649813931928,2022-10-04 16:00:00+00:00,signal,-0.023433416616643506
2022-10-04 16:00:00+00:00,1,9354.022893546997,-102.15924852029346,2022-10-06 20:00:00+00:00,signal,-0.010921423828326253
2022-10-06 20:00:00+00:00,-1,9251.863645026704,-12.784111968343312,2022-10-07 04:00:00+00:00,signal,-0.0013817877628595782
2022-10-07 04:00:00+00:00,1,9239.07953305836,-36.4396013754307,2022-10-07 12:00:00+00:00,signal,-0.003944072701728145
2022-10-07 12:00:00+00:00,-1,9202.639931682934,-86.56877746355796,2022-10-27 20:00:00+00:00,signal,-0.009406950408384249
2022-10-27 20:00:00+00:00,1,9116.071154219351,-31.78062937574165,2022-10-28 00:00:00+00:00,signal,-0.00348621997767449
2022-10-28 00:00:00+00:00,-1,9084.29052484361,-133.34078273733678,2022-10-28 20:00:00+00:00,signal,-0.01467817243104214
2022-10-28 20:00:00+00:00,1,8950.949742106275,-687.3926056671719,2022-11-08 04:00:00+00:00,signal,-0.07679549382716336
2022-11-08 04:00:00+00:00,-1,8263.557136439089,-29.525705819023305,2022-11-08 16:00:00+00:00,signal,-0.0035730019568481434
2022-11-08 16:00:00+00:00,1,8234.031430620065,-119.02708093713052,2022-11-08 20:00:00+00:00,signal,-0.014455504808313218
2022-11-08 20:00:00+00:00,-1,8115.004349682936,-908.8360423065665,2022-11-23 04:00:00+00:00,signal,-0.1119945231258041
2022-11-23 04:00:00+00:00,1,7206.168307376357,-399.27920972341155,2022-11-28 04:00:00+00:00,signal,-0.055407977262299374
2022-11-28 04:00:00+00:00,-1,6806.889097652943,-133.62679977581388,2022-11-29 04:00:00+00:00,signal,-0.019631111636869363
2022-11-29 04:00:00+00:00,1,6673.262297877127,-52.827480980730186,2022-12-02 04:00:00+00:00,signal,-0.007916290207494986
2022-12-02 04:00:00+00:00,-1,6620.434816896395,-8.869248646897326,2022-12-02 08:00:00+00:00,signal,-0.0013396776635065724
2022-12-02 08:00:00+00:00,1,6611.565568249497,-196.69312374584246,2022-12-07 08:00:00+00:00,signal,-0.029749856023574106
2022-12-07 08:00:00+00:00,-1,6414.872444503651,-23.598645107171514,2022-12-07 16:00:00+00:00,signal,-0.0036787395714144165
2022-12-07 16:00:00+00:00,1,6391.273799396481,-3.2712387078155034,2022-12-07 20:00:00+00:00,signal,-0.0005118289108697553
2022-12-07 20:00:00+00:00,-1,6388.002560688666,-1.8574207008396453,2022-12-08 04:00:00+00:00,signal,-0.0002907670563988321
2022-12-08 04:00:00+00:00,1,6386.145139987827,-11.597368819437836,2022-12-10 00:00:00+00:00,signal,-0.0018160202383780996
2022-12-10 00:00:00+00:00,-1,6374.547771168392,-16.00732397470973,2022-12-10 16:00:00+00:00,signal,-0.0025111309145896864
2022-12-10 16:00:00+00:00,1,6358.540447193682,-7.851507279395525,2022-12-10 20:00:00+00:00,signal,-0.0012347970960632575
2022-12-10 20:00:00+00:00,-1,6350.6889399142865,-7.248644819959397,2022-12-14 00:00:00+00:00,signal,-0.0011413950342302908
2022-12-14 00:00:00+00:00,1,6343.440295094323,-23.626750565014518,2022-12-14 08:00:00+00:00,signal,-0.0037245957187121603
2022-12-14 08:00:00+00:00,-1,6319.8135445293065,-2.409438768346793,2022-12-14 12:00:00+00:00,signal,-0.0003812515593015404
2022-12-14 12:00:00+00:00,1,6317.40410576096,-9.974739050317453,2022-12-14 20:00:00+00:00,signal,-0.0015789300293804697
2022-12-14 20:00:00+00:00,-1,6307.429366710642,-21.572354391033116,2022-12-15 08:00:00+00:00,signal,-0.0034201499750259132
2022-12-15 08:00:00+00:00,1,6285.857012319608,-8.165169845180348,2022-12-15 16:00:00+00:00,signal,-0.0012989747983731554
2022-12-15 16:00:00+00:00,-1,6277.691842474427,-176.85171342907827,2023-01-09 04:00:00+00:00,signal,-0.028171455029460328
2023-01-09 04:00:00+00:00,1,6100.840129045366,665.4698489940369,2023-02-13 00:00:00+00:00,signal,0.10907839492889101
2023-02-13 00:00:00+00:00,-1,6766.309978039419,-12.743223238317801,2023-02-13 08:00:00+00:00,signal,-0.001883334236781483
2023-02-13 08:00:00+00:00,1,6753.5667548011015,-17.8408396031004,2023-02-13 12:00:00+00:00,signal,-0.002641691457394327
2023-02-13 12:00:00+00:00,-1,6735.725915198,-20.1538681719559,2023-02-14 04:00:00+00:00,signal,-0.0029920855488615094
2023-02-14 04:00:00+00:00,1,6715.572047026043,23.324399408392207,2023-02-15 12:00:00+00:00,signal,0.0034731813232085416
2023-02-15 12:00:00+00:00,-1,6738.896446434438,-36.49694072367358,2023-02-15 20:00:00+00:00,signal,-0.005415863118505728
2023-02-15 20:00:00+00:00,1,6702.399505710764,-249.00942064041863,2023-02-17 12:00:00+00:00,signal,-0.03715227963183196
2023-02-17 12:00:00+00:00,-1,6453.390085070346,-8.86566120093421,2023-02-17 16:00:00+00:00,signal,-0.0013737990550802988
2023-02-17 16:00:00+00:00,1,6444.52442386941,-189.4164106452539,2023-02-25 04:00:00+00:00,signal,-0.029391836881506428
2023-02-25 04:00:00+00:00,-1,6255.108013224161,-10.573752715687203,2023-02-25 08:00:00+00:00,signal,-0.001690418885386604
2023-02-25 08:00:00+00:00,1,6244.534260508474,-126.45899370336716,2023-02-28 08:00:00+00:00,signal,-0.020251148993306982
2023-02-28 08:00:00+00:00,-1,6118.075266805109,-6.913708278982906,2023-02-28 12:00:00+00:00,signal,-0.0011300462935614195
2023-02-28 12:00:00+00:00,1,6111.161558526127,-3.7555301209824545,2023-02-28 20:00:00+00:00,signal,-0.0006145362195085222
2023-02-28 20:00:00+00:00,-1,6107.406028405147,-12.181873749343127,2023-03-01 04:00:00+00:00,signal,-0.0019946068253340337
2023-03-01 04:00:00+00:00,1,6095.224154655804,-59.74644116190628,2023-03-01 20:00:00+00:00,signal,-0.009802172921937462
2023-03-01 20:00:00+00:00,-1,6035.477713493897,-34.291464155615564,2023-03-02 00:00:00+00:00,signal,-0.005681648708427501
2023-03-02 00:00:00+00:00,1,6001.1862493382805,-33.093892190365814,2023-03-02 04:00:00+00:00,signal,-0.005514558424847238
2023-03-02 04:00:00+00:00,-1,5968.092357147913,-365.319451036294,2023-03-15 00:00:00+00:00,signal,-0.0612120974633972
2023-03-15 00:00:00+00:00,1,5602.7729061116315,-67.0707507216806,2023-03-15 16:00:00+00:00,signal,-0.011970992193618682
2023-03-15 16:00:00+00:00,-1,5535.70215538995,-218.57410340907632,2023-03-17 12:00:00+00:00,signal,-0.039484440685859
2023-03-17 12:00:00+00:00,1,5317.128051980873,-207.57228110917683,2023-03-21 08:00:00+00:00,signal,-0.03903842056838309
2023-03-21 08:00:00+00:00,-1,5109.5557708717015,-31.81425969522236,2023-03-21 16:00:00+00:00,signal,-0.0062264238070533435
2023-03-21 16:00:00+00:00,1,5077.741511176478,-140.26469473258967,2023-03-22 20:00:00+00:00,signal,-0.02762344133191044
2023-03-22 20:00:00+00:00,-1,4937.476816443888,-133.10267646898268,2023-03-23 16:00:00+00:00,signal,-0.026957630671944507
2023-03-23 16:00:00+00:00,1,4804.374139974905,-14.852162069319006,2023-03-23 20:00:00+00:00,signal,-0.0030913833179104953
2023-03-23 20:00:00+00:00,-1,4789.521977905587,-34.19396484300078,2023-03-24 08:00:00+00:00,signal,-0.00713932726496298
2023-03-24 08:00:00+00:00,1,4755.328013062586,-103.78760279962123,2023-03-24 12:00:00+00:00,signal,-0.021825540218155977
2023-03-24 12:00:00+00:00,-1,4651.5404102629645,-216.69697368877306,2023-04-02 00:00:00+00:00,signal,-0.04658606710384842
2023-04-02 00:00:00+00:00,1,4434.843436574189,-6.442752132221964,2023-04-02 12:00:00+00:00,signal,-0.0014527575154262575
2023-04-02 12:00:00+00:00,-1,4428.400684441968,-126.05004686089543,2023-04-03 08:00:00+00:00,signal,-0.02846401124083903
2023-04-03 08:00:00+00:00,1,4302.350637581072,-2.7567385666922535,2023-04-03 12:00:00+00:00,signal,-0.0006407517189817392
2023-04-03 12:00:00+00:00,-1,4299.59389901438,-5.216761321950018,2023-04-03 20:00:00+00:00,signal,-0.0012133148954243992
2023-04-03 20:00:00+00:00,1,4294.377137692429,-9.040461774078816,2023-04-04 08:00:00+00:00,signal,-0.002105185800923084
2023-04-04 08:00:00+00:00,-1,4285.336675918348,-6.929072102688363,2023-04-04 12:00:00+00:00,signal,-0.0016169259562793773
2023-04-04 12:00:00+00:00,1,4278.407603815661,-26.00198495962897,2023-04-06 08:00:00+00:00,signal,-0.0060774912928911505
2023-04-06 08:00:00+00:00,-1,4252.405618856034,-6.673590641201553,2023-04-06 16:00:00+00:00,signal,-0.0015693683151036886
2023-04-06 16:00:00+00:00,1,4245.732028214834,-12.608039860503638,2023-04-07 00:00:00+00:00,signal,-0.0029695797513167197
2023-04-07 00:00:00+00:00,-1,4233.123988354329,-43.195617823115555,2023-04-10 08:00:00+00:00,signal,-0.010204193862960365
2023-04-10 08:00:00+00:00,1,4189.928370531209,-1.9914407394007538,2023-04-10 12:00:00+00:00,signal,-0.00047529231129750176
2023-04-10 12:00:00+00:00,-1,4187.936929791809,-10.437839106513552,2023-04-10 20:00:00+00:00,signal,-0.002492358237838228
2023-04-10 20:00:00+00:00,1,4177.499090685297,-155.25833884595662,2023-04-20 00:00:00+00:00,signal,-0.03716537944727291
2023-04-20 00:00:00+00:00,-1,4022.240751839349,-33.80425123355374,2023-06-04 20:00:00+00:00,signal,-0.00840433313647256
2023-06-04 20:00:00+00:00,1,3988.4365006058038,-5.665037892978634,2023-06-05 00:00:00+00:00,signal,-0.0014203655723535203
2023-06-05 00:00:00+00:00,-1,3982.7714627128257,-121.38662738257399,2023-06-21 08:00:00+00:00,signal,-0.030477929381339065
2023-06-21 08:00:00+00:00,1,3861.384835330248,3663.292013453515,2023-07-25 00:00:00+00:00,signal,0.9486990211220968
2023-07-25 00:00:00+00:00,-1,7524.6768487837735,-82.11298131842999,2023-07-31 04:00:00+00:00,signal,-0.010912492718102844
2023-07-31 04:00:00+00:00,1,7442.563867465351,-22.943456165385378,2023-07-31 08:00:00+00:00,signal,-0.0030827355430137586
2023-07-31 08:00:00+00:00,-1,7419.620411299966,831.7541510732239,2023-09-12 20:00:00+00:00,signal,0.11210198163324842
2023-09-12 20:00:00+00:00,1,8251.374562373201,-34.61121236758646,2023-09-13 00:00:00+00:00,signal,-0.00419459959137182
2023-09-13 00:00:00+00:00,-1,8216.763350005613,-26.664526981081647,2023-09-13 12:00:00+00:00,signal,-0.0032451375128216917
2023-09-13 12:00:00+00:00,1,8190.098823024528,-21.51013004372825,2023-09-13 20:00:00+00:00,signal,-0.0026263578142986014
2023-09-13 20:00:00+00:00,-1,8168.588692980801,-19.270587353839726,2023-09-14 04:00:00+00:00,signal,-0.0023591085410382797
2023-09-14 04:00:00+00:00,1,8149.318105626962,12.676976602996332,2023-10-11 00:00:00+00:00,signal,0.0015555874048214047
2023-10-11 00:00:00+00:00,-1,8161.995082229983,-48.488195008399096,2023-10-12 08:00:00+00:00,signal,-0.005940728280266419
2023-10-12 08:00:00+00:00,1,8113.506887221584,-38.69317798579211,2023-10-13 12:00:00+00:00,signal,-0.004768983193535235
2023-10-13 12:00:00+00:00,-1,8074.813709235788,-79.02909369166736,2023-10-16 04:00:00+00:00,signal,-0.009787110456960223
2023-10-16 04:00:00+00:00,1,7995.784615544122,169.82623716818605,2023-11-09 20:00:00+00:00,signal,0.021239471213123615
2023-11-09 20:00:00+00:00,-1,8165.610852712314,-30.441857262629778,2023-11-10 00:00:00+00:00,signal,-0.003728056334268993
2023-11-10 00:00:00+00:00,1,8135.168995449683,-105.54473190625824,2023-11-12 20:00:00+00:00,signal,-0.012973883144319867
2023-11-12 20:00:00+00:00,-1,8029.624263543429,-4.755350230536165,2023-11-13 00:00:00+00:00,signal,-0.0005922257473648779
2023-11-13 00:00:00+00:00,1,8024.868913312892,-14.829502775288015,2023-11-13 04:00:00+00:00,signal,-0.0018479433041811493
2023-11-13 04:00:00+00:00,-1,8010.039410537604,-55.99433861623123,2023-11-13 08:00:00+00:00,signal,-0.006990519739836473
2023-11-13 08:00:00+00:00,1,7954.045071921373,-13.610906568490183,2023-11-13 12:00:00+00:00,signal,-0.001711193040197639
2023-11-13 12:00:00+00:00,-1,7940.434165352884,-46.02581338157449,2023-11-13 16:00:00+00:00,signal,-0.005796384986403201
2023-11-13 16:00:00+00:00,1,7894.4083519713095,-20.761737462694544,2023-11-14 00:00:00+00:00,signal,-0.002629929506688128
2023-11-14 00:00:00+00:00,-1,7873.646614508613,-61.98543536890975,2023-11-14 08:00:00+00:00,signal,-0.00787251935522359
2023-11-14 08:00:00+00:00,1,7811.6611791397045,-19.864961546541988,2023-11-14 12:00:00+00:00,signal,-0.0025429881162267343
2023-11-14 12:00:00+00:00,-1,7791.796217593163,-119.34097484061849,2023-11-16 04:00:00+00:00,signal,-0.015316234088766012
2023-11-16 04:00:00+00:00,1,7672.455242752541,-12.471833803053498,2023-11-16 12:00:00+00:00,signal,-0.001625533601494057
2023-11-16 12:00:00+00:00,-1,7659.983408949488,-811.4177438128366,2023-12-04 08:00:00+00:00,signal,-0.10592943881116275
2023-12-04 08:00:00+00:00,1,6848.565665136661,-487.28985908986687,2023-12-11 08:00:00+00:00,signal,-0.07115210438449424
2023-12-11 08:00:00+00:00,-1,6361.275806046791,-12.279133080801042,2023-12-11 12:00:00+00:00,signal,-0.001930294088039534
2023-12-11 12:00:00+00:00,1,6348.99667296599,-7.955914396502125,2023-12-11 16:00:00+00:00,signal,-0.0012530978997639716
2023-12-11 16:00:00+00:00,-1,6341.040758569487,-118.94669027448023,2023-12-13 20:00:00+00:00,signal,-0.018758228310349817
2023-12-13 20:00:00+00:00,1,6222.094068295008,-63.99514622915117,2023-12-14 16:00:00+00:00,signal,-0.010285146049983662
2023-12-14 16:00:00+00:00,-1,6158.098922065859,-46.981235093634254,2023-12-14 20:00:00+00:00,signal,-0.007629178369527303
2023-12-14 20:00:00+00:00,1,6111.117686972225,-37.55576776744094,2023-12-15 12:00:00+00:00,signal,-0.006145482658189173
2023-12-15 12:00:00+00:00,-1,6073.561919204784,-193.63816262752337,2023-12-21 12:00:00+00:00,signal,-0.03188214184747729
2023-12-21 12:00:00+00:00,1,5879.923756577254,-9.041267608976788,2023-12-21 16:00:00+00:00,signal,-0.0015376504837946701
2023-12-21 16:00:00+00:00,-1,5870.882488968277,-30.725759003950216,2023-12-22 00:00:00+00:00,signal,-0.005233584399225443
2023-12-22 00:00:00+00:00,1,5840.1567299643275,-5.538037622455495,2023-12-22 08:00:00+00:00,signal,-0.0009482686644420453
2023-12-22 08:00:00+00:00,-1,5834.618692341871,-18.5517160903702,2023-12-22 12:00:00+00:00,signal,-0.00317959357219349
2023-12-22 12:00:00+00:00,1,5816.0669762515,-64.24404353472427,2023-12-23 04:00:00+00:00,signal,-0.011045960061507073
2023-12-23 04:00:00+00:00,-1,5751.8229327167755,-19.542800999588287,2023-12-24 00:00:00+00:00,signal,-0.00339767083030798
2023-12-24 00:00:00+00:00,1,5732.280131717189,-4.951296336900142,2023-12-24 08:00:00+00:00,signal,-0.0008637568686680544
2023-12-24 08:00:00+00:00,-1,5727.328835380288,-42.704410589433984,2023-12-25 12:00:00+00:00,signal,-0.0074562526121478515
2023-12-25 12:00:00+00:00,1,5684.624424790854,-14.529202099099322,2023-12-26 08:00:00+00:00,signal,-0.002555877224841265
2023-12-26 08:00:00+00:00,-1,5670.095222691755,-96.36688104362149,2023-12-27 08:00:00+00:00,signal,-0.016995637155785434
2023-12-27 08:00:00+00:00,1,5573.728341648134,-344.9928860125897,2024-01-03 16:00:00+00:00,signal,-0.061896250564407014
2024-01-03 16:00:00+00:00,-1,5228.735455635553,-10.693342046003119,2024-01-04 16:00:00+00:00,signal,-0.0020451105504826774
2024-01-04 16:00:00+00:00,1,5218.042113589547,-7.89200565176069,2024-01-04 20:00:00+00:00,signal,-0.0015124457564662495
2024-01-04 20:00:00+00:00,-1,5210.150107937787,-10.505839159666849,2024-01-05 00:00:00+00:00,signal,-0.002016417750356358
2024-01-05 00:00:00+00:00,1,5199.644268778119,-14.88154623339752,2024-01-05 04:00:00+00:00,signal,-0.0028620316052687545
2024-01-05 04:00:00+00:00,-1,5184.762722544722,-1.8068097908017777,2024-01-05 20:00:00+00:00,signal,-0.0003484845666987401
2024-01-05 20:00:00+00:00,1,5182.95591275392,-67.25065138892577,2024-01-06 20:00:00+00:00,signal,-0.012975346987505574
2024-01-06 20:00:00+00:00,-1,5115.705261364995,-140.6005289237939,2024-01-08 20:00:00+00:00,signal,-0.02748409490782083
2024-01-08 20:00:00+00:00,1,4975.1047324412,-124.4745596385338,2024-01-10 16:00:00+00:00,signal,-0.025019485283771348
2024-01-10 16:00:00+00:00,-1,4850.6301728026665,-21.543382439749315,2024-01-10 20:00:00+00:00,signal,-0.004441357446820496
2024-01-10 20:00:00+00:00,1,4829.086790362916,-106.24368216957296,2024-01-17 16:00:00+00:00,signal,-0.022000781261914022
2024-01-17 16:00:00+00:00,-1,4722.84310819335,-149.129487813484,2024-01-28 04:00:00+00:00,signal,-0.0315762104302743
2024-01-28 04:00:00+00:00,1,4573.713620379874,-6.674540480873828,2024-01-28 08:00:00+00:00,signal,-0.001459326279444551
2024-01-28 08:00:00+00:00,-1,4567.039079898999,-78.05189814980257,2024-02-08 16:00:00+00:00,signal,-0.017090262812362162
2024-02-08 16:00:00+00:00,1,4488.987181749197,3426.0632227860733,2024-04-13 20:00:00+00:00,signal,0.7632151940008569
2024-04-13 20:00:00+00:00,-1,7915.050404535289,-110.84974067377487,2024-04-15 00:00:00+00:00,signal,-0.01400493174500297
2024-04-15 00:00:00+00:00,1,7804.200663861513,-200.37292600289857,2024-04-15 20:00:00+00:00,signal,-0.025675009476723805
2024-04-15 20:00:00+00:00,-1,7603.827737858613,-452.59669853358156,2024-05-19 04:00:00+00:00,signal,-0.05952221882673024
2024-05-19 04:00:00+00:00,1,7151.23103932502,-9.743393045540326,2024-05-19 12:00:00+00:00,signal,-0.0013624777317305038
2024-05-19 12:00:00+00:00,-1,7141.487646279478,-2.517395437871352,2024-05-19 16:00:00+00:00,signal,-0.0003525029465230325
2024-05-19 16:00:00+00:00,1,7138.970250841608,-10.235448877459824,2024-05-19 20:00:00+00:00,signal,-0.0014337430354543325
2024-05-19 20:00:00+00:00,-1,7128.734801964149,-1.0713392734632774,2024-05-20 00:00:00+00:00,signal,-0.00015028463019385938
2024-05-20 00:00:00+00:00,1,7127.663462690686,-143.00915969994134,2024-05-28 08:00:00+00:00,signal,-0.020063960714266877
2024-05-28 08:00:00+00:00,-1,6984.6543029907425,-57.76766876043221,2024-05-28 12:00:00+00:00,signal,-0.008270655390302825
2024-05-28 12:00:00+00:00,1,6926.886634230311,-37.572365638129625,2024-05-28 16:00:00+00:00,signal,-0.005424134625281698
2024-05-28 16:00:00+00:00,-1,6889.314268592182,-10.111940436823133,2024-05-28 20:00:00+00:00,signal,-0.0014677716885296754
2024-05-28 20:00:00+00:00,1,6879.20232815536,-47.445206962429324,2024-05-29 08:00:00+00:00,signal,-0.006896905294999752
2024-05-29 08:00:00+00:00,-1,6831.75712119293,-4.988378285760202,2024-05-29 12:00:00+00:00,signal,-0.0007301750043609798
2024-05-29 12:00:00+00:00,1,6826.768742907169,0.984086558742503,2024-05-30 04:00:00+00:00,signal,0.0001441511490725305
2024-05-30 04:00:00+00:00,-1,6827.752829465912,-60.77745801001397,2024-06-03 08:00:00+00:00,signal,-0.008901531664667506
2024-06-03 08:00:00+00:00,1,6766.975371455895,-1.327183779475444,2024-06-03 12:00:00+00:00,signal,-0.0001961265863436864
2024-06-03 12:00:00+00:00,-1,6765.648187676418,-10.748411807866935,2024-06-03 16:00:00+00:00,signal,-0.0015886743604914446
2024-06-03 16:00:00+00:00,1,6754.899775868551,-22.93802243765015,2024-06-04 00:00:00+00:00,signal,-0.003395760588424239
2024-06-04 00:00:00+00:00,-1,6731.961753430903,-24.82510577595915,2024-06-04 08:00:00+00:00,signal,-0.003687648071278359
2024-06-04 08:00:00+00:00,1,6707.136647654942,-174.9406210780575,2024-06-09 00:00:00+00:00,signal,-0.026082757854534403
2024-06-09 00:00:00+00:00,-1,6532.196026576879,-44.47338119630858,2024-06-10 00:00:00+00:00,signal,-0.0068083353615482865
2024-06-10 00:00:00+00:00,1,6487.7226453805715,-10.871715123095441,2024-06-10 04:00:00+00:00,signal,-0.001675736728794408
2024-06-10 04:00:00+00:00,-1,6476.850930257476,-60.527889618757804,2024-06-10 16:00:00+00:00,signal,-0.009345265202259584
2024-06-10 16:00:00+00:00,1,6416.323040638719,-27.89597727392878,2024-06-11 04:00:00+00:00,signal,-0.004347657855947329
2024-06-11 04:00:00+00:00,-1,6388.427063364792,476.4712355125493,2024-07-16 00:00:00+00:00,signal,0.0745834977509458
2024-07-16 00:00:00+00:00,1,6864.898298877328,-60.93333993225041,2024-07-16 08:00:00+00:00,signal,-0.008876073217605472
2024-07-16 08:00:00+00:00,-1,6803.964958945077,-74.12777350712604,2024-07-16 16:00:00+00:00,signal,-0.01089479060436243
2024-07-16 16:00:00+00:00,1,6729.837185437952,-9.130664528214599,2024-07-16 20:00:00+00:00,signal,-0.0013567437482695074
2024-07-16 20:00:00+00:00,-1,6720.706520909738,-2.040974644897397,2024-07-17 04:00:00+00:00,signal,-0.0003036845365211876
2024-07-17 04:00:00+00:00,1,6718.665546264842,-29.47060405755083,2024-07-17 12:00:00+00:00,signal,-0.0043863776005243545
2024-07-17 12:00:00+00:00,-1,6689.194942207291,-121.14603112479747,2024-07-19 20:00:00+00:00,signal,-0.01811070422845561
2024-07-19 20:00:00+00:00,1,6568.048911082493,-214.2447856495339,2024-07-23 08:00:00+00:00,signal,-0.032619243332373996
2024-07-23 08:00:00+00:00,-1,6353.80412543296,-14.817292307666492,2024-07-23 12:00:00+00:00,signal,-0.0023320347960296643
2024-07-23 12:00:00+00:00,1,6338.986833125293,-9.942243767840337,2024-07-23 16:00:00+00:00,signal,-0.0015684278938529583
2024-07-23 16:00:00+00:00,-1,6329.044589357452,-95.0268673737333,2024-07-26 16:00:00+00:00,signal,-0.01501440952612735
2024-07-26 16:00:00+00:00,1,6234.017721983724,-444.90460619767595,2024-08-03 16:00:00+00:00,signal,-0.07136723474955138
2024-08-03 16:00:00+00:00,-1,5789.113115786038,-439.77600192036107,2024-08-24 20:00:00+00:00,signal,-0.0759660405876607
2024-08-24 20:00:00+00:00,1,5349.337113865676,-8.208764151423287,2024-08-25 00:00:00+00:00,signal,-0.0015345385749097533
2024-08-25 00:00:00+00:00,-1,5341.12834971425,-118.27973951052839,2024-09-14 00:00:00+00:00,signal,-0.02214508466490163
2024-09-14 00:00:00+00:00,1,5222.84861020372,-15.104772631872253,2024-09-14 12:00:00+00:00,signal,-0.0028920563775029816
2024-09-14 12:00:00+00:00,-1,5207.743837571847,-271.4721228918818,2024-09-19 04:00:00+00:00,signal,-0.0521285476703589
2024-09-19 04:00:00+00:00,1,4936.271714679964,-375.04926069105966,2024-10-01 20:00:00+00:00,signal,-0.0759782447906386
2024-10-01 20:00:00+00:00,-1,4561.222453988902,-157.13806440330598,2024-10-11 20:00:00+00:00,signal,-0.03445086618520104
2024-10-11 20:00:00+00:00,1,4404.084389585589,-3.1582675621127985,2024-10-12 00:00:00+00:00,signal,-0.0007171223988307776
2024-10-12 00:00:00+00:00,-1,4400.926122023476,-6.67507999195072,2024-10-12 08:00:00+00:00,signal,-0.001516744386720499
2024-10-12 08:00:00+00:00,1,4394.251042031525,-8.683848762876867,2024-10-13 04:00:00+00:00,signal,-0.001976184036782341
2024-10-13 04:00:00+00:00,-1,4385.567193268649,-187.60832895749817,2024-10-14 16:00:00+00:00,signal,-0.04277857816098583
2024-10-14 16:00:00+00:00,1,4197.958864311152,-160.78122639386348,2024-11-01 08:00:00+00:00,signal,-0.03829985752379359
2024-11-01 08:00:00+00:00,-1,4037.177637917299,-9.700205881520084,2024-11-01 12:00:00+00:00,signal,-0.002402719610456435
2024-11-01 12:00:00+00:00,1,4027.477432035779,-8.834393696085725,2024-11-01 16:00:00+00:00,signal,-0.00219353027922994
2024-11-01 16:00:00+00:00,-1,4018.6430383396932,-15.672061480585265,2024-11-01 20:00:00+00:00,signal,-0.003899839157413741
2024-11-01 20:00:00+00:00,1,4002.970976859108,-8.019671154642626,2024-11-02 16:00:00+00:00,signal,-0.002003429752802051
2024-11-02 16:00:00+00:00,-1,3994.9513057044655,-20.772266485450384,2024-11-02 20:00:00+00:00,signal,-0.00519962945625627
2024-11-02 20:00:00+00:00,1,3974.179039219015,-57.733015254885345,2024-11-03 08:00:00+00:00,signal,-0.014527029277027925
2024-11-03 08:00:00+00:00,-1,3916.44602396413,-120.6464746409196,2024-11-06 04:00:00+00:00,signal,-0.030805090610901417
2024-11-06 04:00:00+00:00,1,3795.799549323211,1258.7775102026278,2024-12-18 20:00:00+00:00,signal,0.33162381043726796
2024-12-18 20:00:00+00:00,-1,5054.577059525843,94.44196240976058,2024-12-31 23:00:00+00:00,terminal_mark_open,0.018684444078614946
