asset,year,alpha,total_net_return,cagr,volatility,sharpe,sortino,calmar,max_dd,drawdown_duration_days,expected_shortfall_95,annual_arithmetic_return,trades,average_trade,median_trade,win_rate,profit_factor,payoff_ratio,expectancy,top_month_positive_pnl_share,top_quarter_positive_pnl_share,top_year_positive_pnl_share
SOLUSDT,2022,-0.10890490492843821,0.28077063577772643,0.28077063577772643,0.5257508945515185,0.7232496888092911,1.2362282194467935,0.8951507206353181,-0.3136573867453899,201,-0.05451893434480901,0.3802491708755921,0,,,,,,,0.23367188471283978,0.4805268665951095,1.0
SOLUSDT,2023,0.8627486031196093,1.1843027474529744,1.1843027474529744,0.4714193232865311,1.8877741511425654,3.6170197851806156,3.7306658067605474,-0.3174507738824618,266,-0.04221751134054421,0.8899332128494338,0,,,,,,,0.3534412440225793,0.899843913049683,1.0
SOLUSDT,2024,-1.001705606967674,0.0670742492919052,0.06688498997254122,0.3882777948443701,0.3593805708544879,0.5461578398442261,0.3105269708671846,-0.215391886204785,119,-0.04169067623498068,0.13953949556129144,0,,,,,,,0.4306390061208193,0.5449383033981192,1.0
XRPUSDT,2022,0.2918708539140359,-0.15743166612951753,-0.15743166612951753,0.35910032004087794,-0.3008438958030385,-0.48501564475718995,-0.4917059394338798,-0.32017442439433363,343,-0.038307872938791496,-0.10803313926521566,0,,,,,,,0.44509100025831966,1.0,
XRPUSDT,2023,0.038391245650820874,-0.33527943249828784,-0.33527943249828784,0.27230485508539065,-1.364017415403714,-1.9262194626901419,-0.9346551040862722,-0.3587199503137152,364,-0.034387018695933164,-0.3714285646354574,0,,,,,,,0.6029060989174143,,
XRPUSDT,2024,-1.7210546046046316,0.4625037461292911,0.46098548939665096,0.40786167941725504,1.1272875751471048,2.172457700089059,1.5016453206113562,-0.30698693164706337,254,-0.03591131249320432,0.45977740358570324,0,,,,,,,0.769322262291606,1.0,1.0
BNBUSDT,2022,0.3630589062288539,0.020027073085199243,0.020027073085199243,0.3050069999061279,0.2162752176731873,0.33237900232541373,0.07203679886127072,-0.27801170237683115,143,-0.033041333136434425,0.06596545529654363,0,,,,,,,0.31085994962077246,0.6711782183480408,1.0
BNBUSDT,2023,0.7432415657638629,-0.07812190327215274,-0.07812190327215274,0.21443070651603374,-0.27360261011311304,-0.42716552724150586,-0.3580899530018086,-0.21816279015166384,327,-0.02429748330232454,-0.05866880099118575,0,,,,,,,0.5891416446024226,0.5822384795816472,
BNBUSDT,2024,0.4373603376746529,-0.025937642903178237,-0.025867699639069874,0.28448983927120897,0.047834464561222687,0.07714332488348354,-0.08933662934732008,-0.28955311867097944,291,-0.031170413693135602,0.013608419134646584,0,,,,,,,0.5897243129726961,1.0,
DOTUSDT,2022,-0.5727268533028241,0.015909767759943128,0.015909767759943128,0.4101360488018283,0.24031301531582008,0.38763571298448785,0.05839018123658432,-0.2724733409454615,172,-0.040582558860003594,0.0985610305772837,0,,,,,,,0.44974810365151024,0.529283295270088,1.0
DOTUSDT,2023,1.8454682210734639,0.28912436426161126,0.28912436426161126,0.2974747082590965,1.0005904736243343,1.6519259919472506,1.1342692030105712,-0.2548992456942487,274,-0.031234742308577795,0.29765035922823,0,,,,,,,0.507912770443055,0.8979827192293722,1.0
DOTUSDT,2024,-3.714690781307295,0.2050658727066823,0.2044518596889251,0.4053971068764274,0.6567576974468481,1.1108661472747765,0.6718737422777049,-0.30430101196664894,231,-0.04135118272779017,0.26624767046377623,0,,,,,,,0.4290440189313834,0.701124930781088,1.0
DOGEUSDT,2022,0.6188307262298277,0.0635839168352732,0.0635839168352732,0.4981670286331105,0.36186310163576235,0.6491768963479576,0.19228415283889505,-0.3306768441211423,132,-0.04692236337620073,0.180268266113849,0,,,,,,,0.5808912301407803,0.6225509577434353,1.0
DOGEUSDT,2023,2.1144676802645486,0.10418875066661393,0.10418875066661393,0.27479347765905543,0.49668459858337,0.7930551563480448,0.6132120132822704,-0.16990657131606834,278,-0.029084237446733614,0.1364856881444162,0,,,,,,,0.3321226046690917,0.7819569295991946,1.0
DOGEUSDT,2024,1.9433081314979475,1.4347003786675434,1.4287882948417252,0.5091875638814691,1.9944007016711285,3.4397165274340544,6.5014573813527825,-0.21976430991299245,219,-0.05169999426651419,1.0155240346874146,0,,,,,,,0.49119695093101085,0.7216692001538093,1.0
ADAUSDT,2022,-1.3049151068272102,-0.011773996211159932,-0.011773996211159932,0.3796324427074799,0.15687228509416357,0.23789773128579647,-0.03237264604028289,-0.363702003120442,218,-0.04283907325150901,0.0595538087834015,0,,,,,,,0.5288485341750886,0.5979740164183431,
ADAUSDT,2023,1.577093769881155,0.6779988967412609,0.6779988967412609,0.3196513210886607,1.777644784205611,3.067036402413193,3.1805616780509904,-0.21316954845432534,236,-0.03237421918948848,0.5682265036976907,0,,,,,,,0.42460341130496954,0.708584707037314,1.0
ADAUSDT,2024,-2.1230693749660174,0.5031849272244133,0.5015118771538758,0.3958655892805398,1.2195349027099733,2.223275539842516,1.8100118004757857,-0.27707657873945724,199,-0.03609221523031594,0.48277190290946936,0,,,,,,,0.6429346936074751,0.712414892210727,1.0
AVAXUSDT,2022,-0.6422928046834864,0.02592496652693166,0.02592496652693166,0.4250253146901087,0.27114325264260614,0.41112248837974086,0.07416937331314201,-0.3495373544208986,158,-0.047035145354718026,0.11524274628052332,0,,,,,,,0.40679354678911456,1.0,1.0
AVAXUSDT,2023,1.842795368892919,0.9058779777557158,0.9058779777557158,0.38045121615153116,1.883446684574852,3.314516906021531,3.327945651983473,-0.2722033568113733,280,-0.03919808853343156,0.7165595817030718,0,,,,,,,0.39699998574100415,0.8878325486327745,1.0
AVAXUSDT,2024,-0.6702153406859664,0.6707254155519,0.6683841257806695,0.44376341348632287,1.3723874990786071,2.330908843104611,3.723199872243467,-0.17951873353979386,89,-0.043493393595069124,0.6090153612170804,0,,,,,,,0.31282631112442444,0.35017461800983135,1.0
AXSUSDT,2022,0.5592381463180573,0.8068681183401454,0.8068681183401454,0.49826488000132846,1.431960013389386,2.488229461278571,2.5751930150046074,-0.31332335620625384,139,-0.04757828960949215,0.713495384238163,0,,,,,,,0.27127408091974914,0.5140587275938714,1.0
AXSUSDT,2023,3.167606189478078,0.3326466767594076,0.3326466767594076,0.38949307307278913,0.9247100529325326,1.704617874683166,1.2735513615991074,-0.26119612195438036,316,-0.03759351546820924,0.36016816021799364,0,,,,,,,0.3076124201217075,0.8918957941034915,1.0
AXSUSDT,2024,-2.538616102374426,-0.08187510857595504,-0.0816607996141483,0.4287249689223967,0.011404093320712775,0.01802719068459093,-0.24427118548576293,-0.33430385762346826,262,-0.04592026076435106,0.004889219554510696,0,,,,,,,0.44285839223550727,1.0,
MATICUSDT,2022,0.5516057694139044,-0.13538985217098154,-0.13538985217098154,0.4980944757883498,-0.04783078845924641,-0.07703580150798506,-0.3197111085140834,-0.4234755958284683,140,-0.051616666823820656,-0.023824251504151794,0,,,,,,,0.41763781378554843,1.0,
MATICUSDT,2023,2.1588239337101505,0.32036750790767776,0.32036750790767776,0.31619593643578087,1.0354586247013167,1.7161396763317658,1.46755922543045,-0.218299542775666,205,-0.03107672567811981,0.32740780947793857,0,,,,,,,0.2519402191821292,0.44277109622878574,1.0
MATICUSDT,2024,-0.5453740873142569,0.2300244652479133,0.2293288779622067,0.32873430953593585,0.7898531777169867,1.2786650470638343,1.4364133145619098,-0.15965382361562797,129,-0.03824853934585528,0.25965183901155847,0,,,,,,,0.4868919966577315,0.6495665638110527,1.0
FTMUSDT,2022,-0.7329331234015284,0.4477120851218368,0.4477120851218368,0.5522277325551321,0.9412083673166892,1.5402423092940325,1.611651871274258,-0.2777970187617824,114,-0.059111041073110195,0.5197613625452132,0,,,,,,,0.24978858394016193,0.6172229113005505,1.0
FTMUSDT,2023,5.691606931929571,0.5973480276754686,0.5973480276754686,0.46009501174158207,1.2460340084686743,2.0099460490553573,1.345407196521286,-0.44399051024848435,324,-0.05120312805063659,0.5732940317568053,0,,,,,,,0.45545427631587815,0.6418587616548164,1.0
FTMUSDT,2024,3.216770538622769,0.5191762576309353,0.5174415349304611,0.5495909596710866,1.0301747785900723,1.6491997532790033,1.7088484843827454,-0.30280129552700896,254,-0.056911089616831015,0.566174745194267,0,,,,,,,0.4363114686515365,0.589535301923643,1.0
LTCUSDT,2022,-0.46014948331141975,-0.21456154649506998,-0.21456154649506998,0.3678295006286912,-0.4744818345707515,-0.72451679262502,-0.47597931892817336,-0.45077913674532555,201,-0.03908647376521466,-0.17452841626754478,0,,,,,,,0.3716007890356371,0.9793410778108178,
LTCUSDT,2023,1.1897472869325858,-0.185949207443054,-0.185949207443054,0.27081474857248183,-0.6248901601843545,-0.9225055012268466,-0.5220823702943321,-0.35616833285947236,295,-0.03288138939289734,-0.16922947161574386,0,,,,,,,0.5000899881880045,1.0,
LTCUSDT,2024,0.2133520198600047,-0.13923480367310392,-0.13888211516011062,0.3417300940458768,-0.2686489898712739,-0.42169179263408724,-0.4911317797923769,-0.2827797362630906,295,-0.03613939029027419,-0.09180544457404022,0,,,,,,,0.6136788506579386,1.0,
LINKUSDT,2022,-0.163748726327028,-0.45768911635435017,-0.45768911635435017,0.4191604210932321,-1.2495566162437497,-1.7265426202051812,-0.8277468221786141,-0.5529337039914222,233,-0.050250293639343184,-0.5237646774445643,0,,,,,,,0.5155087257426151,,
LINKUSDT,2023,2.157078529293724,-0.11852005397452359,-0.11852005397452359,0.37343119256911633,-0.15514468381883068,-0.2558768706291085,-0.40051602211534226,-0.29591838386028835,241,-0.03684703218750348,-0.05793586429922442,0,,,,,,,0.36182451157318063,0.665752401107139,
LINKUSDT,2024,-0.9980989990734028,0.09458105201761424,0.09431081451165269,0.43904514180054083,0.41876713325040954,0.711459220572365,0.35282258913254627,-0.26730378784285425,210,-0.04271373411915591,0.18385767539933204,0,,,,,,,0.26884000681024744,0.4286813811781322,1.0
