signal,LIQ1000,PIT_SP1500
1998-01-30,0.06743834284539837,
1998-02-27,0.04819304620788108,
1998-03-31,0.007190135439496676,
1998-04-30,-0.04844389453766838,
1998-05-29,0.0038791093179303365,
1998-06-30,-0.06378607518250987,
1998-07-31,-0.17740445745809277,
1998-08-31,0.03830472199612012,
1998-09-30,0.1221871965264292,
1998-10-30,0.045098660220343145,
1998-11-30,0.05355027176774721,
1998-12-31,0.02538760578632355,
1999-01-29,-0.0506669055223465,
1999-02-26,0.038721370935440064,
1999-03-31,0.07790543478727341,
1999-04-30,0.004995254516601563,
1999-05-28,0.05110751408338547,
1999-06-30,-0.030881778419017795,
1999-07-30,-0.02279050427675247,
1999-08-31,-0.029951507627964023,
1999-09-30,0.05181058794260025,
1999-10-29,0.06638436752557755,
1999-11-30,0.3855370428562164,
1999-12-31,-0.023470793008804322,
2000-01-31,0.1622995817065239,
2000-02-29,0.00447789376974106,
2000-03-31,-0.08165351098775864,
2000-04-28,-0.06089657038450241,
2000-05-31,0.08950635647773743,
2000-06-30,-0.04464629244804382,
2000-07-31,0.12234109526872636,
2000-08-31,-0.06133642721474171,
2000-09-29,-0.05919916027784347,
2000-10-31,-0.139959782910347,
2000-11-30,0.028963557726144794,
2000-12-29,0.1151750420331955,
2001-01-31,-0.12567454981803894,
2001-02-28,-0.09034255480766297,
2001-03-30,0.1280556234717369,
2001-04-30,0.022048862278461458,
2001-05-31,-0.02871609503030777,
2001-06-29,-0.04359861260652542,
2001-07-31,-0.08501752209663392,
2001-08-31,-0.16465287958383562,
2001-09-28,0.1008791027069092,
2001-10-31,0.10388304215669633,
2001-11-30,0.04939836275577546,
2001-12-31,-0.0277754625082016,
2002-01-31,-0.05432513409852981,
2002-02-28,0.07181974911689758,
2002-03-28,-0.0555952839255333,
2002-04-30,-0.03161622661352158,
2002-05-31,-0.09029231131076813,
2002-06-28,-0.11459656131267548,
2002-07-31,-0.007454027891159059,
2002-08-30,-0.09400782662332058,
2002-09-30,0.05992325156927109,
2002-10-31,0.11602384704351425,
2002-11-29,-0.06632786130905151,
2002-12-31,-0.030119452714920045,
2003-01-31,-0.016782434701919556,
2003-02-28,0.002702227354049683,
2003-03-31,0.086542262673378,
2003-04-30,0.11742938286066056,
2003-05-30,0.0035409271717071534,
2003-06-30,0.046743700146675116,
2003-07-31,0.05676206368207931,
2003-08-29,-0.008233447551727295,
2003-09-30,0.07278299123048781,
2003-10-31,0.02125974714756012,
2003-11-28,0.019985833048820498,
2003-12-31,0.032769074082374575,
2004-01-30,0.016678095757961274,
2004-02-27,-0.012353505551815035,
2004-03-31,-0.04711611634492874,
2004-04-30,0.015491346061229708,
2004-05-28,0.015297134339809417,
2004-06-30,-0.06695939409732819,
2004-07-30,-0.006468126714229583,
2004-08-31,0.04844655889272689,
2004-09-30,0.017266136407852174,
2004-10-29,0.06733639949560166,
2004-11-30,0.04498794150352478,
2004-12-31,-0.037281062364578246,
2005-01-31,0.01957818388938904,
2005-02-28,-0.021795207262039186,
2005-03-31,-0.05422750699520111,
2005-04-29,0.047980705857276915,
2005-05-31,0.02303365260362625,
2005-06-30,0.05782957065105439,
2005-07-29,-0.004780567467212676,
2005-08-31,0.0055175843238830565,
2005-09-30,-0.0373085954785347,
2005-10-31,0.0555066066980362,
2005-11-30,0.012444309115409852,
2005-12-30,0.055095242917537694,
2006-01-31,-0.007039077043533326,
2006-02-28,0.029681459963321687,
2006-03-31,0.013851035356521607,
2006-04-28,-0.05188472950458527,
2006-05-31,-0.0027955486774444574,
2006-06-30,-0.0390896252989769,
2006-07-31,0.025815181732177735,
2006-08-31,0.011062384009361267,
2006-09-29,0.045791823565959934,
2006-10-31,0.03313792020082473,
2006-11-30,0.02285050427913666,
2006-12-29,0.029639408230781556,
2007-01-31,-0.023596526086330415,
2007-02-28,0.018625831550359725,
2007-03-30,0.03629054945707322,
2007-04-30,0.04720264726877213,
2007-05-31,-0.016831295013427734,
2007-06-29,-0.052373910129070285,
2007-07-31,-0.0008879245519638071,
2007-08-31,0.03632539385557175,
2007-09-28,0.014254340231418607,
2007-10-31,-0.05592836576700211,
2007-11-30,-0.01010146099328995,
2007-12-31,-0.05727339601516723,
2008-01-31,-0.030850988447666167,
2008-02-29,-0.01443258016705513,
2008-03-31,0.05241782456636429,
2008-04-30,0.03071019279956818,
2008-05-30,-0.09828386050462723,
2008-06-30,-0.016590183079242704,
2008-07-31,0.015437261223793028,
2008-08-29,-0.14487793012857436,
2008-09-30,-0.22894728249311447,
2008-10-31,-0.15192895156145098,
2008-11-28,0.08526925297677516,
2008-12-31,-0.09132086199522019,
2009-01-30,-0.11469231986999512,
2009-02-27,0.09976345640420914,
2009-03-31,0.1800806648731232,
2009-04-30,0.0992663142681122,
2009-05-29,-0.014092794775962827,
2009-06-30,0.10053984582424164,
2009-07-31,0.02275700533390045,
2009-08-31,0.07027744954824447,
2009-09-30,-0.040974612176418304,
2009-10-30,0.055755887329578396,
2009-11-30,0.050101904392242436,
2009-12-31,-0.048981525182724,
2010-01-29,0.046738008260726924,
2010-02-26,0.06966176187992096,
2010-03-31,0.02947423720359802,
2010-04-30,-0.09934252065420152,
2010-05-28,-0.059779645383358004,
2010-06-30,0.09606230175495148,
2010-07-30,-0.051945810139179226,
2010-08-31,0.10448918265104294,
2010-09-30,0.03499735802412033,
2010-10-29,0.024542118608951568,
2010-11-30,0.06459206295013428,
2010-12-31,0.014644769549369815,
2011-01-31,0.041925182998180384,
2011-02-28,0.01197105038166046,
2011-03-31,0.02589718174934387,
2011-04-29,-0.025232131123542785,
2011-05-31,-0.027051741421222686,
2011-06-30,-0.01818512034416199,
2011-07-29,-0.08995867210626601,
2011-08-31,-0.12192835813760758,
2011-09-30,0.11396952068805695,
2011-10-31,0.009918175876140595,
2011-11-30,0.012395731627941131,
2011-12-30,0.0616653573513031,
2012-01-31,0.038114623486995694,
2012-02-29,0.006419575989246369,
2012-03-30,-0.010778423845767974,
2012-04-30,-0.10285413247346878,-0.08424072648046205
2012-05-31,0.05536055600643158,0.06351162726454487
2012-06-29,-0.0006350552439689638,-0.002550659971382781
2012-07-31,0.030453356504440303,0.03290780319919265
2012-08-31,0.02629581010341644,0.031731840888202426
2012-09-28,-0.012513900101184845,-0.01653261022465674
2012-10-31,0.010502925753593444,0.016431291457251362
2012-11-30,0.04151590156555176,0.04543075620899712
2012-12-31,0.04715218782424927,0.047908057647248724
2013-01-31,-0.011666598975658417,0.000361818808915043
2013-02-28,0.04182439929246902,0.049558533391059124
2013-03-28,0.006021599829196931,-0.0005470604676021783
2013-04-30,0.030735654830932616,0.045403877292927386
2013-05-31,-0.018998626828193668,-0.0032560076457469446
2013-06-28,0.063787240087986,0.06674285801647296
2013-07-31,-0.023946441769599914,-0.03000556223385327
2013-08-30,0.03607750380039215,0.04152992385751891
2013-09-30,0.03234539955854416,0.03661687036713322
2013-10-31,0.018917405664920804,0.03389445087672528
2013-11-29,0.02236754447221756,0.02095571886441811
2013-12-31,-0.017520158648490908,-0.033002381623458005
2014-01-31,0.04635864663124085,0.03802029618226921
2014-02-28,0.006250972032546998,0.019415077354226793
2014-03-31,-0.016262876510620118,-0.020228554938165912
2014-04-30,0.015222434401512146,0.015767712502808773
2014-05-30,0.042093630015850064,0.03926481101592677
2014-06-30,-0.03669110143184662,-0.04122408337299259
2014-07-31,0.050144176185131076,0.04806420337367358
2014-08-29,-0.0528563682436943,-0.04543433164593723
2014-09-30,0.008883275747299194,0.0537728270337417
2014-10-31,0.00109976464509964,0.006943087842729356
2014-11-28,-0.0036298080325126653,0.02530821469095018
2014-12-31,-0.024232107758522036,-0.03450983458095126
2015-01-30,0.058831115365028386,0.05576911853208619
2015-02-27,-0.007691896617412568,0.0035976011019486645
2015-03-31,0.008787376165390014,-0.002322043697656039
2015-04-30,0.005351958811283112,0.011772768196139791
2015-05-29,-0.02109678107500076,-0.0020494456224385265
2015-06-30,-0.018900299966335295,-0.013968284489840447
2015-07-31,-0.08150199997425078,-0.07098449639794033
2015-08-31,-0.0381962119936943,-0.018159142317060534
2015-09-30,0.06126851612329483,0.06577760302747344
2015-10-30,0.0025778844952583308,0.016496168041723016
2015-11-30,-0.06233368957042694,-0.06211428674776588
2015-12-31,-0.07699695706367493,-0.05401734358450863
2016-01-29,0.02243302619457245,0.03062092673805084
2016-02-29,0.06079214447736741,0.06808591717186455
2016-03-31,0.037474177539348605,0.028137915746609315
2016-04-29,-0.006541125714778901,0.009084343473872887
2016-05-31,0.006991771042346956,0.0058673652489863795
2016-06-30,0.04271122884750367,0.04934040030566128
2016-07-29,0.004372867047786712,0.010903018255827223
2016-08-31,0.005665702819824219,-9.413216635045709e-05
2016-09-30,-0.0349008236527443,-0.028325257189437368
2016-10-31,0.0524050961136818,0.09594369958145449
2016-11-30,0.007569020509719849,0.03078062692992121
2016-12-30,0.023338998854160308,0.0032037914867469484
2017-01-31,0.027645715653896334,0.02395242290024439
2017-02-28,-0.009176603496074676,-0.01130452595710069
2017-03-31,0.0018127020001411438,0.009533842233774056
2017-04-28,-0.008389379680156708,-0.012757719504431008
2017-05-31,0.016941338360309602,0.02658446420026922
2017-06-30,0.020786342740058902,0.007575075173463445
2017-07-31,-0.01109467190504074,-0.022381046412241996
2017-08-31,0.028864367485046387,0.05414643352511275
2017-09-29,0.010800396978855133,0.013962377530178966
2017-10-31,0.029047933697700503,0.03019040571791785
