event_id,code,entry_idx,exit_idx,bought,sold,pnl,delisted
E8B-0000927653-0001193125-12-196072,MCK,6892,7144,0.5990971625016349,0.6173891890997123,0.018292026598077382,False
E8B-0001124804-0001193125-12-198159,MDRX,6892,7144,0.6303105302854715,0.6341809579062638,0.0038704276207923716,False
E8B-0000051644-0000903423-12-000247,IPG,6893,7145,0.42680258692381357,0.43790336590961854,0.011100778985804971,False
E8B-0000872448-0001104659-12-032032,ATML,6894,7146,0.37947470351456625,0.3755015176256328,-0.003973185888933473,False
E8B-0001058290-0001193125-12-213391,CTSH,6896,7148,0.305935727129274,0.3057478414381108,-0.0001878856911632365,False
E8B-0001000228-0001000228-12-000018,HSIC,6897,7149,0.23280087999167332,0.24880077002656173,0.015999890034888414,False
E8B-0001437107-0001181431-12-028274,DISCA,6897,7149,0.23970683597161982,0.26205841496663207,0.02235157899501225,False
E8B-0001010552-0001193125-12-226236,PLCM,6900,7152,0.25053901572595466,0.2479026898999434,-0.0026363258260112543,False
E8B-0000891288-0001193125-12-235671,QCOR,6903,7155,0.280222314590643,0.3154393642447087,0.03521704965406569,False
E8B-0001158449-0001158449-12-000059,AAP,6905,7157,0.20868363120563005,0.228022178362474,0.019338547156843938,False
E8B-0000106040-0001299933-12-001255,WDC,6906,7158,0.19199581565505072,0.23841769167160065,0.04642187601654993,False
E8B-0001018840-0001193125-12-241768,ANF,6907,7159,0.18589074027710303,0.19840277736218223,0.012512037085079197,False
E8B-0001357326-0001193125-12-241736,RVBD,6907,7159,0.21340104344675895,0.20670669385902418,-0.006694349587734766,False
E8B-0000098222-0001193125-12-244557,TDW,6909,7161,0.17073085860965825,0.1928762814623087,0.022145422852650448,False
E8B-0000768835-0000768835-12-000061,BIG,6912,7164,0.18424253165354082,0.20210274412989251,0.017860212476351695,False
E8B-0000898173-0001171843-12-002114,ORLY,6915,7167,0.1749180357056801,0.19024973877978962,0.015331703074109526,False
E8B-0000046640-0000046640-12-000029,HNZ,7032,7169,0.1197374070037139,0.1437375005965272,0.024000093592813312,True
E8B-0001043604-0001299933-12-001452,JNPR,6921,7173,0.18506710371516105,0.19825213325767974,0.013185029542518684,False
E8B-0001137774-0001193125-12-268298,PRU,6922,7174,0.160547137588412,0.19404856942133755,0.03350143183292556,False
E8B-0000091388-0000091388-12-000023,SFD_old,6923,7175,0.31504964193638063,6.969201051903132,6.654151409966752,False
E8B-0000816284-0001193125-12-269778,CELG,6923,7175,0.16685190210809464,0.21292392820505937,0.04607202609696473,False
E8B-0000056873-0001104659-12-043466,KR,6924,7176,0.15569765338087949,0.1861237337658836,0.030426080385004106,False
E8B-0000353944-0001437749-12-006104,IGT,6924,7176,0.16140308395119676,0.17958334584974633,0.01818026189854957,False
E8B-0001341439-0001193125-12-274031,ORCL,6926,7178,0.16581733632314039,0.17034865755133033,0.004531321228189944,False
E8B-0000912463-0001144204-12-036518,GES,6932,7184,0.16046601033433783,0.1860100212889618,0.02554401095462397,False
E8B-0001080099-0001080099-12-000013,INFA_old,6938,7190,0.1709753208565573,0.2058340600047923,0.03485873914823498,False
E8B-0000097745-0001193125-12-306156,TMO,6947,7199,0.15368426253761666,0.18926473389320228,0.03558047135558562,False
E8B-0000791915-0001193125-12-307241,CY,6948,7200,0.17211596534529758,0.19713697136623928,0.025021006020941705,False
E8B-0000068505-0001193125-12-313360,MSI,6951,7203,0.1651013521015411,0.1726427397558056,0.007541387654264514,False
E8B-0000768251-0000768251-12-000044,ALTR_old,6951,7203,0.16453351707267327,0.1736077041160863,0.009074187043413035,False
E8B-0000877890-0001157523-12-003852,CTXS,6952,7204,0.16954498814836086,0.1821745203936461,0.012629532245285235,False
E8B-0000889900-0001299933-12-001741,PTEN,6952,7204,0.1730805530169921,0.19233276498729232,0.01925221197030022,False
E8B-0001403161-0001193125-12-314435,V,6952,7204,0.1500115014718236,0.17788139277933096,0.02786989130750736,False
E8B-0000880266-0001193125-12-315836,AGCO,6953,7205,0.15787573699662322,0.17912103670687035,0.021245299710247134,False
E8B-0000910521-0001157523-12-003932,DECK,6953,7205,0.1955698652296901,0.23380753320567016,0.03823766797598005,False
E8B-0000712515-0001193125-12-325805,EA,6956,7208,0.16551740494187903,0.2264145294265585,0.06089712448467946,False
E8B-0000005513-0000005513-12-000025,UNM,6957,7209,0.15364753298381592,0.20036623084229369,0.046718697858477765,False
E8B-0000909954-0001157523-12-004125,GMCR,6957,7209,0.1769337427806906,0.2702049641526077,0.0932712213719171,False
E8B-0001430602-0001193125-12-330665,SNI,6958,7210,0.16134379478651947,0.18329383413445893,0.02195003934793946,False
E8B-0000008858-0001193125-12-342545,AVT,6961,7213,0.15870868936356644,0.18591649593191556,0.02720780656834912,False
E8B-0001486800-0001486800-12-000046,ONE,6961,7213,0.1927370450989316,0.19243028796106554,-0.0003067571378660705,False
E8B-0001115222-0001193125-12-344141,DNB_old,6962,7214,0.16290110964404708,0.19068048800858733,0.027779378364540253,False
E8B-0001043277-0001193125-12-350162,CHRW,6964,7216,0.17767610920122356,0.173219216942368,-0.004456892258855566,False
E8B-0000203527-0001144204-12-044635,VAR,6965,7217,0.1694697009029501,0.189552591834862,0.0200828909319119,False
E8B-0000865752-0000865752-12-000009,MNST,6965,7217,0.20668258252781582,0.2140707925707852,0.007388210042969384,False
E8B-0000035527-0001193125-12-363541,FITB,6971,7223,0.1513146867292775,0.17863496624343814,0.027320279514160634,False
E8B-0000724606-0000724606-12-000032,PNRA,6973,7225,0.17757896040823226,0.18197660905755733,0.00439764864932507,False
E8B-0000005272-0001193125-12-381770,AIG,6981,7233,0.1672154812292384,0.20318077151462066,0.035965290285382256,False
E8B-0000064803-0001193125-12-398494,CVS,6992,7244,0.16406610469154995,0.1816096514878559,0.01754354679630596,False
E8B-0000320187-0000320187-12-000148,NKE,6997,7249,0.1638218194946775,0.20347990350919373,0.03965808401451623,False
E8B-0000866787-0001171843-12-003502,AZO,6998,7250,0.17045712115548778,0.18314681040706218,0.012689689251574404,False
E8B-0000070318-0001104659-12-066816,THC,6999,7251,0.20320108166218173,0.25516249017699366,0.05196140851481193,False
E8B-0000077360-0001193125-12-411468,PNR,6999,7251,0.1580832642973586,0.19295050623868557,0.034867241941326954,False
E8B-0000717423-0001193125-12-424000,MUR,7009,7261,0.1725226597987044,0.19578841671959504,0.02326575692089064,False
E8B-0000203077-0000897101-12-001760,STJ,7010,7262,0.1603670424348793,0.20753288466706443,0.047165842232185146,False
E8B-0001058090-0001193125-12-427225,CMG,7012,7264,0.1635497791815869,0.22773481750822128,0.06418503832663439,False
E8B-0001170010-0001193125-12-427289,KMX,7012,7264,0.17279848388601543,0.20356065511831212,0.030762171232296687,False
E8B-0000764180-0000764180-12-000025,MO,7016,7268,0.17607350164911714,0.19229218579811255,0.01621868414899541,False
E8B-0000820027-0001104659-12-070838,AMP,7016,7268,0.15370195568715805,0.20200286354464045,0.048300907857482395,False
E8B-0000826083-0000826083-13-000024,DELL_old,7210,7269,0.12241106384411339,0.12434237564429297,0.0019313118001795804,True
E8B-0001365135-0001365135-12-000007,WU,7018,7270,0.18897141445357807,0.21568285547506102,0.026711441021482957,False
E8B-0000078003-0001157523-12-005612,PFE,7020,7272,0.1700576619472519,0.1950036191829405,0.024945957235688626,False
E8B-0000313927-0001193125-12-450515,CHD,7021,7273,0.17570933749985576,0.1977035094383602,0.021994171938504448,False
E8B-0000319201-0001181431-12-057669,KLAC,7025,7277,0.17945891531849367,0.2157988010462783,0.03633988572778463,False
E8B-0000899866-0000899866-12-000008,ALXN,7025,7277,0.2138054039502533,0.2398704097770541,0.026065005826800797,False
E8B-0000108772-0001193125-12-465514,XRX,7027,7279,0.1761433433545408,0.224197371140439,0.04805402778589821,False
E8B-0001002047-0001102624-12-000925,NTAP,7029,7281,0.1821320011796335,0.20732003573037747,0.025188034550743976,False
E8B-0001326380-0001157523-12-006091,GME,7030,7282,0.19857769647280657,0.27186299309997247,0.0732852966271659,False
E8B-0000829224-0000829224-12-000005,SBUX,7031,7283,0.17622145700703912,0.21877364539184613,0.04255218838480701,False
E8B-0000865436-0001171843-12-004222,WFM,7032,7284,0.18689948773958762,0.20763243118485947,0.02073294344527185,False
E8B-0000772406-0001157523-12-006165,CRUS,7033,7285,0.2733867749531879,0.24194493298025418,-0.03144184197293373,False
E8B-0001466258-0001193125-12-496101,TT,7045,7297,0.16855923835561196,0.20809074689162674,0.03953150853601478,False
E8B-0000816761-0001193125-12-497099,TDC,7046,7298,0.24746888250965285,0.2159424046779073,-0.03152647783174556,False
E8B-0000026172-0000026172-12-000029,CMI,7048,7300,0.18174695700761875,0.20726990716241944,0.02552295015480069,False
E8B-0000804753-0000804753-12-000013,CERN,7048,7300,0.185397902281362,0.30636654595082413,0.12096864366946214,False
E8B-0001491675-0001491675-12-000062,CCE,7052,7304,0.1811289366179715,0.21126749045261067,0.030138553834639176,False
E8B-0000039911-0000039911-13-000002,GPS,7062,7314,0.19038139250461356,0.20805558805773872,0.01767419555312516,False
E8B-0001123360-0001193125-13-006826,GPN,7065,7317,0.18145369555212337,0.21199387655401425,0.030540181001890876,False
E8B-0000820313-0001104659-13-003106,APH,7072,7324,0.18305596797122597,0.21277252149929235,0.029716553528066375,False
E8B-0000034408-0000034408-13-000006,FDO,7075,7327,0.19786769599906814,0.20591065289611696,0.008042956897048814,False
E8B-0000079958-0000079958-13-000003,PCP,7075,7327,0.1774698619345576,0.20705601934351608,0.02958615740895848,False
E8B-0000320345-0001144204-13-003835,MCRS,7076,7328,0.1817053113300235,0.20400233294312028,0.022297021613096796,False
E8B-0000059478-0000059478-13-000004,LLY,7078,7330,0.1999477189358094,0.20791749493134792,0.007969775995538525,False
E8B-0000885725-0000885725-13-000004,BSX,7078,7330,0.18557380073511842,0.24243242842691376,0.05685862769179534,False
E8B-0001510295-0001193125-13-029049,MPC,7079,7331,0.23012125247622164,0.258427535945547,0.028306283469325372,False
E8B-0001082554-0001104659-13-006932,UTHR,7082,7334,0.18890987741961468,0.2492786580454839,0.06036878062586923,False
E8B-0001032033-0001193125-13-038832,SLM,7084,7336,0.1908306114623753,0.21430922243193795,0.023478610969562663,False
E8B-0000745732-0001206774-13-000488,ROST,7085,7337,0.1972358253889059,0.21254277718476905,0.015306951795863138,False
E8B-0000920148-0000920148-13-000014,LH,7086,7338,0.19144482465498783,0.19014300047541072,-0.0013018241795771102,False
E8B-0001468516-0001193125-13-047254,AOL,7087,7339,0.2251558169428855,0.2583113302030907,0.033155513260205216,False
E8B-0000915913-0001193125-13-051741,ALB,7089,7341,0.1886912240335606,0.19137009551353115,0.0026788714799705626,False
E8B-0000077476-0001193125-13-057536,PEP,7090,7342,0.1812765356170713,0.19147327297553277,0.010196737358461466,False
E8B-0000316206-0001299933-13-000300,HOT,7090,7342,0.1805382338975704,0.2019188794361125,0.021380645538542103,False
E8B-0001465112-0001157523-13-000775,DTV_old,7091,7343,0.18898921086617076,0.22305863905233334,0.03406942818616257,False
E8B-0001048286-0001193125-13-065389,MAR,7093,7345,0.1775869892060032,0.20290910432075535,0.02532211511475216,False
E8B-0001121788-0001144204-13-010136,GRMN,7094,7346,0.18091513264317052,0.2264240469243078,0.045508914281137264,False
E8B-0000060667-0000060667-13-000018,LOW,7096,7348,0.1866410916915821,0.209788788596914,0.023147696905331888,False
E8B-0000097476-0000097476-13-000011,TXN,7096,7348,0.16748962974110213,0.1956981443362551,0.028208514595152973,False
E8B-0000354950-0000354950-13-000003,HD,7097,7349,0.17653743092017407,0.1970243969366863,0.02048696601651223,False
E8B-0000857737-0001193125-13-074289,ICON_old,7097,7349,0.18321122268125556,0.23284735652009522,0.04963613383883966,False
E8B-0000072333-0000072333-13-000003,JWN,7100,7352,0.1781844320878509,0.18962823239753845,0.011443800309687557,False
E8B-0000897429-0001193125-13-084293,CHS,7100,7352,0.20309523914808317,0.2006699066947269,-0.0024253324533562715,False
E8B-0001532063-0001193125-13-095034,ESRX,7105,7357,0.19101112195979414,0.2191880857430373,0.028176963783243164,False
E8B-0001089063-0001104659-13-019027,DKS,7106,7358,0.19043127817679187,0.2077896786523624,0.017358400475570523,False
E8B-0000036104-0001299933-13-000501,USB,7110,7362,0.17037549144456823,0.19340766454150854,0.023032173096940306,False
E8B-0000091576-0001193125-13-107809,KEY,7110,7362,0.17703959308988337,0.21099209637039518,0.0339525032805118,False
E8B-0001103982-0001181431-13-016825,MDLZ,7110,7362,0.1859883223627383,0.20719398896768662,0.021205666604948326,False
E8B-0001393612-0001193125-13-109868,DFS,7111,7363,0.18089334258754608,0.20925013023932257,0.02835678765177649,False
E8B-0000719955-0001193125-13-115118,WSM,7113,7365,0.17744494657602095,0.21100146159021083,0.03355651501418988,False
E8B-0001281761-0001193125-13-115230,RF,7113,7365,0.18569359864008472,0.21375939502753238,0.02806579638744766,False
E8B-0001035267-0001193125-13-117818,ISRG,7114,7366,0.23314639600150752,0.22760838516618437,-0.005538010835323154,False
E8B-0000929887-0000929887-13-000013,APOL,7116,7368,0.21777942785434853,0.28372535041594454,0.06594592256159601,False
E8B-0000004962-0000004962-13-000022,AXP,7117,7369,0.1730696677287397,0.20461299478725373,0.03154332705851404,False
E8B-0001087423-0001193125-13-154979,RHT,7131,7383,0.21549062351059592,0.21758046475306247,0.0020898412424665558,False
E8B-0000277948-0000277948-13-000014,CSX,7132,7384,0.184936285233926,0.20043671271365626,0.015500427479730267,False
E8B-0001048695-0001193125-13-170403,FFIV,7138,7390,0.21505729093865814,0.2516599612955457,0.03660267035688755,False
E8B-0000908255-0000908255-13-000019,BWA,7139,7391,0.17322742471265243,0.2199620322996569,0.046734607587004484,False
E8B-0001085280-0001085280-13-000091,TIBX,7140,7392,0.21647971999995108,0.21197716026326413,-0.004502559736686951,False
E8B-0000037785-0000037785-13-000012,FMC,7142,7394,0.183701889492,0.21362602175221657,0.029924132260216563,False
E8B-0000789073-0001193125-13-325593,BEAM_old,7211,7394,0.1754644127713733,0.2038566082287293,0.028392195457355995,True
E8B-0000055067-0001193125-13-194196,K,7143,7395,0.1867441523206202,0.1911279152838303,0.004383762963210108,False
E8B-0001265888-0001193125-13-196088,NSR_old,7144,7396,0.2619422281214851,0.21021712401104586,-0.051725104110439235,False
E8B-0001060822-0001060822-13-000017,CRI,7149,7401,0.2027994415036389,0.2117091500931689,0.008909708589529997,False
E8B-0001090872-0001090872-13-000009,A,7152,7404,0.19791968307539892,0.2198437653014093,0.02192408222601039,False
E8B-0001305014-0001305014-13-000073,ASH,7152,7404,0.1853004720075072,0.2042516927641283,0.01895122075662109,False
E8B-0001095073-0001095073-13-000060,EG,7153,7405,0.18783836297950576,0.20677964149666833,0.01894127851716257,False
E8B-0001489393-0001193125-13-236119,LYB,7160,7412,0.1800008226910948,0.22544626226800552,0.04544543957691072,False
E8B-0000790070-0000790070-13-000059,EMC_old,7162,7414,0.19406211209126625,0.20135816973248766,0.007296057641221404,False
E8B-0001341439-0001193125-13-265781,ORCL,7178,7430,0.17017718166440005,0.20093744155986945,0.030760259895469405,False
E8B-0001018840-0001018840-13-000021,ANF,7179,7431,0.2514467454558406,0.255892069142975,0.004445323687134406,False
E8B-0000038074-0001193125-13-458550,FRX_old,7292,7436,0.16086152059422243,0.22487707770344623,0.0640155571092238,True
E8B-0001043604-0001193125-13-298913,JNPR,7200,7452,0.23122801397078763,0.2372492268055719,0.0060212128347842675,False
E8B-0001137789-0001104659-13-056052,STX,7200,7452,0.2039904933932004,0.24499411932354895,0.041003625930348536,False
E8B-0000822416-0000822416-13-000035,PHM,7201,7453,0.22904625645703294,0.24542467392803455,0.016378417471001605,False
E8B-0001037646-0001037646-13-000019,MTD,7202,7454,0.20316183555244882,0.22261783884737296,0.01945600329492414,False
E8B-0001534701-0001157523-13-003719,PSX,7206,7458,0.1985846843994398,0.23015000666251706,0.03156532226307726,False
E8B-0000046080-0000046080-13-000077,HAS,7207,7459,0.21077252803983335,0.22029376838697193,0.009521240347138582,False
E8B-0000817720-0001193125-13-315111,SYNA,7207,7459,0.26297614461645263,0.3396037786684538,0.07662763405200118,False
E8B-0001057758-0001057758-13-000034,TWTC,7211,7463,0.20399762805395505,0.23511354752838876,0.031115919474433706,False
E8B-0001357326-0001193125-13-338835,RVBD,7218,7470,0.22956468011696934,0.24289314873789294,0.0133284686209236,False
E8B-0001022079-0001022079-13-000062,DGX,7222,7474,0.21203248210831319,0.22273644214304697,0.010703960034733784,False
E8B-0000890319-0000890319-13-000138,TCO,7223,7475,0.20658038262157005,0.22907111792478113,0.02249073530321108,False
E8B-0001043277-0001193125-13-345894,CHRW,7223,7475,0.20199004510017923,0.2253022057070184,0.02331216060683916,False
E8B-0000768251-0000768251-13-000038,ALTR_old,7226,7478,0.2210218369396584,0.22324030016308277,0.002218463223424366,False
E8B-0000801898-0001140361-13-034403,JOY,7226,7478,0.20440737857531127,0.235305740695957,0.030898362120645728,False
E8B-0000912615-0001193125-13-350594,URBN,7226,7478,0.2334481592931667,0.23115706014596288,-0.0022910991472038233,False
E8B-0000889900-0001299933-13-001627,PTEN,7232,7484,0.1960789697333034,0.24961178114522597,0.053532811411922565,False
E8B-0001121484-0001437749-13-011718,OIS,7232,7484,0.21201588710559294,0.2289022881803904,0.01688640107479747,False
E8B-0000935703-0000935703-13-000045,DLTR,7239,7491,0.22142412861558103,0.22058843002681242,-0.000835698588768613,False
E8B-0001467373-0001467373-13-000438,ACN,7246,7498,0.19705794507657087,0.20431822635894167,0.007260281282370801,False
E8B-0000886835-0001193125-13-398890,SPN,7258,7510,0.2060743983365387,0.20288049024681667,-0.0031939080897220307,False
E8B-0001067701-0001193125-13-401384,URI,7260,7512,0.20435679079035624,0.26592278585630597,0.06156599506594973,False
E8B-0000086312-0001104659-13-076857,TRV,7263,7515,0.19559499237295963,0.20593401208986334,0.010339019716903708,False
E8B-0000936468-0001144204-13-056178,LMT,7263,7515,0.17833130086719257,0.21121734501378103,0.03288604414658847,False
E8B-0000024741-0001299933-13-001832,GLW,7264,7516,0.2004369877183481,0.2069280587832747,0.006491071064926607,False
E8B-0000040533-0001193125-13-407428,GD,7264,7516,0.17902853179806785,0.22142957660489912,0.04240104480683127,False
E8B-0000877890-0001157523-13-004856,CTXS,7265,7517,0.22949784266006734,0.23782333452153395,0.00832549186146661,False
E8B-0000941548-0001140361-13-039420,CAM_old,7265,7517,0.21357949096098647,0.2180165057825368,0.004437014821550345,False
E8B-0001086222-0001266432-13-000096,AKAM,7265,7517,0.21870168456581907,0.2359692971624859,0.017267612596666843,False
E8B-0001385157-0001104659-13-078938,TEL,7269,7521,0.2066095154458762,0.21921822930270507,0.01260871385682888,False
E8B-0000721371-0000721371-13-000177,CAH,7270,7522,0.19447719824108195,0.23200872100585038,0.03753152276476843,False
E8B-0001060391-0001060391-13-000044,RSG,7271,7523,0.19068811665632412,0.20445690438322606,0.013768787726901932,False
E8B-0001045810-0001045810-13-000104,NVDA,7276,7528,0.20679314188151188,0.2390354673208625,0.03224232543935063,False
E8B-0000859737-0001144204-13-060155,HOLX,7278,7530,0.21231496973192987,0.24709134382146036,0.03477637408953049,False
E8B-0000931336-0001193125-13-437061,DF,7278,7530,0.25035732083682827,0.2400978786705042,-0.010259442166324073,False
E8B-0000858877-0001193125-13-440194,CSCO,7280,7532,0.19864593689422197,0.22611602671646125,0.02747008982223928,False
E8B-0000203527-0001144204-13-062594,VAR,7283,7535,0.20425804962830701,0.22325159851551,0.018993548887202977,False
E8B-0001011006-0001193125-13-447085,YHOO,7284,7536,0.22286928540996875,0.2653778187310636,0.04250853332109483,False
E8B-0000909954-0001157523-13-005572,GMCR,7285,7537,0.2507679931332108,0.34221999317693574,0.09145200004372495,False
E8B-0000053669-0000053669-13-000025,JCI,7286,7538,0.19544256338827873,0.2124969237554819,0.017054360367203175,False
E8B-0000100885-0001193125-13-449751,UNP,7286,7538,0.17930649824777334,0.22718366201697593,0.04787716376920259,False
E8B-0001326380-0001157523-13-005590,GME,7286,7538,0.2808789615531789,0.26311912852542013,-0.017759833027758742,False
E8B-0000029534-0001157523-13-005697,DG,7294,7546,0.21777719341785626,0.23641843638055626,0.018641242962700005,False
E8B-0000315189-0001104659-13-088267,DE,7294,7546,0.20538854648635826,0.21375644875701236,0.008367902270654093,False
E8B-0001050915-0001193125-13-466773,PWR,7297,7549,0.214827354161291,0.21466345763527786,-0.00016389652601314642,False
E8B-0000097216-0000097216-13-000238,TEX,7298,7550,0.2814272203109164,0.24499936610462208,-0.0364278542062943,False
E8B-0000038777-0001193125-13-469528,BEN,7299,7551,0.19996880445979215,0.20558500484551714,0.005616200385724995,False
E8B-0000874761-0001193125-13-472425,AES,7300,7552,0.22380302233220933,0.22729736609445758,0.0034943437622482476,False
E8B-0000005513-0001193125-13-472568,UNM,7301,7553,0.2127274601223573,0.2076161623119958,-0.005111297810361487,False
E8B-0000804753-0000804753-13-000049,CERN,7301,7553,0.21196645282490217,0.2265252253460265,0.014558772521124336,False
E8B-0000012927-0000012927-13-000047,BA,7302,7554,0.2180712527982636,0.20958721814607478,-0.008484034652188804,False
E8B-0000064803-0000064803-13-000033,CVS,7303,7555,0.18631028309527775,0.22677141127209982,0.04046112817682207,False
E8B-0000866787-0001171843-13-005080,AZO,7304,7556,0.19840911155668328,0.229050682359213,0.030641570802529716,False
E8B-0001491675-0001491675-13-000055,CCE,7305,7557,0.21087114679048613,0.21991735890388409,0.009046212113397956,False
E8B-0001065088-0001065088-14-000004,EBAY,7326,7578,0.22583638437615874,0.23009712875057603,0.004260744374417286,False
E8B-0000018230-0001104659-14-004203,CAT,7329,7581,0.21853289164074413,0.20495236517329019,-0.013580526467453946,False
E8B-0001166691-0001104659-14-004395,CMCSA,7329,7581,0.21440002599699284,0.223122585795988,0.008722559798995166,False
E8B-0000823094-0000823094-14-000004,BID,7330,7582,0.24797405548310233,0.24445214293090367,-0.003521912552198664,False
E8B-0001166126-0001166126-14-000005,JCP,7330,7582,0.3452076029381846,0.38593747766670367,0.04072987472851908,False
E8B-0000350698-0000350698-14-000011,AN,7331,7583,0.1877297272506891,0.21276950015579835,0.025039772905109253,False
E8B-0001136893-0001136893-14-000005,FIS,7334,7586,0.1882474461982001,0.21988603140842972,0.03163858521022961,False
E8B-0001037038-0000950142-14-000264,RL,7335,7587,0.22233546090091263,0.20506516385232434,-0.01727029704858829,False
E8B-0001105705-0001193125-14-036007,TWX,7335,7587,0.21212413270170893,0.25122146667861156,0.039097333976902626,False
E8B-0001108827-0001108827-14-000007,QEP,7335,7587,0.3014504751744791,0.2725865173075339,-0.028863957866945178,False
E8B-0001466258-0001466258-14-000004,TT,7335,7587,0.19668425512867602,0.21354962872807204,0.016865373599396022,False
E8B-0000898173-0000898173-14-000038,ORLY,7337,7589,0.1861347243607015,0.22478289389828787,0.038648169537586374,False
E8B-0001285785-0001193125-14-044352,MOS,7339,7591,0.20118031916383416,0.21251191117722668,0.01133159201339251,False
E8B-0001365135-0001365135-14-000010,WU,7340,7592,0.21119668775777273,0.2279560540217133,0.01675936626394056,False
E8B-0001437107-0001437107-14-000011,DISCA,7341,7593,0.2723415159008912,0.24308284332820676,-0.029258672572684413,False
E8B-0000005272-0001193125-14-051411,AIG,7342,7594,0.2040152809194846,0.2165566924613181,0.012541411541833497,False
E8B-0000051644-0000051644-14-000003,IPG,7343,7595,0.21054677299716365,0.2474837022825816,0.036936929285417947,False
E8B-0000797468-0000797468-14-000007,OXY,7343,7595,0.22847387630349297,0.22062318078393175,-0.007850695519561218,False
E8B-0000006281-0001157523-14-000669,ADI,7344,7596,0.21743493397282676,0.23738975801009615,0.019954824037269392,False
E8B-0001396033-0001144204-14-010441,LL,7344,7596,0.3097308539885799,0.27741632067113425,-0.03231453331744566,False
E8B-0001048286-0001193125-14-058917,MAR,7345,7597,0.18678373406665472,0.24596841081685153,0.05918467675019681,False
E8B-0000916365-0000916365-14-000062,TSCO,7348,7600,0.22412481929919836,0.2597808435006119,0.03565602420141356,False
E8B-0000060667-0000060667-14-000019,LOW,7350,7602,0.19328084063889775,0.24055158489632356,0.047270744257425806,False
E8B-0000943819-0001193125-14-072273,RMD,7351,7603,0.21675378632103795,0.26706561125352535,0.0503118249324874,False
E8B-0001357615-0001193125-14-073687,KBR,7351,7603,0.2975265637889128,0.23953401212755443,-0.05799255166135836,False
E8B-0000857737-0001193125-14-080287,ICON_old,7353,7605,0.250543171042697,0.2283080770435287,-0.022235093999168315,False
E8B-0000732712-0001193125-14-089313,VZ,7357,7609,0.22369515325115147,0.23222512903870599,0.008529975787554517,False
E8B-0001457543-0001502823-14-000037,CFN,7463,7614,0.17459626191624716,0.21581256142346053,0.041216299507213366,True
E8B-0000035527-0001193125-14-110314,FITB,7367,7619,0.23473950295229096,0.21643035479631775,-0.018309148155973204,False
E8B-0000098246-0000098246-14-000086,TIF,7367,7619,0.230171208604955,0.22913454027477745,-0.0010366683301775426,False
E8B-0000019617-0000019617-14-000310,JPM,7370,7622,0.21557078598629212,0.21892173658233355,0.00335095059604143,False
E8B-0000036104-0001299933-14-000470,USB,7370,7622,0.20905058159376508,0.21219078790305043,0.003140206309285354,False
E8B-0000070858-0000070858-14-000035,BAC,7370,7622,0.23659281798801107,0.22566806574945808,-0.010924752238552993,False
E8B-0000927628-0001193125-14-116598,COF,7370,7622,0.2062256739957018,0.2122576392449064,0.006031965249204602,False
E8B-0001170010-0001170010-14-000006,KMX,7376,7628,0.20382135138130644,0.2647331644386288,0.06091181305732238,False
E8B-0000106640-0001193125-14-144325,WHR,7384,7636,0.22148979315520112,0.24964856247462655,0.02815876931942543,False
E8B-0000713676-0001193125-14-144978,PNC,7384,7636,0.2062825253254919,0.22029247978089014,0.014009954455398238,False
E8B-0001506307-0001506307-14-000023,KMI,7385,7637,0.2280566201159727,0.27024451055723486,0.04218789044126217,False
E8B-0001058090-0001193125-14-147184,CMG,7386,7638,0.22691709705744653,0.2629144660321212,0.035997368974674676,False
E8B-0000816284-0001104659-14-029716,CELG,7389,7641,0.22001216533145723,0.2787871721129654,0.058775006781508154,False
E8B-0001097149-0001102624-14-000614,ALGN,7389,7641,0.24627326129677918,0.27117915637086737,0.02490589507408819,False
E8B-0001281761-0001281761-14-000025,RF,7390,7642,0.23490103456952888,0.23158926376805147,-0.003311770801477404,False
E8B-0000820027-0001104659-14-031270,AMP,7392,7644,0.2091007063700996,0.229166063576125,0.020065357206025425,False
E8B-0000041719-0001299933-14-000682,GLT,7395,7647,0.24411475840747524,0.23982156742521912,-0.004293190982256112,False
E8B-0000027904-0001019687-14-001660,DAL,7398,7650,0.2650495423121159,0.28810710734084605,0.02305756502873013,False
E8B-0000712515-0000712515-14-000017,EA,7398,7650,0.2137854697105699,0.29221965030576674,0.07843418059519686,False
E8B-0000945436-0000945436-14-000070,SUNE_old,7400,7652,0.317208167104329,0.3971923472431759,0.07998418013884695,False
E8B-0000356028-0001157523-14-002186,CA_old,7404,7656,0.23175442502128749,0.24365999403979047,0.011905569018502982,False
E8B-0000717423-0001193125-14-200166,MUR,7404,7656,0.30304098269658075,0.27135127773599477,-0.031689704960585985,False
E8B-0001000697-0001193125-14-202590,WAT,7406,7658,0.22010860204001165,0.2506966337726937,0.03058803173268204,False
E8B-0000724606-0000724606-14-000018,PNRA,7419,7671,0.2601783988312965,0.28138777625604233,0.021209377424745823,False
E8B-0001137774-0001193125-14-232088,PRU,7422,7674,0.23704372557951112,0.24505498295480502,0.008011257375293901,False
E8B-0001468516-0001193125-14-399686,AOL,7526,7682,0.2131791226019383,0.24673494455520123,0.033555821953262926,True
E8B-0001082554-0001104659-14-048832,UTHR,7434,7686,0.26433335815253073,0.35071591945760533,0.0863825613050746,False
E8B-0000319201-0000319201-14-000020,KLAC,7441,7693,0.24382842487427248,0.23969922794437862,-0.004129196929893858,False
E8B-0000045012-0000045012-14-000275,HAL,7450,7702,0.32188325703356874,0.27216625193435107,-0.04971700509921767,False
E8B-0000200406-0000200406-14-000087,JNJ,7450,7702,0.21582083199946278,0.21732151741574338,0.001500685416280595,False
E8B-0000764180-0000764180-14-000057,MO,7450,7702,0.21770337754741148,0.2524149879542742,0.034711610406862714,False
E8B-0000813672-0000813672-14-000019,CDNS,7450,7702,0.22525742283975378,0.2500490623751528,0.024791639535399007,False
E8B-0000790070-0000790070-14-000087,EMC_old,7451,7703,0.25057042632043397,0.23811929557727093,-0.012451130743163036,False
E8B-0000352915-0001193125-14-279708,UHS,7453,7705,0.2202518643873178,0.2601510079910148,0.03989914360369701,False
E8B-0001099800-0001104659-14-054433,EW,7456,7708,0.21040481251007492,0.27350522574333314,0.06310041323325821,False
E8B-0001123360-0001123360-14-000032,GPN,7456,7708,0.20529232511155981,0.26118336739694015,0.05589104228538033,False
E8B-0001510295-0001193125-14-288249,MPC,7457,7709,0.24761724215656725,0.2863766134848171,0.03875937132824983,False
E8B-0000316206-0001299933-14-001190,HOT,7459,7711,0.22770708759069533,0.2329355402413622,0.005228452650666876,False
E8B-0001058290-0001193125-14-296811,CTSH,7461,7713,0.2061226749226504,0.262230604232344,0.056107929309693605,False
E8B-0000030697-0001193125-14-299397,WEN,7462,7714,0.2364899085391502,0.2683164269251368,0.0318265183859866,False
E8B-0001324404-0001104659-14-057620,CF,7462,7714,0.2411731528216364,0.27479062920585495,0.03361747638421855,False
E8B-0001080099-0001080099-14-000024,INFA_old,7517,7714,0.19238857153841044,0.24352535704848347,0.05113678551007303,True
E8B-0000864749-0001193125-14-306509,TRMB,7466,7718,0.2813120988014037,0.21527719367203288,-0.0660349051293708,False
E8B-0000106535-0000106535-14-000054,WY,7467,7719,0.22656109467259705,0.22351440029882458,-0.003046694373772474,False
E8B-0000079958-0000079958-14-000036,PCP,7468,7720,0.2545925902233784,0.25457123084708577,-2.1359376292606758e-05,False
E8B-0000072333-0000072333-14-000142,JWN,7482,7734,0.22811265960385757,0.23472894158008614,0.006616281976228572,False
E8B-0001341439-0001193125-14-345688,ORCL,7492,7744,0.2229105411439324,0.21264999804087517,-0.01026054310305724,False
E8B-0001137411-0001137411-14-000107,COL,7493,7745,0.22050193853357675,0.22509867691116434,0.004596738377587589,False
E8B-0001021860-0001193125-14-359110,NOV,7500,7752,0.3317080434478729,0.2582533579405316,-0.0734546855073413,False
E8B-0000039911-0000039911-14-000156,GPS,7512,7764,0.24871187158916144,0.2151243563601726,-0.03358751522898884,False
E8B-0000001800-0001104659-14-072891,ABT,7516,7768,0.21572230922362196,0.22429199271264016,0.00856968348901821,False
E8B-0000822416-0000822416-14-000039,PHM,7516,7768,0.25584943184891584,0.25268125505027494,-0.003168176798640898,False
E8B-0001492633-0001564590-14-004431,NLSN,7516,7768,0.22365659189766005,0.24775919442797584,0.024102602530315792,False
E8B-0000723125-0000723125-14-000193,MU,7519,7771,0.3447869076415315,0.26860290172228657,-0.07618400591924496,False
E8B-0000076334-0000076334-14-000130,PH,7520,7772,0.23773543081550225,0.21867286923688609,-0.01906256157861616,False
E8B-0000078003-0000078003-14-000043,PFE,7520,7772,0.21262540987143558,0.23669572338772527,0.024070313516289688,False
E8B-0000800459-0001193125-14-388325,HAR,7521,7773,0.2950946906437636,0.2984733715225147,0.0033786808787510947,False
E8B-0001403161-0001193125-14-387186,V,7521,7773,0.2030347596192614,0.24275516959180812,0.03972040997254672,False
E8B-0001551152-0001104659-14-075412,ABBV,7522,7774,0.24468036084842598,0.25038446389316515,0.005704103044739173,False
E8B-0000068505-0001193125-14-395045,MSI,7524,7776,0.22102500924555873,0.2292736217286544,0.008248612483095663,False
E8B-0000108772-0001193125-14-407813,XRX,7530,7782,0.24794311208853942,0.21678506274265238,-0.031158049345887034,False
E8B-0000814453-0000814453-14-000148,NWL,7532,7784,0.201108521137268,0.22923845591310016,0.02812993477583217,False
E8B-0000861361-0000947871-14-000703,BEAV,7532,7784,0.2603471267206082,0.24145472994092063,-0.018892396779687598,False
E8B-0000883569-0001104659-14-080235,FOSL,7532,7784,0.3201808742772312,0.19075952939306676,-0.12942134488416443,False
E8B-0001124198-0001104659-14-081508,FLR,7534,7786,0.2636686983784004,0.23024668172140428,-0.03342201665699612,False
E8B-0001555280-0001555280-14-000350,ZTS,7534,7786,0.25856646884587886,0.26615110479329257,0.007584635947413709,False
E8B-0001095073-0001095073-14-000049,EG,7536,7788,0.21278955567189625,0.22480144041798675,0.012011884746090495,False
E8B-0001099219-0001193125-14-440610,MET,7551,7803,0.2223096284472188,0.2118960995405268,-0.010413528906692004,False
E8B-0000886835-0001193125-14-441356,SPN,7552,7804,0.35463445275407407,0.3396827588698873,-0.014951693884186767,False
E8B-0000899866-0000899866-14-000262,ALXN,7552,7804,0.2779662726990087,0.28108124209767477,0.0031149693986660676,False
E8B-0001090425-0001193125-14-441320,LAMR,7552,7804,0.21170852636570375,0.22898194474257696,0.017273418376873212,False
E8B-0000816761-0001193125-14-448163,TDC,7557,7809,0.2871243351825061,0.2285177319262096,-0.05860660325629646,False
E8B-0000203077-0001104659-15-002249,STJ,7573,7825,0.22570797578107266,0.20825131218214676,-0.017456663598925892,False
E8B-0000815556-0000815556-15-000008,FAST,7573,7825,0.23855187232634245,0.2155380666490248,-0.023013805677317645,False
E8B-0000087347-0001193125-15-011936,SLB,7574,7826,0.2520288908525105,0.23649882834960986,-0.015530062502900649,False
E8B-0000820313-0001104659-15-003575,APH,7577,7829,0.2191576458433823,0.20991686499070214,-0.009240780852680153,False
E8B-0001048695-0001628280-15-000184,FFIV,7577,7829,0.22791867303534327,0.21473774523244457,-0.013180927802898701,False
E8B-0001567892-0001567892-15-000002,MNK_old,7579,7831,0.34146974794999563,0.29541831375822825,-0.04605143419176738,False
E8B-0001385157-0001104659-15-004867,TEL,7581,7833,0.2162049449784991,0.20251562381739027,-0.013689321161108825,False
E8B-0000056047-0001140361-15-003054,KEX,7582,7834,0.2756537953393283,0.23181897718161731,-0.04383481815771101,False
E8B-0000320193-0001193125-15-023732,AAPL,7582,7834,0.22795220613849193,0.21175033274980615,-0.016201873388685784,False
E8B-0000704051-0000704051-15-000010,LM,7583,7835,0.25933590700107945,0.2005392318571538,-0.05879667514392564,False
E8B-0001009672-0001193125-15-024798,CRR,7583,7835,0.4677994374314354,0.4133938564076928,-0.054405581023742655,False
E8B-0000313927-0001140361-15-003648,CHD,7585,7837,0.19623665891325448,0.20452648911211566,0.008289830198861176,False
E8B-0001035267-0001035267-15-000012,ISRG,7585,7837,0.23378142098164417,0.2428666091676974,0.009085188186053222,False
E8B-0000106040-0001193125-15-032071,WDC,7586,7838,0.30884267598406645,0.23633409076636602,-0.07250858521770043,False
E8B-0000860730-0001193125-15-030539,HCA,7586,7838,0.23803972829317474,0.24899394532312144,0.0109542170299467,False
E8B-0001324424-0001193125-15-035420,EXPE,7588,7840,0.24227635382851867,0.2767912948737558,0.03451494104523714,False
E8B-0001604778-0001604778-15-000014,QRVO,7588,7840,0.3738840191326692,0.3266349408244626,-0.04724907830820663,False
E8B-0000046080-0000046080-15-000013,HAS,7589,7841,0.2158591563415356,0.2511397032917198,0.035280546950184205,False
E8B-0000062996-0001104659-15-007560,MAS,7589,7841,0.22972599862366397,0.24100844965563603,0.011282451031972063,False
E8B-0000024545-0001157523-15-000484,TAP,7590,7842,0.22163969193098262,0.2377385683599808,0.016098876428998182,False
E8B-0000908255-0000908255-15-000010,BWA,7593,7845,0.29838820774369973,0.23682050865243165,-0.06156769909126808,False
E8B-0001121788-0001144204-15-010507,GRMN,7596,7848,0.24169898362625175,0.2170539047225566,-0.02464507890369516,False
E8B-0000354950-0000354950-15-000006,HD,7599,7851,0.20845640060392828,0.2177225988823203,0.009266198278392007,False
E8B-0001166691-0001104659-15-013199,CMCSA,7599,7851,0.21916175187027837,0.22001118312084986,0.0008494312505714918,False
E8B-0000031462-0001104659-15-013272,ECL,7600,7852,0.22314868184003453,0.2164198052087871,-0.006728876631247438,False
E8B-0000745732-0000745732-15-000006,ROST,7602,7854,0.21648188037072472,0.22532301428209528,0.008841133911370563,False
E8B-0000912615-0001193125-15-065830,URBN,7602,7854,0.29876480968062663,0.2541156067310386,-0.04464920294958802,False
E8B-0000909954-0001104659-15-056489,GMCR,7713,7857,0.23752648838185467,0.3170453292917369,0.07951884090988223,True
E8B-0001467858-0001467858-15-000087,GM,7609,7861,0.25779049366532025,0.24221357600784021,-0.015576917657480038,False
E8B-0000768835-0000768835-15-000005,BIG,7610,7862,0.2694002743888969,0.2652417808912908,-0.004158493497606108,False
E8B-0000866787-0001171843-15-001601,AZO,7620,7872,0.20919735570068296,0.23111259939623485,0.021915243695551895,False
E8B-0001087423-0001157523-15-001013,RHT,7621,7873,0.23120686373925492,0.2377152442537636,0.006508380514508694,False
E8B-0001011006-0001193125-15-107195,YHOO,7622,7874,0.2869634373312769,0.2596478505405398,-0.02731558679073709,False
E8B-0001265888-0001265888-15-000013,NSR_old,7622,7874,0.30372595156454685,0.3344890825521393,0.03076313098759248,False
E8B-0001063761-0001104659-15-025410,SPG,7627,7879,0.22375053579941345,0.23039647705829763,0.00664594125888418,False
E8B-0001037868-0001299933-15-000522,AME,7629,7881,0.2176157087823165,0.2121140056228388,-0.0055017031594777055,False
E8B-0000040545-0000040545-15-000036,GE,7631,7883,0.21417569218671662,0.23183318865109945,0.017657496464382832,False
E8B-0000277948-0000277948-15-000015,CSX,7634,7886,0.2562658993257313,0.23485434563621047,-0.02141155368952083,False
E8B-0000927066-0001193125-15-128446,DVA,7634,7886,0.23254575205477057,0.2230732170550388,-0.009472534999731774,False
E8B-0000086312-0001104659-15-028878,TRV,7638,7890,0.214499384521228,0.22930416723636854,0.014804782715140546,False
E8B-0001137789-0001104659-15-029483,STX,7640,7892,0.3539549741993649,0.2741274449051303,-0.07982752929423459,False
E8B-0000945436-0000945436-15-000164,SUNE_old,7687,7892,0.5069953952433547,0.3793459285118331,-0.1276494667315216,True
E8B-0000006951-0001193125-15-147980,AMAT,7642,7894,0.25730231253743113,0.26207491040656944,0.004772597869138306,False
E8B-0001305014-0001305014-15-000030,ASH,7645,7897,0.24351392187240492,0.23156367945998743,-0.011950242412417489,False
E8B-0000005272-0001193125-15-161887,AIG,7646,7898,0.21139007529370035,0.21705145596313233,0.005661380669431976,False
E8B-0001070750-0001564590-15-003040,HST,7646,7898,0.25743146935042865,0.23891744266366097,-0.018514026686767687,False
E8B-0001546640-0001546640-15-000022,ADT_old,7707,7898,0.20875595573643355,0.2494990538816361,0.04074309814520255,True
E8B-0000033185-0001144204-15-027305,EFX,7648,7900,0.21132113673618702,0.23479596326840457,0.023474826532217552,False
E8B-0000703361-0001628280-15-003571,IDTI,7648,7900,0.297369801544828,0.3201041333820506,0.02273433183722262,False
E8B-0000874716-0001144204-15-027797,IDXX,7649,7901,0.24103205482465384,0.2744901111546186,0.033458056329964736,False
E8B-0000004962-0000004962-15-000048,AXP,7654,7906,0.2306658445709931,0.2163703538241022,-0.014295490746890904,False
E8B-0001037038-0000950142-15-001034,RL,7654,7906,0.2885569077284177,0.2562194575461591,-0.03233745018225859,False
E8B-0000054480-0001193125-15-186997,KSU,7656,7908,0.25251113630448874,0.24897163327060773,-0.0035395030338810085,False
E8B-0000746515-0000746515-15-000023,EXPD,7658,7910,0.2442820549331996,0.24673106105032347,0.0024490061171238697,False
E8B-0000946581-0001104659-15-039036,TTWO,7658,7910,0.23877997434799011,0.2764745163773588,0.0376945420293687,False
E8B-0000005513-0001193125-15-196165,UNM,7661,7913,0.22989453641559793,0.23916754304252508,0.00927300662692715,False
E8B-0001090872-0001090872-15-000029,A,7665,7917,0.22999367701462062,0.2424625918880019,0.012468914873381282,False
E8B-0000898173-0000898173-15-000141,ORLY,7666,7918,0.22237249688412483,0.24617218110563888,0.023799684221514045,False
E8B-0000078239-0000078239-15-000022,PVH,7667,7919,0.26262645603761964,0.2523797292197055,-0.010246726817914165,False
E8B-0000050863-0000050863-15-000038,INTC,7671,7923,0.2395973570756892,0.2455309614918546,0.005933604416165417,False
E8B-0000816284-0001571049-15-005083,CELG,7678,7930,0.2737225093510904,0.2667662676069378,-0.0069562417441526025,False
E8B-0000793952-0001104659-15-045915,HOG,7679,7931,0.2573969217162926,0.2373696927098534,-0.02002722900643919,False
E8B-0000056873-0001104659-15-047569,KR,7685,7937,0.24385798234466505,0.24152397407920664,-0.002334008265458404,False
E8B-0000096021-0001193125-15-239493,SYY,7687,7939,0.20971515129827886,0.24634850416753695,0.03663335286925809,False
E8B-0000075677-0000075677-15-000016,PKG,7702,7954,0.24729001119290395,0.26587012245289204,0.018580111259988097,False
E8B-0001058090-0001058090-15-000028,CMG,7702,7954,0.3226958801335943,0.2739946449547566,-0.048701235178837676,False
E8B-0001067701-0001067701-15-000024,URI,7703,7955,0.29440115739428874,0.31981942644258565,0.025418269048296915,False
E8B-0000006201-0001193125-15-261941,AAL,7704,7956,0.2996073232368887,0.2896175583962723,-0.009989764840616422,False
E8B-0000829224-0000829224-15-000026,SBUX,7704,7956,0.2281160391437653,0.22759739554010353,-0.0005186436036617725,False
E8B-0000764180-0000764180-15-000070,MO,7707,7959,0.21926951314178678,0.2441680515040407,0.02489853836225392,False
E8B-0001012100-0001564590-15-005824,SEE,7708,7960,0.253346030890359,0.2500997940589414,-0.003246236831417615,False
E8B-0001103982-0001193125-15-269412,MDLZ,7708,7960,0.23648922170910625,0.24149373999070897,0.005004518281602727,False
E8B-0000817720-0001193125-15-270846,SYNA,7709,7961,0.34830277186376574,0.31377650983543187,-0.034526262028333865,False
E8B-0001050915-0001193125-15-277549,PWR,7712,7964,0.26787046545836035,0.2751108677949943,0.007240402336633922,False
E8B-0000918646-0001193125-15-283958,EXP,7715,7967,0.25598619826428,0.26580006618011265,0.009813867915832664,False
E8B-0000051253-0001157523-15-002867,IFF,7716,7968,0.21027944453508804,0.23441050435452412,0.024131059819436085,False
E8B-0001107694-0001107694-15-000031,RAX,7716,7968,0.36362075130801863,0.3858806778476618,0.02225992653964315,False
E8B-0000012659-0001193125-15-309327,HRB,7732,7984,0.2728640821612441,0.22415186929770986,-0.04871221286353422,False
E8B-0000073309-0001144204-15-053493,NUE,7733,7985,0.24103084164911084,0.26378244820590346,0.02275160655679262,False
E8B-0000804753-0000804753-15-000041,CERN,7736,7988,0.248246121571685,0.25738269040349343,0.00913656883180844,False
E8B-0000350698-0000350698-15-000199,AN,7739,7991,0.25728668217360207,0.24323546778964572,-0.014051214383956345,False
E8B-0000865752-0001104659-15-064756,MNST,7739,7991,0.24340602289866337,0.26053519713555345,0.017129174236890088,False
E8B-0000097476-0001564590-15-008038,TXN,7744,7996,0.2129491730615641,0.264001812573373,0.05105263951180891,False
E8B-0001339048-0001339048-15-000060,WNR,7744,7996,0.3393877370501375,0.3172498054529564,-0.022137931597181082,False
E8B-0000807882-0001157523-15-003173,JACK,7745,7997,0.24078747947610246,0.28258257597753095,0.041795096501428486,False
E8B-0001467373-0001467373-15-000403,ACN,7747,7999,0.21302604714607745,0.23141828443140466,0.018392237285327212,False
E8B-0000912242-0001104659-15-068494,MAC,7752,8004,0.22932197413597882,0.24646348215351813,0.017141508017539303,False
E8B-0000072333-0000072333-15-000143,JWN,7754,8006,0.30617246915076324,0.2859916411626748,-0.020180827988088457,False
E8B-0001012620-0001193125-15-336505,GWR,7754,8006,0.2676227391758931,0.2885367743329408,0.020914035157047706,False
E8B-0000200406-0000200406-15-000056,JNJ,7760,8012,0.210708820165904,0.23870602088747095,0.027997200721566945,False
E8B-0000104169-0000104169-15-000049,WMT,7762,8014,0.22623405319877804,0.24413823652657696,0.017904183327798917,False
E8B-0001082554-0001104659-15-070746,UTHR,7762,8014,0.2949030593117032,0.3008497771087587,0.005946717797055523,False
E8B-0001452575-0001452575-15-000045,MJN,7767,8019,0.24644450920149338,0.26272097533138794,0.016276466129894557,False
E8B-0000038777-0000038777-15-000261,BEN,7768,8020,0.25375395151679836,0.24324569004753493,-0.010508261469263425,False
E8B-0000791915-0001564590-15-008551,CY,7768,8020,0.27593797496533057,0.3013361888458049,0.025398213880474307,False
E8B-0000024741-0000024741-15-000054,GLW,7770,8022,0.21843557158236157,0.25450541620925643,0.03606984462689486,False
E8B-0000728535-0001437749-15-018852,JBHT,7770,8022,0.22635225866876263,0.22922251529831408,0.0028702566295514542,False
E8B-0001286681-0001193125-15-354925,DPZ,7771,8023,0.21475035886849142,0.27096645331488256,0.05621609444639114,False
E8B-0000871763-0000871763-15-000050,MAN,7773,8025,0.25068149344072355,0.24174162630169396,-0.008939867139029584,False
E8B-0001060391-0001060391-15-000043,RSG,7773,8025,0.21468105087578596,0.23824697581041587,0.023565924934629917,False
E8B-0001403161-0001193125-15-361234,V,7774,8026,0.21510307298241232,0.22967548200168408,0.01457240901927176,False
E8B-0000070318-0001193125-15-362369,THC,7775,8027,0.37204734415371193,0.31901891240267205,-0.053028431751039884,False
E8B-0001437107-0001437107-15-000050,DISCA,7775,8027,0.2890011451018219,0.27223646018873915,-0.01676468491308275,False
E8B-0000865436-0001171843-15-005986,WFM,7777,8029,0.2771055994257736,0.2782467418229764,0.0011411423972027546,False
E8B-0001037646-0001037646-15-000031,MTD,7778,8030,0.19828195276609129,0.2326095209332439,0.03432756816715263,False
E8B-0001108109-0001193125-15-371010,CYH,7779,8031,0.5154130896186928,0.37812073765293613,-0.13729235196575668,False
E8B-0000943452-0001193125-15-372166,WAB,7780,8032,0.26103511027910437,0.2690863845586064,0.00805127427950203,False
E8B-0000026172-0000897069-15-000515,CMI,7783,8035,0.23032199577018006,0.2803493405994685,0.05002734482928842,False
E8B-0000356028-0001193125-15-380228,CA_old,7786,8038,0.23274494260175665,0.24992518427610808,0.01718024167435142,False
E8B-0000036270-0001193125-15-380788,MTB,7787,8039,0.22644103955752656,0.25073770570178083,0.02429666614425427,False
E8B-0000320187-0000320187-15-000226,NKE,7788,8040,0.2680610529082698,0.24087496719427381,-0.027186085713996,False
E8B-0001015780-0001157523-15-003900,ETFC,7788,8040,0.26530024029752197,0.2960375666869,0.03073732638937804,False
E8B-0001062449-0001062449-15-000044,BWLD,7790,8042,0.28080223678021426,0.29724982476837736,0.016447587988163093,False
E8B-0000203527-0001144204-15-068100,VAR,7792,8044,0.24221737064452084,0.25944207733051,0.01722470668598916,False
E8B-0000029534-0001104659-15-082594,DG,7796,8048,0.2610841964337783,0.2739600536464862,0.012875857212707897,False
E8B-0001532063-0001193125-15-394417,ESRX,7797,8049,0.26432400454004107,0.26035773121788236,-0.003966273322158709,False
E8B-0001022079-0001022079-15-000157,DGX,7798,8050,0.22384072624890666,0.2599798499319018,0.036139123682995156,False
E8B-0001041061-0001041061-15-000043,YUM,7802,8054,0.22822592111465434,0.25760851249787065,0.029382591383216305,False
E8B-0001137774-0001193125-15-399684,PRU,7802,8054,0.2391875499684967,0.28720310135732835,0.04801555138883165,False
E8B-0001593538-0001193125-15-400230,NAVI,7802,8054,0.2965821568748274,0.36018840846009836,0.06360625158527095,False
E8B-0000012927-0000012927-15-000083,BA,7805,8057,0.26231724847667276,0.28219035339725335,0.019873104920580587,False
E8B-0001498301-0001193125-15-404029,ASNA,7805,8057,0.4167611716386327,0.4095346513873535,-0.007226520251279178,False
E8B-0000940944-0000940944-15-000085,DRI,7807,8059,0.2361922667544498,0.2719186463874365,0.03572637963298672,False
E8B-0000098246-0000098246-16-000164,TIF,7829,8081,0.25043147069154187,0.2853571645585216,0.034925693866979746,False
E8B-0000877890-0001157523-16-004309,CTXS,7833,8085,0.24045263383273363,0.27210640550916765,0.03165377167643402,False
E8B-0001206264-0001206264-16-000100,TPX,7838,8090,0.3682021342270942,0.3485158178463606,-0.019686316380733593,False
E8B-0000100493-0000100493-16-000174,TSN,7839,8091,0.2832310187892213,0.3061155130464456,0.022884494257224275,False
E8B-0000720005-0000720005-16-000098,RJF,7839,8091,0.22789749049060326,0.30708764155264845,0.07919015106204519,False
E8B-0000042582-0001193125-16-454680,GT,7841,8093,0.2694539252746564,0.2918393460808386,0.02238542080618222,False
E8B-0000858877-0001193125-16-457586,CSCO,7843,8095,0.21629611394209247,0.25307499879264916,0.03677888485055669,False
E8B-0001018724-0001018724-16-000176,AMZN,7843,8095,0.2409930556648736,0.306469926645742,0.0654768709808684,False
E8B-0000051644-0000051644-16-000046,IPG,7845,8097,0.24118810934509766,0.26920812404086325,0.028020014695765594,False
E8B-0000006281-0001157523-16-004606,ADI,7846,8098,0.24603138237844735,0.31388169215768347,0.06785030977923612,False
E8B-0001645494-0001193125-16-467174,ARRS,7847,8099,0.283371222435537,0.3282114469145668,0.0448402244790298,False
E8B-0000832988-0001157523-16-004769,SIG,7855,8107,0.35711538377383234,0.2915343378432127,-0.06558104593061964,False
E8B-0001326380-0001326380-16-000273,GME,7856,8108,0.31927932645881496,0.3022186914186832,-0.017060635040131777,False
E8B-0001385157-0001104659-16-102023,TEL,7857,8109,0.2354169776590407,0.2745680758974241,0.03915109823838339,False
E8B-0001514991-0001514991-16-000045,AMCX,7860,8112,0.3122998251286988,0.30498436518019406,-0.007315459948504743,False
E8B-0000919012-0001193125-16-505238,AEO,7866,8118,0.32398955914425503,0.31484499930501114,-0.009144559839243893,False
E8B-0001341439-0001193125-16-505164,ORCL,7866,8118,0.243631087049468,0.26914609491360525,0.02551500786413724,False
E8B-0000719955-0001193125-16-506695,WSM,7867,8119,0.29973594345141136,0.2894721276739046,-0.010263815777506735,False
E8B-0000019617-0001193125-16-508869,JPM,7868,8120,0.2216177009028413,0.28421095373444943,0.06259325283160813,False
E8B-0000070858-0000070858-16-000144,BAC,7868,8120,0.23727781591449246,0.32563730637272864,0.08835949045823618,False
E8B-0001089063-0001089063-16-000104,DKS,7870,8122,0.3039901852821872,0.3039065815464616,-8.360373572557922e-05,False
E8B-0000106640-0000106640-16-000081,WHR,7889,8141,0.29756541204538967,0.28983139028572513,-0.007734021759664533,False
E8B-0001048695-0001048695-16-000033,FFIV,7891,8143,0.25727031797437705,0.2994335452495651,0.042163227275188064,False
E8B-0001174922-0001174922-16-000171,WYNN,7891,8143,0.31863299961756364,0.3551127406297521,0.03647974101218848,False
E8B-0001024478-0001024478-16-000041,ROK,7895,8147,0.2394155276689039,0.29349274742372006,0.054077219754816164,False
E8B-0001359841-0001359841-16-000359,HBI,7896,8148,0.3180934507597376,0.2874238173101726,-0.030669633449565026,False
E8B-0000880631-0001193125-16-566179,WETF,7897,8149,0.4306347489496682,0.3922648383823106,-0.03836991056735761,False
E8B-0001000228-0001000228-16-000063,HSIC,7899,8151,0.2594794313578677,0.2672631009614172,0.007783669603549481,False
E8B-0001578845-0001144204-16-100120,AGN,7904,8156,0.2930312472106104,0.30809553608996915,0.015064288879358734,False
E8B-0001037038-0000950142-16-003709,RL,7906,8158,0.324427424154466,0.30864091932830773,-0.015786504826158287,False
E8B-0000743988-0000743988-16-000060,XLNX,7909,8161,0.2341337587448014,0.29563557378832717,0.061501815043525754,False
E8B-0000707549-0001193125-16-598317,LRCX,7914,8166,0.227020355568345,0.32823597991076353,0.10121562434241854,False
E8B-0000005513-0001193125-16-603319,UNM,7917,8169,0.2583474348402613,0.29484668658075913,0.03649925174049784,False
E8B-0000800240-0001193125-16-607286,ODP,7918,8170,0.32105148619013774,0.3796859146232754,0.05863442843313765,False
E8B-0000898173-0000898173-16-000339,ORLY,7918,8170,0.2856954536247759,0.2768079137155486,-0.008887539909227304,False
E8B-0001339048-0001339048-16-000155,WNR,8053,8172,0.23160574369872122,0.22255342173861076,-0.009052321960110465,True
E8B-0001087423-0001193125-16-628928,RHT,7935,8187,0.26492058821506503,0.3067919605726507,0.041871372357585646,False
E8B-0000730255-0001206774-16-006289,CAMP_old,7939,8191,0.2690179190517377,0.3290734478829887,0.06005552883125098,False
E8B-0000036104-0001299933-16-002678,USB,7940,8192,0.23296021638306819,0.2742350365632573,0.04127482018018913,False
E8B-0000927628-0000927628-16-000185,COF,7940,8192,0.2507426837596797,0.29363045292492707,0.04288776916524739,False
E8B-0001170010-0001170010-16-000147,KMX,7942,8194,0.2836679170448144,0.3255586195001906,0.04189070245537618,False
E8B-0001601712-0001601712-16-000137,SYF,7945,8197,0.2786918504144172,0.2985158002202493,0.01982394980583213,False
E8B-0001281761-0001281761-16-000144,RF,7950,8202,0.2642470089135917,0.338714965077192,0.0744679561636003,False
E8B-0000100517-0001193125-16-651195,UAL,7953,8205,0.27602021487314166,0.34058888559014056,0.0645686707169989,False
E8B-0000822416-0000822416-16-000081,PHM,7954,8206,0.2834573960286083,0.3109597488499947,0.02750235282138641,False
E8B-0000875045-0000875045-16-000063,BIIB,7954,8206,0.314047696996122,0.3181496308243274,0.004101933828205395,False
E8B-0001065088-0001065088-16-000314,EBAY,7954,8206,0.2571070549153674,0.29303640664504693,0.03592935172967954,False
E8B-0000004127-0000004127-16-000057,SWKS,7955,8207,0.28326401896878645,0.36110145186816617,0.07783743289937972,False
E8B-0001275283-0001193125-16-657263,RAI,7957,8208,0.25808532170475246,0.3029623427993836,0.04487702109463115,True
E8B-0000859737-0001144204-16-114705,HOLX,7959,8211,0.2671080067042181,0.29287803463646417,0.025770027932246087,False
E8B-0000914208-0000914208-16-001071,IVZ,7959,8211,0.2517822262979105,0.28324023284173794,0.03145800654382741,False
E8B-0001082923-0001140361-16-073941,STMP,7961,8213,0.3240544080124831,0.42800206089481035,0.10394765288232727,False
E8B-0000005272-0001193125-16-668375,AIG,7963,8215,0.2565750759757185,0.2814584736676258,0.024883397691907283,False
E8B-0001571949-0001571049-16-017027,ICE,7963,8215,0.24510940609679716,0.2718880559712293,0.026778649874432126,False
E8B-0000003116-0001171843-16-011501,AKRX,7964,8216,0.386279824697589,0.4041516156446573,0.01787179094706831,False
E8B-0000006769-0001673379-16-000014,APA,7965,8217,0.34088936618818655,0.33018896103622153,-0.01070040515196502,False
E8B-0000068505-0001193125-16-671842,MSI,7965,8217,0.25197463113201385,0.29127838955941393,0.03930375842740008,False
E8B-0001058290-0001058290-16-000072,CTSH,7965,8217,0.2862039991871178,0.32162575945233546,0.03542176026521765,False
E8B-0001624899-0001193125-16-675914,STE,7967,8219,0.26357330503044796,0.29262785745085573,0.029054552420407775,False
E8B-0000865436-0001171843-17-002921,WFM,8157,8232,0.18097772645285656,0.20061738016447417,0.019639653711617605,True
E8B-0000866787-0001171843-16-012220,AZO,7998,8250,0.3362991537540974,0.29509701212689965,-0.041202141627197764,False
E8B-0000807882-0001157523-16-006763,JACK,7999,8251,0.3054480334416308,0.30616109746094744,0.0007130640193166449,False
E8B-0000004962-0000004962-16-000195,AXP,8002,8254,0.24728289758448685,0.3001914034827889,0.05290850589830204,False
E8B-0000723531-0000723531-16-000049,PAYX,8003,8255,0.26593419492316334,0.27978616809513296,0.013851973171969623,False
E8B-0000079879-0000079879-16-000112,PPG,8010,8262,0.2664995301203192,0.2968034898424702,0.030303959722150997,False
E8B-0000764180-0000764180-16-000196,MO,8012,8264,0.28478186225557756,0.29827954390799083,0.013497681652413274,False
E8B-0000047217-0001104659-16-150081,HPQ,8014,8266,0.2740608813472454,0.33966474236611505,0.06560386101886967,False
E8B-0001022671-0001104659-16-151077,STLD,8019,8271,0.3124391230804703,0.3784010251479767,0.0659619020675064,False
E8B-0001058090-0001058090-16-000086,CMG,8022,8274,0.3904559725971586,0.3447162218763697,-0.045739750720788896,False
E8B-0001278021-0001193125-16-747223,MKTX,8022,8274,0.30750979343285323,0.3347409591405874,0.02723116570773415,False
E8B-0000014272-0000014272-16-000490,BMY,8023,8275,0.2804538402631974,0.3088144849369274,0.028360644673730007,False
E8B-0001408198-0001157523-16-007056,MSCI,8023,8275,0.2537671060154041,0.3118465218179287,0.058079415802524625,False
E8B-0000350698-0000350698-16-000352,AN,8024,8276,0.3374049370513748,0.3572285865560989,0.019823649504724095,False
E8B-0000874766-0000874766-16-000071,HIG,8024,8276,0.2545007988794386,0.2914252334951878,0.03692443461574918,False
E8B-0000916365-0000916365-16-000202,TSCO,8027,8279,0.3346432090560316,0.3305032151721746,-0.004139993883856996,False
E8B-0000313927-0001564590-16-027161,CHD,8028,8280,0.29381591455780526,0.29790396273037834,0.004088048172573078,False
E8B-0001604778-0001604778-16-000207,QRVO,8029,8281,0.30990843356428976,0.3788093274539394,0.06890089388964965,False
E8B-0000064803-0000064803-16-000096,CVS,8031,8283,0.33313130337637054,0.33802379415676687,0.00489249078039633,False
E8B-0000866121-0000866121-16-000102,OA,8031,8283,0.25500140266944843,0.341407132268499,0.08640572959905057,False
E8B-0001099219-0001193125-16-765107,MET,8033,8285,0.27517823448194473,0.29937987860132015,0.02420164411937542,False
E8B-0001045810-0001045810-16-000343,NVDA,8034,8286,0.31108023655556016,0.4725667592897279,0.16148652273416775,False
E8B-0000804753-0000804753-16-000094,CERN,8036,8288,0.2778832518947534,0.32233832931267803,0.04445507741792465,False
E8B-0000860730-0001193125-16-768058,HCA,8036,8288,0.3156010706630934,0.3248564629703009,0.00925539230720751,False
E8B-0000100885-0000100885-16-000457,UNP,8039,8291,0.2835496970301181,0.3135947534441547,0.030045056414036597,False
E8B-0000016918-0000016918-16-000113,STZ,8041,8293,0.28373601133239607,0.337864615639372,0.054128604306975914,False
E8B-0001099800-0001099800-16-000080,EW,8044,8296,0.2972190488029449,0.33986020194887906,0.04264115314593414,False
E8B-0001555280-0001555280-16-000494,ZTS,8051,8303,0.2611388018525856,0.31312858089715084,0.051989779044565254,False
E8B-0001035267-0001035267-16-000248,ISRG,8056,8308,0.2662625470607134,0.35109713190872033,0.08483458484800693,False
E8B-0001137774-0001193125-16-793941,PRU,8058,8310,0.28651975475799163,0.30759971973364625,0.02107996497565462,False
E8B-0000026172-0000897069-16-001140,CMI,8059,8311,0.2705668753149988,0.31363389439514716,0.04306701908014837,False
E8B-0001467858-0001467858-17-000022,GM,8074,8318,0.29514669754331674,0.31930675512508605,0.024160057581769312,False
E8B-0001681459-0001193125-17-010419,FTI,8077,8318,0.3937517957215695,0.39093536837000986,-0.002816427351559625,False
E8B-0000796343-0000796343-17-000026,ADBE,8078,8318,0.2764587547848884,0.35141080331684144,0.07495204853195303,False
E8B-0000723612-0001193125-17-015325,CAR,8082,8318,0.4062432168216624,0.4580807263744532,0.05183750955279076,False
E8B-0000217346-0001104659-17-003911,TXT,8083,8318,0.28731001602318307,0.32574084122694436,0.03843082520376129,False
E8B-0001062449-0001062449-17-000004,BWLD,8083,8318,0.37648888777921075,0.39788262354750975,0.021393735768299005,False
E8B-0001593538-0001193125-17-016712,NAVI,8083,8318,0.34622031426880107,0.3433115676281971,-0.0029087466406039764,False
E8B-0000820313-0001558370-17-000189,APH,8084,8318,0.2514185391919025,0.2947570920247872,0.043338552832884736,False
E8B-0001166691-0001104659-17-004122,CMCSA,8084,8318,0.3033999786635477,0.3238477031843985,0.020447724520850807,False
E8B-0000006201-0001193125-17-020515,AAL,8085,8318,0.31662529020479424,0.3305163227202235,0.01389103251542928,False
E8B-0001004434-0001193125-17-022621,AMG,8086,8318,0.25461436470204535,0.31421052068315525,0.0595961559811099,False
E8B-0000713676-0001193125-17-023637,PNC,8087,8318,0.26476245381878244,0.30096270173685985,0.03620024791807741,False
E8B-0000898174-0000898174-17-000005,RGA,8087,8318,0.2524346570274716,0.2859407743557361,0.03350611732826453,False
E8B-0000042582-0001193125-17-033923,GT,8093,8318,0.2907733247733651,0.3039234978154935,0.013150173042128399,False
E8B-0001466258-0001466258-17-000025,TT,8093,8318,0.2599781825366467,0.28152546803095596,0.021547285494309287,False
E8B-0001365135-0001365135-17-000004,WU,8095,8318,0.26906972279130675,0.2695896258313587,0.00051990304005195,False
E8B-0000701221-0000950159-17-000051,CI,8098,8318,0.24854586464814937,0.30247188629719757,0.053926021649048195,False
E8B-0000912242-0001193125-17-043480,MAC,8098,8318,0.29936674891272164,0.3123306993881527,0.012963950475431085,False
E8B-0001206264-0001206264-17-000018,TPX,8099,8318,0.3031216115935881,0.3475255249971251,0.044403913403537,False
E8B-0001526520-0001564590-17-001633,TRIP,8099,8318,0.4011856771658015,0.35917852189188043,-0.04200715527392107,False
E8B-0000899866-0000899866-17-000041,ALXN,8100,8318,0.35047737479363106,0.35011524284857687,-0.00036213194505418933,False
E8B-0000354950-0000354950-17-000002,HD,8101,8318,0.23257701404420567,0.2811096170421386,0.04853260299793294,False
E8B-0000072333-0000072333-17-000003,JWN,8102,8318,0.3167016142544101,0.3375283565091069,0.020826742254696773,False
E8B-0001053532-0001053532-17-000009,LHO,8103,8318,0.2750423422438835,0.28004240884203513,0.005000066598151609,False
E8B-0001070750-0001564590-17-001952,HST,8103,8318,0.2636701069620723,0.2868604025790975,0.02319029561702518,False
E8B-0001575515-0001564590-17-002106,SFM,8104,8318,0.31216484908007036,0.36467989896804004,0.05251504988796968,False
E8B-0000745732-0000745732-17-000002,ROST,8107,8318,0.27833446627639374,0.31711544181695484,0.03878097554056109,False
E8B-0000764478-0000764478-17-000005,BBY,8107,8318,0.28571449154011747,0.3705911800292018,0.08487668848908436,False
E8B-0000865752-0001104659-17-013039,MNST,8108,8318,0.2569383486158,0.30106670668687474,0.044128358071074736,False
E8B-0000732712-0001193125-17-069284,VZ,8110,8318,0.2545529777427682,0.2752724582588078,0.020719480516039612,False
E8B-0000726958-0000726958-17-000010,CASY,8111,8318,0.27254496205118234,0.28196938258365145,0.009424420532469113,False
E8B-0000768835-0000768835-17-000005,BIG,8111,8318,0.2783516099583942,0.29904895738064496,0.020697347422250767,False
E8B-0001260221-0001193125-17-074698,TDG,8113,8318,0.2572925389104038,0.2925948689393191,0.03530233002891525,False
E8B-0000016732-0000016732-17-000027,CPB,8123,8318,0.27716259819703165,0.25883685276605173,-0.018325745430979923,False
E8B-0001012100-0001193125-17-096513,SEE,8125,8318,0.23504305795760402,0.2577221898746225,0.022679131917018452,False
E8B-0000103379-0001157523-17-000911,VFC,8128,8318,0.22996502305315591,0.2804005464211023,0.05043552336794638,False
E8B-0001688568-0001193125-17-113595,DXC,8134,8318,0.23854739741829828,0.2784597090684008,0.039912311650102505,False
E8B-0000086312-0001104659-17-024698,TRV,8142,8318,0.22849814373823055,0.2545294067840417,0.02603126304581113,False
E8B-0001403161-0001403161-17-000026,V,8143,8318,0.22792060837048855,0.2625497313027364,0.03462912293224785,False
E8B-0000028412-0000028412-17-000070,CMA,8145,8318,0.23623389183405566,0.2747138748789077,0.038479983044852034,False
E8B-0000728535-0001437749-17-007048,JBHT,8145,8318,0.23563795926914002,0.2760786786188889,0.04044071934974888,False
E8B-0001633917-0001633917-17-000073,PYPL,8147,8318,0.23471306795533087,0.3048662888003275,0.07015322084499664,False
E8B-0000050863-0000050863-17-000028,INTC,8148,8318,0.2218218512391976,0.26678970190908813,0.044967850669890536,False
E8B-0001082554-0001104659-17-027093,UTHR,8148,8318,0.28214986100384976,0.3255017472856072,0.04335188628175746,False
E8B-0000008818-0001104659-17-027783,AVY,8149,8318,0.20768399388336917,0.26240298502006987,0.0547189911367007,False
E8B-0001528849-0001193125-17-158932,RH,8153,8318,0.35811216255199585,0.47049447862759525,0.1123823160755994,False
E8B-0000874716-0001144204-17-024774,IDXX,8154,8318,0.2418178920217029,0.23981377844298074,-0.0020041135787221553,False
E8B-0001000228-0001000228-17-000021,HSIC,8155,8318,0.2772554536316603,0.23971159966915112,-0.0375438539625092,False
E8B-0000712515-0000712515-17-000025,EA,8156,8318,0.2633068719828846,0.2608927464285865,-0.0024141255542980966,False
E8B-0000062996-0000062996-17-000022,MAS,8161,8318,0.21036163232667812,0.2410648023954381,0.030703170068759972,False
E8B-0001050915-0001193125-17-185772,PWR,8169,8318,0.2228021072493091,0.26284560921188255,0.04004350196257345,False
E8B-0000019617-0000019617-17-000452,JPM,8191,8318,0.21121098820403478,0.24038343588794076,0.029172447683905978,False
E8B-0000023217-0001193125-17-217442,CAG,8191,8318,0.22559186081287289,0.23433300222192832,0.008741141409055436,False
E8B-0000070858-0000070858-17-000028,BAC,8191,8318,0.2133837728618096,0.24910203128903402,0.035718258427224425,False
E8B-0000091576-0001193125-17-216650,KEY,8191,8318,0.22769555538317407,0.24528085208192962,0.017585296698755554,False
E8B-0001144215-0001144215-17-000070,AYI,8192,8318,0.2688734180777143,0.25733536717439354,-0.011538050903320773,False
E8B-0001297996-0001193125-17-224675,DLR,8197,8318,0.24233297657842895,0.25038077437486744,0.008047797796438494,False
E8B-0000815556-0000815556-17-000031,FAST,8199,8318,0.24092595002116188,0.2762358393211809,0.03530988930001902,False
E8B-0000036270-0001193125-17-230281,MTB,8204,8318,0.22727390825356314,0.23669184057998427,0.00941793232642113,False
E8B-0000277948-0000277948-17-000041,CSX,8204,8318,0.25511885930644,0.2675567079776022,0.01243784867116221,False
E8B-0001506307-0001506307-17-000032,KMI,8205,8318,0.2446672813321524,0.22898193708931444,-0.015685344242837962,False
E8B-0000049196-0000049196-17-000039,HBAN,8206,8318,0.2180767254296634,0.23701663129696576,0.018939905867302376,False
E8B-0001015780-0001157523-17-002015,ETFC,8206,8318,0.21374281399560988,0.24783240258073566,0.034089588585125785,False
E8B-0001065088-0001065088-17-000026,EBAY,8206,8318,0.2395568951520239,0.24829112467051956,0.008734229518495645,False
E8B-0001262039-0001262039-17-000025,FTNT,8210,8318,0.22851057976098407,0.2499231537355864,0.021412573974602334,False
E8B-0000310568-0000310568-17-000121,MSCC,8211,8318,0.2419385547289874,0.23596843597116507,-0.005970118757822329,False
E8B-0000899051-0000899051-17-000043,ALL,8214,8318,0.20600881161858633,0.22861070601376435,0.022601894395178013,False
E8B-0001286681-0001193125-17-244950,DPZ,8214,8318,0.2451838254108326,0.24896686132753387,0.0037830359167012606,False
E8B-0000054480-0000054480-17-000148,KSU,8224,8318,0.2161093921104883,0.21650873770919035,0.00039934559870205555,False
E8B-0000040987-0001299933-17-000854,GPC,8228,8318,0.21164644090680226,0.23836346158466193,0.026717020677859665,False
E8B-0000912615-0001193125-17-268123,URBN,8232,8318,0.20256616305932218,0.28895992932493836,0.08639376626561618,False
E8B-0000898173-0000898173-17-000160,ORLY,8237,8318,0.2156114725545699,0.2528148213981685,0.03720334884359863,False
E8B-0000789570-0001193125-17-276757,MGM,8238,8318,0.21456653822310515,0.2188143004059286,0.004247762182823467,False
E8B-0000857005-0001654954-17-008582,PTC,8248,8318,0.20576370561742002,0.22062307251867533,0.014859366901255305,False
E8B-0001678531-0001678531-17-000175,EVHC,8248,8318,0.2865408626193619,0.2697513696931912,-0.016789492926170713,False
E8B-0000773910-0001193125-17-289433,APC_old,8249,8318,0.2185622347004792,0.24102507804598877,0.022462843345509576,False
E8B-0000097476-0001564590-17-018928,TXN,8250,8318,0.1818692711829816,0.21444212756730635,0.03257285638432475,False
E8B-0001645590-0001645590-17-000002,HPE,8269,8318,0.21279539651095794,0.21748654593962885,0.00469114942867091,False
E8B-0001142596-0001564590-17-019866,NUVA,8273,8318,0.1993533917008338,0.20308851787731336,0.0037351261764795585,False
E8B-0000047111-0000047111-17-000039,HSY,8274,8318,0.1939249715917358,0.20596293300484075,0.012037961413104953,False
E8B-0001048695-0001048695-17-000026,FFIV,8274,8318,0.19305636782664962,0.21132519352904314,0.01826882570239352,False
E8B-0000814453-0001193125-17-330197,NWL,8279,8318,0.21608166866593614,0.21164289682195245,-0.0044387718439836965,False
E8B-0001320695-0001564590-17-020969,THS,8279,8318,0.22267440134662125,0.21936473737720452,-0.003309663969416732,False
E8B-0001060391-0001060391-17-000045,RSG,8280,8318,0.18861950373871272,0.19848993070901294,0.009870426970300217,False
E8B-0001082923-0001140361-17-041097,STMP,8282,8318,0.19974450640280272,0.20890814805674715,0.009163641653944427,False
E8B-0001524741-0001193125-17-335032,SLCA,8282,8318,0.2162142963209427,0.21050346084349894,-0.005710835477443749,False
E8B-0001001039-0001001039-17-000192,DIS,8285,8318,0.19654598658324898,0.20361297758765465,0.007066991004405665,False
E8B-0001289490-0001628280-17-011391,EXR,8286,8318,0.1916981735273095,0.1957894728768547,0.004091299349545191,False
E8B-0000877890-0001193125-17-341922,CTXS,8288,8318,0.1857510553833282,0.19229690993482043,0.006545854551492231,False
E8B-0001483510-0001483510-17-000089,EXPR,8298,8318,0.19801573320122332,0.23340821436876033,0.035392481167537015,False
E8B-0001627223-0001564590-17-024430,CC,8300,8318,0.20614449701988652,0.19919437680272373,-0.006950120217162792,False
E8B-0001040971-0001104659-17-071531,SLG,8301,8318,0.1920099758243351,0.1833414032018776,-0.008668572622457488,False
E8B-0000936395-0000936395-17-000057,CIEN,8303,8318,0.1986751153713414,0.1926726908811599,-0.006002424490181485,False
E8B-0000100517-0001193125-17-363913,UAL,8304,8318,0.18406273444187454,0.1907412888053754,0.006678554363500844,False
E8B-0001053507-0001053507-17-000062,AMT,8304,8318,0.18520912751218985,0.18428233837822802,-0.000926789133961825,False
E8B-0000012927-0000012927-17-000082,BA,8306,8318,0.18219261005833556,0.1853687342064872,0.0031761241481516322,False
E8B-0000049071-0001193125-17-368814,HUM,8308,8318,0.18900857369998522,0.18358908883466082,-0.005419484865324398,False
E8B-0001341439-0001193125-17-369491,ORCL,8309,8318,0.18222103544942214,0.17852092869511005,-0.0037001067543120936,False
